{"id":"0JpkOdEp5Yv9M4xXHOLyWi","description":"Scientist Lex Fridman researches human-centered artificial intelligence and autonomous vehicles at MIT, and studies Brazilian Jiu-Jitsu in his spare time. Check out his podcast “Lex Fridman Podcast”, available now on Spotify. ","languages":["en-US"],"is_playable":true,"uri":"spotify:episode:0JpkOdEp5Yv9M4xXHOLyWi","href":"https:\/\/api.spotify.com\/v1\/episodes\/0JpkOdEp5Yv9M4xXHOLyWi","release_date_precision":"day","show":{"languages":["en-US"],"id":"4rOoJ6Egrf8K2IrywzwOMk","description":"The official podcast of comedian Joe Rogan. Follow The Joe Rogan Clips show page for some of the best moments from the episodes.","uri":"spotify:show:4rOoJ6Egrf8K2IrywzwOMk","href":"https:\/\/api.spotify.com\/v1\/shows\/4rOoJ6Egrf8K2IrywzwOMk","media_type":"mixed","total_episodes":1718,"available_markets":["AD","AE","AL","AR","AT","AU","BA","BE","BG","BH","BO","BR","CA","CH","CL","CO","CR","CY","CZ","DE","DK","DO","DZ","EC","EE","ES","FI","FR","GB","GR","GT","HK","HN","HR","HU","ID","IE","IL","IN","IS","IT","JO","JP","KW","LB","LI","LT","LU","LV","MA","MC","ME","MK","MT","MX","MY","NI","NL","NO","NZ","OM","PA","PE","PH","PL","PS","PT","PY","QA","RO","RS","SE","SG","SI","SK","SV","TH","TN","TR","TW","US","UY","VN","XK","ZA"],"is_externally_hosted":false,"copyrights":[],"explicit":true,"publisher":"Joe Rogan","type":"show","images":[{"width":640,"url":"https:\/\/i.scdn.co\/image\/f540d1009c00abb3ebc00ba40e3eccf55e422b09","height":640},{"width":300,"url":"https:\/\/i.scdn.co\/image\/e0dc3ecddee8a4790e4e8e9a553cd5335998a0a2","height":300},{"width":64,"url":"https:\/\/i.scdn.co\/image\/7a2d3adba2888733ff4ebe3532188806ef84bbf7","height":64}],"external_urls":{"spotify":"https:\/\/open.spotify.com\/show\/4rOoJ6Egrf8K2IrywzwOMk"},"name":"The Joe Rogan Experience"},"is_externally_hosted":false,"audio_preview_url":"https:\/\/p.scdn.co\/mp3-preview\/e085e752bbe3b7c30e72d846eb57f6909e455a79","explicit":true,"resume_point":{"resume_position_ms":0,"fully_played":false},"duration_ms":10882155,"type":"episode","release_date":"2020-09-16","images":[{"width":640,"url":"https:\/\/i.scdn.co\/image\/c41c3b76f5a5ce6a64f17c632f383eeb17f17e9d","height":640},{"width":640,"url":"https:\/\/i.scdn.co\/image\/c41c3b76f5a5ce6a64f17c632f383eeb17f17e9d","height":640},{"width":300,"url":"https:\/\/i.scdn.co\/image\/76d94cf1200cd9db1cf3d08a84a2645447f1f3e0","height":300},{"width":64,"url":"https:\/\/i.scdn.co\/image\/38f952b3634a8f9ced242616cc69699c9d97901f","height":64}],"name":"#1537 - Lex Fridman","external_urls":{"spotify":"https:\/\/open.spotify.com\/episode\/0JpkOdEp5Yv9M4xXHOLyWi"}}