{"id":"5sNggu9wR9lF84tf7VnxDL","description":"Former CIA contractor turned whistleblower Edward Snowden shocked the world when he revealed the misdeeds of the US intelligence community and its allies. Now living in Russia, he is a noted privacy advocate and author who serves as president of the Freedom of the Press Foundation. His book, Permanent Record, is now available in paperback from Henry Holt and Company. ","languages":["en-US"],"is_playable":true,"uri":"spotify:episode:5sNggu9wR9lF84tf7VnxDL","href":"https:\/\/api.spotify.com\/v1\/episodes\/5sNggu9wR9lF84tf7VnxDL","release_date_precision":"day","show":{"languages":["en-US"],"id":"4rOoJ6Egrf8K2IrywzwOMk","description":"The official podcast of comedian Joe Rogan. Follow The Joe Rogan Clips show page for some of the best moments from the episodes.","uri":"spotify:show:4rOoJ6Egrf8K2IrywzwOMk","href":"https:\/\/api.spotify.com\/v1\/shows\/4rOoJ6Egrf8K2IrywzwOMk","media_type":"mixed","total_episodes":1718,"available_markets":["AD","AE","AL","AR","AT","AU","BA","BE","BG","BH","BO","BR","CA","CH","CL","CO","CR","CY","CZ","DE","DK","DO","DZ","EC","EE","ES","FI","FR","GB","GR","GT","HK","HN","HR","HU","ID","IE","IL","IN","IS","IT","JO","JP","KW","LB","LI","LT","LU","LV","MA","MC","ME","MK","MT","MX","MY","NI","NL","NO","NZ","OM","PA","PE","PH","PL","PS","PT","PY","QA","RO","RS","SE","SG","SI","SK","SV","TH","TN","TR","TW","US","UY","VN","XK","ZA"],"is_externally_hosted":false,"copyrights":[],"explicit":true,"publisher":"Joe Rogan","type":"show","images":[{"width":640,"url":"https:\/\/i.scdn.co\/image\/f540d1009c00abb3ebc00ba40e3eccf55e422b09","height":640},{"width":300,"url":"https:\/\/i.scdn.co\/image\/e0dc3ecddee8a4790e4e8e9a553cd5335998a0a2","height":300},{"width":64,"url":"https:\/\/i.scdn.co\/image\/7a2d3adba2888733ff4ebe3532188806ef84bbf7","height":64}],"external_urls":{"spotify":"https:\/\/open.spotify.com\/show\/4rOoJ6Egrf8K2IrywzwOMk"},"name":"The Joe Rogan Experience"},"is_externally_hosted":false,"audio_preview_url":"https:\/\/p.scdn.co\/mp3-preview\/65ac85b7f3a1232c06ebb275d45a2a819f324db2","explicit":true,"resume_point":{"resume_position_ms":0,"fully_played":false},"duration_ms":8919957,"type":"episode","release_date":"2020-09-15","images":[{"width":640,"url":"https:\/\/i.scdn.co\/image\/b7324abc74a5c442e99aa279ecce9595921b8b17","height":640},{"width":640,"url":"https:\/\/i.scdn.co\/image\/b7324abc74a5c442e99aa279ecce9595921b8b17","height":640},{"width":300,"url":"https:\/\/i.scdn.co\/image\/a4f5319f963a0d1cbeee5bfbb42d02fcbc12ca93","height":300},{"width":64,"url":"https:\/\/i.scdn.co\/image\/209f9929f0983f93dd9e89626932217cd92bcf22","height":64}],"name":"#1536 - Edward Snowden","external_urls":{"spotify":"https:\/\/open.spotify.com\/episode\/5sNggu9wR9lF84tf7VnxDL"}}