{"id":"0ETFjACtuP2ADo6LFhL6HN","external_ids":{"upc":"00602547670342"},"label":"EMI Catalogue","tracks":{"total":17,"items":[{"id":"2EqlS6tkEnglzr7tkKAAYD","disc_number":1,"uri":"spotify:track:2EqlS6tkEnglzr7tkKAAYD","artists":[{"type":"artist","id":"3WrFJ7ztbogyGnTHbHJFl2","external_urls":{"spotify":"https:\/\/open.spotify.com\/artist\/3WrFJ7ztbogyGnTHbHJFl2"},"name":"The Beatles","uri":"spotify:artist:3WrFJ7ztbogyGnTHbHJFl2","href":"https:\/\/api.spotify.com\/v1\/artists\/3WrFJ7ztbogyGnTHbHJFl2"}],"href":"https:\/\/api.spotify.com\/v1\/tracks\/2EqlS6tkEnglzr7tkKAAYD","is_local":false,"available_markets":["AD","AE","AL","AR","AT","AU","BA","BE","BG","BH","BO","BR","BY","CA","CH","CL","CO","CR","CY","CZ","DE","DK","DO","DZ","EC","EE","EG","ES","FI","FR","GB","GR","GT","HK","HN","HR","HU","ID","IE","IL","IN","IS","IT","JO","JP","KW","KZ","LB","LI","LT","LU","LV","MA","MC","MD","ME","MK","MT","MX","MY","NI","NL","NO","NZ","OM","PA","PE","PH","PL","PS","PT","PY","QA","RO","RS","RU","SA","SE","SG","SI","SK","SV","TH","TN","TR","TW","UA","US","UY","VN","XK","ZA"],"type":"track","explicit":false,"duration_ms":259946,"external_urls":{"spotify":"https:\/\/open.spotify.com\/track\/2EqlS6tkEnglzr7tkKAAYD"},"name":"Come Together - Remastered 2009"},{"id":"0pNeVovbiZHkulpGeOx1Gj","disc_number":1,"uri":"spotify:track:0pNeVovbiZHkulpGeOx1Gj","artists":[{"type":"artist","id":"3WrFJ7ztbogyGnTHbHJFl2","external_urls":{"spotify":"https:\/\/open.spotify.com\/artist\/3WrFJ7ztbogyGnTHbHJFl2"},"name":"The Beatles","uri":"spotify:artist:3WrFJ7ztbogyGnTHbHJFl2","href":"https:\/\/api.spotify.com\/v1\/artists\/3WrFJ7ztbogyGnTHbHJFl2"}],"href":"https:\/\/api.spotify.com\/v1\/tracks\/0pNeVovbiZHkulpGeOx1Gj","is_local":false,"available_markets":["AD","AE","AL","AR","AT","AU","BA","BE","BG","BH","BO","BR","BY","CA","CH","CL","CO","CR","CY","CZ","DE","DK","DO","DZ","EC","EE","EG","ES","FI","FR","GB","GR","GT","HK","HN","HR","HU","ID","IE","IL","IN","IS","IT","JO","JP","KW","KZ","LB","LI","LT","LU","LV","MA","MC","MD","ME","MK","MT","MX","MY","NI","NL","NO","NZ","OM","PA","PE","PH","PL","PS","PT","PY","QA","RO","RS","RU","SA","SE","SG","SI","SK","SV","TH","TN","TR","TW","UA","US","UY","VN","XK","ZA"],"type":"track","explicit":false,"duration_ms":182293,"external_urls":{"spotify":"https:\/\/open.spotify.com\/track\/0pNeVovbiZHkulpGeOx1Gj"},"name":"Something - Remastered 2009"},{"id":"2S8xyNRJX1XQdo3qnTuovI","disc_number":1,"uri":"spotify:track:2S8xyNRJX1XQdo3qnTuovI","artists":[{"type":"artist","id":"3WrFJ7ztbogyGnTHbHJFl2","external_urls":{"spotify":"https:\/\/open.spotify.com\/artist\/3WrFJ7ztbogyGnTHbHJFl2"},"name":"The Beatles","uri":"spotify:artist:3WrFJ7ztbogyGnTHbHJFl2","href":"https:\/\/api.spotify.com\/v1\/artists\/3WrFJ7ztbogyGnTHbHJFl2"}],"href":"https:\/\/api.spotify.com\/v1\/tracks\/2S8xyNRJX1XQdo3qnTuovI","is_local":false,"available_markets":["AD","AE","AL","AR","AT","AU","BA","BE","BG","BH","BO","BR","BY","CA","CH","CL","CO","CR","CY","CZ","DE","DK","DO","DZ","EC","EE","EG","ES","FI","FR","GB","GR","GT","HK","HN","HR","HU","ID","IE","IL","IN","IS","IT","JO","JP","KW","KZ","LB","LI","LT","LU","LV","MA","MC","MD","ME","MK","MT","MX","MY","NI","NL","NO","NZ","OM","PA","PE","PH","PL","PS","PT","PY","QA","RO","RS","RU","SA","SE","SG","SI","SK","SV","TH","TN","TR","TW","UA","US","UY","VN","XK","ZA"],"type":"track","explicit":false,"duration_ms":207920,"external_urls":{"spotify":"https:\/\/open.spotify.com\/track\/2S8xyNRJX1XQdo3qnTuovI"},"name":"Maxwell's Silver Hammer - Remastered 2009"},{"id":"2mxByJWOajjiVsLWjNXvDJ","disc_number":1,"uri":"spotify:track:2mxByJWOajjiVsLWjNXvDJ","artists":[{"type":"artist","id":"3WrFJ7ztbogyGnTHbHJFl2","external_urls":{"spotify":"https:\/\/open.spotify.com\/artist\/3WrFJ7ztbogyGnTHbHJFl2"},"name":"The Beatles","uri":"spotify:artist:3WrFJ7ztbogyGnTHbHJFl2","href":"https:\/\/api.spotify.com\/v1\/artists\/3WrFJ7ztbogyGnTHbHJFl2"}],"href":"https:\/\/api.spotify.com\/v1\/tracks\/2mxByJWOajjiVsLWjNXvDJ","is_local":false,"available_markets":["AD","AE","AL","AR","AT","AU","BA","BE","BG","BH","BO","BR","BY","CA","CH","CL","CO","CR","CY","CZ","DE","DK","DO","DZ","EC","EE","EG","ES","FI","FR","GB","GR","GT","HK","HN","HR","HU","ID","IE","IL","IN","IS","IT","JO","JP","KW","KZ","LB","LI","LT","LU","LV","MA","MC","MD","ME","MK","MT","MX","MY","NI","NL","NO","NZ","OM","PA","PE","PH","PL","PS","PT","PY","QA","RO","RS","RU","SA","SE","SG","SI","SK","SV","TH","TN","TR","TW","UA","US","UY","VN","XK","ZA"],"type":"track","explicit":false,"duration_ms":207240,"external_urls":{"spotify":"https:\/\/open.spotify.com\/track\/2mxByJWOajjiVsLWjNXvDJ"},"name":"Oh! Darling - Remastered 2009"},{"id":"0suLngfo7rJoetk7Ub6N8l","disc_number":1,"uri":"spotify:track:0suLngfo7rJoetk7Ub6N8l","artists":[{"type":"artist","id":"3WrFJ7ztbogyGnTHbHJFl2","external_urls":{"spotify":"https:\/\/open.spotify.com\/artist\/3WrFJ7ztbogyGnTHbHJFl2"},"name":"The Beatles","uri":"spotify:artist:3WrFJ7ztbogyGnTHbHJFl2","href":"https:\/\/api.spotify.com\/v1\/artists\/3WrFJ7ztbogyGnTHbHJFl2"}],"href":"https:\/\/api.spotify.com\/v1\/tracks\/0suLngfo7rJoetk7Ub6N8l","is_local":false,"available_markets":["AD","AE","AL","AR","AT","AU","BA","BE","BG","BH","BO","BR","BY","CA","CH","CL","CO","CR","CY","CZ","DE","DK","DO","DZ","EC","EE","EG","ES","FI","FR","GB","GR","GT","HK","HN","HR","HU","ID","IE","IL","IN","IS","IT","JO","JP","KW","KZ","LB","LI","LT","LU","LV","MA","MC","MD","ME","MK","MT","MX","MY","NI","NL","NO","NZ","OM","PA","PE","PH","PL","PS","PT","PY","QA","RO","RS","RU","SA","SE","SG","SI","SK","SV","TH","TN","TR","TW","UA","US","UY","VN","XK","ZA"],"type":"track","explicit":false,"duration_ms":170720,"external_urls":{"spotify":"https:\/\/open.spotify.com\/track\/0suLngfo7rJoetk7Ub6N8l"},"name":"Octopus's Garden - Remastered 2009"},{"id":"3Z25k4ZF6QENy2d9YatsM5","disc_number":1,"uri":"spotify:track:3Z25k4ZF6QENy2d9YatsM5","artists":[{"type":"artist","id":"3WrFJ7ztbogyGnTHbHJFl2","external_urls":{"spotify":"https:\/\/open.spotify.com\/artist\/3WrFJ7ztbogyGnTHbHJFl2"},"name":"The Beatles","uri":"spotify:artist:3WrFJ7ztbogyGnTHbHJFl2","href":"https:\/\/api.spotify.com\/v1\/artists\/3WrFJ7ztbogyGnTHbHJFl2"}],"href":"https:\/\/api.spotify.com\/v1\/tracks\/3Z25k4ZF6QENy2d9YatsM5","is_local":false,"available_markets":["AD","AE","AL","AR","AT","AU","BA","BE","BG","BH","BO","BR","BY","CA","CH","CL","CO","CR","CY","CZ","DE","DK","DO","DZ","EC","EE","EG","ES","FI","FR","GB","GR","GT","HK","HN","HR","HU","ID","IE","IL","IN","IS","IT","JO","JP","KW","KZ","LB","LI","LT","LU","LV","MA","MC","MD","ME","MK","MT","MX","MY","NI","NL","NO","NZ","OM","PA","PE","PH","PL","PS","PT","PY","QA","RO","RS","RU","SA","SE","SG","SI","SK","SV","TH","TN","TR","TW","UA","US","UY","VN","XK","ZA"],"type":"track","explicit":false,"duration_ms":467320,"external_urls":{"spotify":"https:\/\/open.spotify.com\/track\/3Z25k4ZF6QENy2d9YatsM5"},"name":"I Want You (She's So Heavy) - Remastered 2009"},{"id":"6dGnYIeXmHdcikdzNNDMm2","disc_number":1,"uri":"spotify:track:6dGnYIeXmHdcikdzNNDMm2","artists":[{"type":"artist","id":"3WrFJ7ztbogyGnTHbHJFl2","external_urls":{"spotify":"https:\/\/open.spotify.com\/artist\/3WrFJ7ztbogyGnTHbHJFl2"},"name":"The Beatles","uri":"spotify:artist:3WrFJ7ztbogyGnTHbHJFl2","href":"https:\/\/api.spotify.com\/v1\/artists\/3WrFJ7ztbogyGnTHbHJFl2"}],"href":"https:\/\/api.spotify.com\/v1\/tracks\/6dGnYIeXmHdcikdzNNDMm2","is_local":false,"available_markets":["AD","AE","AL","AR","AT","AU","BA","BE","BG","BH","BO","BR","BY","CA","CH","CL","CO","CR","CY","CZ","DE","DK","DO","DZ","EC","EE","EG","ES","FI","FR","GB","GR","GT","HK","HN","HR","HU","ID","IE","IL","IN","IS","IT","JO","JP","KW","KZ","LB","LI","LT","LU","LV","MA","MC","MD","ME","MK","MT","MX","MY","NI","NL","NO","NZ","OM","PA","PE","PH","PL","PS","PT","PY","QA","RO","RS","RU","SA","SE","SG","SI","SK","SV","TH","TN","TR","TW","UA","US","UY","VN","XK","ZA"],"type":"track","explicit":false,"duration_ms":185733,"external_urls":{"spotify":"https:\/\/open.spotify.com\/track\/6dGnYIeXmHdcikdzNNDMm2"},"name":"Here Comes The Sun - Remastered 2009"},{"id":"1rxoyGj1QuPoVi8fOft1Kt","disc_number":1,"uri":"spotify:track:1rxoyGj1QuPoVi8fOft1Kt","artists":[{"type":"artist","id":"3WrFJ7ztbogyGnTHbHJFl2","external_urls":{"spotify":"https:\/\/open.spotify.com\/artist\/3WrFJ7ztbogyGnTHbHJFl2"},"name":"The Beatles","uri":"spotify:artist:3WrFJ7ztbogyGnTHbHJFl2","href":"https:\/\/api.spotify.com\/v1\/artists\/3WrFJ7ztbogyGnTHbHJFl2"}],"href":"https:\/\/api.spotify.com\/v1\/tracks\/1rxoyGj1QuPoVi8fOft1Kt","is_local":false,"available_markets":["AD","AE","AL","AR","AT","AU","BA","BE","BG","BH","BO","BR","BY","CA","CH","CL","CO","CR","CY","CZ","DE","DK","DO","DZ","EC","EE","EG","ES","FI","FR","GB","GR","GT","HK","HN","HR","HU","ID","IE","IL","IN","IS","IT","JO","JP","KW","KZ","LB","LI","LT","LU","LV","MA","MC","MD","ME","MK","MT","MX","MY","NI","NL","NO","NZ","OM","PA","PE","PH","PL","PS","PT","PY","QA","RO","RS","RU","SA","SE","SG","SI","SK","SV","TH","TN","TR","TW","UA","US","UY","VN","XK","ZA"],"type":"track","explicit":false,"duration_ms":165666,"external_urls":{"spotify":"https:\/\/open.spotify.com\/track\/1rxoyGj1QuPoVi8fOft1Kt"},"name":"Because - Remastered 2009"},{"id":"1jOLTO379yIu9aMnCkpMQl","disc_number":1,"uri":"spotify:track:1jOLTO379yIu9aMnCkpMQl","artists":[{"type":"artist","id":"3WrFJ7ztbogyGnTHbHJFl2","external_urls":{"spotify":"https:\/\/open.spotify.com\/artist\/3WrFJ7ztbogyGnTHbHJFl2"},"name":"The Beatles","uri":"spotify:artist:3WrFJ7ztbogyGnTHbHJFl2","href":"https:\/\/api.spotify.com\/v1\/artists\/3WrFJ7ztbogyGnTHbHJFl2"}],"href":"https:\/\/api.spotify.com\/v1\/tracks\/1jOLTO379yIu9aMnCkpMQl","is_local":false,"available_markets":["AD","AE","AL","AR","AT","AU","BA","BE","BG","BH","BO","BR","BY","CA","CH","CL","CO","CR","CY","CZ","DE","DK","DO","DZ","EC","EE","EG","ES","FI","FR","GB","GR","GT","HK","HN","HR","HU","ID","IE","IL","IN","IS","IT","JO","JP","KW","KZ","LB","LI","LT","LU","LV","MA","MC","MD","ME","MK","MT","MX","MY","NI","NL","NO","NZ","OM","PA","PE","PH","PL","PS","PT","PY","QA","RO","RS","RU","SA","SE","SG","SI","SK","SV","TH","TN","TR","TW","UA","US","UY","VN","XK","ZA"],"type":"track","explicit":false,"duration_ms":242973,"external_urls":{"spotify":"https:\/\/open.spotify.com\/track\/1jOLTO379yIu9aMnCkpMQl"},"name":"You Never Give Me Your Money - Remastered 2009"},{"id":"4nwKdZID1ht0lDBJ5h2p87","disc_number":1,"uri":"spotify:track:4nwKdZID1ht0lDBJ5h2p87","artists":[{"type":"artist","id":"3WrFJ7ztbogyGnTHbHJFl2","external_urls":{"spotify":"https:\/\/open.spotify.com\/artist\/3WrFJ7ztbogyGnTHbHJFl2"},"name":"The Beatles","uri":"spotify:artist:3WrFJ7ztbogyGnTHbHJFl2","href":"https:\/\/api.spotify.com\/v1\/artists\/3WrFJ7ztbogyGnTHbHJFl2"}],"href":"https:\/\/api.spotify.com\/v1\/tracks\/4nwKdZID1ht0lDBJ5h2p87","is_local":false,"available_markets":["AD","AE","AL","AR","AT","AU","BA","BE","BG","BH","BO","BR","BY","CA","CH","CL","CO","CR","CY","CZ","DE","DK","DO","DZ","EC","EE","EG","ES","FI","FR","GB","GR","GT","HK","HN","HR","HU","ID","IE","IL","IN","IS","IT","JO","JP","KW","KZ","LB","LI","LT","LU","LV","MA","MC","MD","ME","MK","MT","MX","MY","NI","NL","NO","NZ","OM","PA","PE","PH","PL","PS","PT","PY","QA","RO","RS","RU","SA","SE","SG","SI","SK","SV","TH","TN","TR","TW","UA","US","UY","VN","XK","ZA"],"type":"track","explicit":false,"duration_ms":146266,"external_urls":{"spotify":"https:\/\/open.spotify.com\/track\/4nwKdZID1ht0lDBJ5h2p87"},"name":"Sun King - Remastered 2009"},{"id":"4JOyMhad5dD81uGYLGgKrS","disc_number":1,"uri":"spotify:track:4JOyMhad5dD81uGYLGgKrS","artists":[{"type":"artist","id":"3WrFJ7ztbogyGnTHbHJFl2","external_urls":{"spotify":"https:\/\/open.spotify.com\/artist\/3WrFJ7ztbogyGnTHbHJFl2"},"name":"The Beatles","uri":"spotify:artist:3WrFJ7ztbogyGnTHbHJFl2","href":"https:\/\/api.spotify.com\/v1\/artists\/3WrFJ7ztbogyGnTHbHJFl2"}],"href":"https:\/\/api.spotify.com\/v1\/tracks\/4JOyMhad5dD81uGYLGgKrS","is_local":false,"available_markets":["AD","AE","AL","AR","AT","AU","BA","BE","BG","BH","BO","BR","BY","CA","CH","CL","CO","CR","CY","CZ","DE","DK","DO","DZ","EC","EE","EG","ES","FI","FR","GB","GR","GT","HK","HN","HR","HU","ID","IE","IL","IN","IS","IT","JO","JP","KW","KZ","LB","LI","LT","LU","LV","MA","MC","MD","ME","MK","MT","MX","MY","NI","NL","NO","NZ","OM","PA","PE","PH","PL","PS","PT","PY","QA","RO","RS","RU","SA","SE","SG","SI","SK","SV","TH","TN","TR","TW","UA","US","UY","VN","XK","ZA"],"type":"track","explicit":false,"duration_ms":66533,"external_urls":{"spotify":"https:\/\/open.spotify.com\/track\/4JOyMhad5dD81uGYLGgKrS"},"name":"Mean Mr Mustard - Remastered 2009"},{"id":"1FTCA6wQwulQFokDddKE68","disc_number":1,"uri":"spotify:track:1FTCA6wQwulQFokDddKE68","artists":[{"type":"artist","id":"3WrFJ7ztbogyGnTHbHJFl2","external_urls":{"spotify":"https:\/\/open.spotify.com\/artist\/3WrFJ7ztbogyGnTHbHJFl2"},"name":"The Beatles","uri":"spotify:artist:3WrFJ7ztbogyGnTHbHJFl2","href":"https:\/\/api.spotify.com\/v1\/artists\/3WrFJ7ztbogyGnTHbHJFl2"}],"href":"https:\/\/api.spotify.com\/v1\/tracks\/1FTCA6wQwulQFokDddKE68","is_local":false,"available_markets":["AD","AE","AL","AR","AT","AU","BA","BE","BG","BH","BO","BR","BY","CA","CH","CL","CO","CR","CY","CZ","DE","DK","DO","DZ","EC","EE","EG","ES","FI","FR","GB","GR","GT","HK","HN","HR","HU","ID","IE","IL","IN","IS","IT","JO","JP","KW","KZ","LB","LI","LT","LU","LV","MA","MC","MD","ME","MK","MT","MX","MY","NI","NL","NO","NZ","OM","PA","PE","PH","PL","PS","PT","PY","QA","RO","RS","RU","SA","SE","SG","SI","SK","SV","TH","TN","TR","TW","UA","US","UY","VN","XK","ZA"],"type":"track","explicit":false,"duration_ms":72640,"external_urls":{"spotify":"https:\/\/open.spotify.com\/track\/1FTCA6wQwulQFokDddKE68"},"name":"Polythene Pam - Remastered 2009"},{"id":"2jtUGFsqanQ82zqDlhiKIp","disc_number":1,"uri":"spotify:track:2jtUGFsqanQ82zqDlhiKIp","artists":[{"type":"artist","id":"3WrFJ7ztbogyGnTHbHJFl2","external_urls":{"spotify":"https:\/\/open.spotify.com\/artist\/3WrFJ7ztbogyGnTHbHJFl2"},"name":"The Beatles","uri":"spotify:artist:3WrFJ7ztbogyGnTHbHJFl2","href":"https:\/\/api.spotify.com\/v1\/artists\/3WrFJ7ztbogyGnTHbHJFl2"}],"href":"https:\/\/api.spotify.com\/v1\/tracks\/2jtUGFsqanQ82zqDlhiKIp","is_local":false,"available_markets":["AD","AE","AL","AR","AT","AU","BA","BE","BG","BH","BO","BR","BY","CA","CH","CL","CO","CR","CY","CZ","DE","DK","DO","DZ","EC","EE","EG","ES","FI","FR","GB","GR","GT","HK","HN","HR","HU","ID","IE","IL","IN","IS","IT","JO","JP","KW","KZ","LB","LI","LT","LU","LV","MA","MC","MD","ME","MK","MT","MX","MY","NI","NL","NO","NZ","OM","PA","PE","PH","PL","PS","PT","PY","QA","RO","RS","RU","SA","SE","SG","SI","SK","SV","TH","TN","TR","TW","UA","US","UY","VN","XK","ZA"],"type":"track","explicit":false,"duration_ms":118626,"external_urls":{"spotify":"https:\/\/open.spotify.com\/track\/2jtUGFsqanQ82zqDlhiKIp"},"name":"She Came In Through The Bathroom Window - Remastered 2009"},{"id":"01SfTM5nfCou5gQL70r6gs","disc_number":1,"uri":"spotify:track:01SfTM5nfCou5gQL70r6gs","artists":[{"type":"artist","id":"3WrFJ7ztbogyGnTHbHJFl2","external_urls":{"spotify":"https:\/\/open.spotify.com\/artist\/3WrFJ7ztbogyGnTHbHJFl2"},"name":"The Beatles","uri":"spotify:artist:3WrFJ7ztbogyGnTHbHJFl2","href":"https:\/\/api.spotify.com\/v1\/artists\/3WrFJ7ztbogyGnTHbHJFl2"}],"href":"https:\/\/api.spotify.com\/v1\/tracks\/01SfTM5nfCou5gQL70r6gs","is_local":false,"available_markets":["AD","AE","AL","AR","AT","AU","BA","BE","BG","BH","BO","BR","BY","CA","CH","CL","CO","CR","CY","CZ","DE","DK","DO","DZ","EC","EE","EG","ES","FI","FR","GB","GR","GT","HK","HN","HR","HU","ID","IE","IL","IN","IS","IT","JO","JP","KW","KZ","LB","LI","LT","LU","LV","MA","MC","MD","ME","MK","MT","MX","MY","NI","NL","NO","NZ","OM","PA","PE","PH","PL","PS","PT","PY","QA","RO","RS","RU","SA","SE","SG","SI","SK","SV","TH","TN","TR","TW","UA","US","UY","VN","XK","ZA"],"type":"track","explicit":false,"duration_ms":91760,"external_urls":{"spotify":"https:\/\/open.spotify.com\/track\/01SfTM5nfCou5gQL70r6gs"},"name":"Golden Slumbers - Remastered 2009"},{"id":"5eZrW59C3UgBhkqNlowEID","disc_number":1,"uri":"spotify:track:5eZrW59C3UgBhkqNlowEID","artists":[{"type":"artist","id":"3WrFJ7ztbogyGnTHbHJFl2","external_urls":{"spotify":"https:\/\/open.spotify.com\/artist\/3WrFJ7ztbogyGnTHbHJFl2"},"name":"The Beatles","uri":"spotify:artist:3WrFJ7ztbogyGnTHbHJFl2","href":"https:\/\/api.spotify.com\/v1\/artists\/3WrFJ7ztbogyGnTHbHJFl2"}],"href":"https:\/\/api.spotify.com\/v1\/tracks\/5eZrW59C3UgBhkqNlowEID","is_local":false,"available_markets":["AD","AE","AL","AR","AT","AU","BA","BE","BG","BH","BO","BR","BY","CA","CH","CL","CO","CR","CY","CZ","DE","DK","DO","DZ","EC","EE","EG","ES","FI","FR","GB","GR","GT","HK","HN","HR","HU","ID","IE","IL","IN","IS","IT","JO","JP","KW","KZ","LB","LI","LT","LU","LV","MA","MC","MD","ME","MK","MT","MX","MY","NI","NL","NO","NZ","OM","PA","PE","PH","PL","PS","PT","PY","QA","RO","RS","RU","SA","SE","SG","SI","SK","SV","TH","TN","TR","TW","UA","US","UY","VN","XK","ZA"],"type":"track","explicit":false,"duration_ms":96466,"external_urls":{"spotify":"https:\/\/open.spotify.com\/track\/5eZrW59C3UgBhkqNlowEID"},"name":"Carry That Weight - Remastered 2009"},{"id":"5aHHf6jrqDRb1fcBmue2kn","disc_number":1,"uri":"spotify:track:5aHHf6jrqDRb1fcBmue2kn","artists":[{"type":"artist","id":"3WrFJ7ztbogyGnTHbHJFl2","external_urls":{"spotify":"https:\/\/open.spotify.com\/artist\/3WrFJ7ztbogyGnTHbHJFl2"},"name":"The Beatles","uri":"spotify:artist:3WrFJ7ztbogyGnTHbHJFl2","href":"https:\/\/api.spotify.com\/v1\/artists\/3WrFJ7ztbogyGnTHbHJFl2"}],"href":"https:\/\/api.spotify.com\/v1\/tracks\/5aHHf6jrqDRb1fcBmue2kn","is_local":false,"available_markets":["AD","AE","AL","AR","AT","AU","BA","BE","BG","BH","BO","BR","BY","CA","CH","CL","CO","CR","CY","CZ","DE","DK","DO","DZ","EC","EE","EG","ES","FI","FR","GB","GR","GT","HK","HN","HR","HU","ID","IE","IL","IN","IS","IT","JO","JP","KW","KZ","LB","LI","LT","LU","LV","MA","MC","MD","ME","MK","MT","MX","MY","NI","NL","NO","NZ","OM","PA","PE","PH","PL","PS","PT","PY","QA","RO","RS","RU","SA","SE","SG","SI","SK","SV","TH","TN","TR","TW","UA","US","UY","VN","XK","ZA"],"type":"track","explicit":false,"duration_ms":141613,"external_urls":{"spotify":"https:\/\/open.spotify.com\/track\/5aHHf6jrqDRb1fcBmue2kn"},"name":"The End - Remastered 2009"},{"id":"6UCFZ9ZOFRxK8oak7MdPZu","disc_number":1,"uri":"spotify:track:6UCFZ9ZOFRxK8oak7MdPZu","artists":[{"type":"artist","id":"3WrFJ7ztbogyGnTHbHJFl2","external_urls":{"spotify":"https:\/\/open.spotify.com\/artist\/3WrFJ7ztbogyGnTHbHJFl2"},"name":"The Beatles","uri":"spotify:artist:3WrFJ7ztbogyGnTHbHJFl2","href":"https:\/\/api.spotify.com\/v1\/artists\/3WrFJ7ztbogyGnTHbHJFl2"}],"href":"https:\/\/api.spotify.com\/v1\/tracks\/6UCFZ9ZOFRxK8oak7MdPZu","is_local":false,"available_markets":["AD","AE","AL","AR","AT","AU","BA","BE","BG","BH","BO","BR","BY","CA","CH","CL","CO","CR","CY","CZ","DE","DK","DO","DZ","EC","EE","EG","ES","FI","FR","GB","GR","GT","HK","HN","HR","HU","ID","IE","IL","IN","IS","IT","JO","JP","KW","KZ","LB","LI","LT","LU","LV","MA","MC","MD","ME","MK","MT","MX","MY","NI","NL","NO","NZ","OM","PA","PE","PH","PL","PS","PT","PY","QA","RO","RS","RU","SA","SE","SG","SI","SK","SV","TH","TN","TR","TW","UA","US","UY","VN","XK","ZA"],"type":"track","explicit":false,"duration_ms":25986,"external_urls":{"spotify":"https:\/\/open.spotify.com\/track\/6UCFZ9ZOFRxK8oak7MdPZu"},"name":"Her Majesty - Remastered 2009"}],"href":"https:\/\/api.spotify.com\/v1\/albums\/0ETFjACtuP2ADo6LFhL6HN\/tracks?offset=0&limit=50","offset":0,"limit":50},"uri":"spotify:album:0ETFjACtuP2ADo6LFhL6HN","href":"https:\/\/api.spotify.com\/v1\/albums\/0ETFjACtuP2ADo6LFhL6HN","artists":[{"type":"artist","id":"3WrFJ7ztbogyGnTHbHJFl2","external_urls":{"spotify":"https:\/\/open.spotify.com\/artist\/3WrFJ7ztbogyGnTHbHJFl2"},"name":"The Beatles","uri":"spotify:artist:3WrFJ7ztbogyGnTHbHJFl2","href":"https:\/\/api.spotify.com\/v1\/artists\/3WrFJ7ztbogyGnTHbHJFl2"}],"popularity":83,"release_date_precision":"day","available_markets":["AD","AE","AL","AR","AT","AU","BA","BE","BG","BH","BO","BR","BY","CA","CH","CL","CO","CR","CY","CZ","DE","DK","DO","DZ","EC","EE","EG","ES","FI","FR","GB","GR","GT","HK","HN","HR","HU","ID","IE","IL","IN","IS","IT","JO","JP","KW","KZ","LB","LI","LT","LU","LV","MA","MC","MD","ME","MK","MT","MX","MY","NI","NL","NO","NZ","OM","PA","PE","PH","PL","PS","PT","PY","QA","RO","RS","RU","SA","SE","SG","SI","SK","SV","TH","TN","TR","TW","UA","US","UY","VN","XK","ZA"],"copyrights":[{"type":"C","text":"© 2015 Apple Corps Ltd"},{"type":"P","text":"℗ 2015 Calderstone Productions Limited (a division of Universal Music Group)"}],"type":"album","release_date":"1969-09-26","images":[{"width":640,"url":"https:\/\/i.scdn.co\/image\/ab67616d0000b273dc30583ba717007b00cceb25","height":640},{"width":300,"url":"https:\/\/i.scdn.co\/image\/ab67616d00001e02dc30583ba717007b00cceb25","height":300},{"width":64,"url":"https:\/\/i.scdn.co\/image\/ab67616d00004851dc30583ba717007b00cceb25","height":64}],"genres":[],"name":"Abbey Road (Remastered)","external_urls":{"spotify":"https:\/\/open.spotify.com\/album\/0ETFjACtuP2ADo6LFhL6HN"}}