{"id":"4LH4d3cOWNNsVw41Gqt2kv","external_ids":{"upc":"886445613261"},"label":"Pink Floyd Records","tracks":{"total":10,"items":[{"id":"574y1r7o2tRA009FW0LE7v","disc_number":1,"uri":"spotify:track:574y1r7o2tRA009FW0LE7v","artists":[{"type":"artist","id":"0k17h0D3J5VfsdmQ1iZtE9","external_urls":{"spotify":"https:\/\/open.spotify.com\/artist\/0k17h0D3J5VfsdmQ1iZtE9"},"name":"Pink Floyd","uri":"spotify:artist:0k17h0D3J5VfsdmQ1iZtE9","href":"https:\/\/api.spotify.com\/v1\/artists\/0k17h0D3J5VfsdmQ1iZtE9"}],"href":"https:\/\/api.spotify.com\/v1\/tracks\/574y1r7o2tRA009FW0LE7v","is_local":false,"available_markets":["AE","AR","AU","BH","BO","BR","CA","CL","CO","CR","DO","EC","EG","GT","HK","HN","ID","IL","IN","JO","JP","KW","LB","MX","MY","NI","NZ","OM","PA","PE","PH","PS","PY","QA","SA","SG","SV","TH","TN","TW","US","UY","VN","ZA"],"type":"track","explicit":true,"duration_ms":65314,"external_urls":{"spotify":"https:\/\/open.spotify.com\/track\/574y1r7o2tRA009FW0LE7v"},"name":"Speak to Me"},{"id":"2ctvdKmETyOzPb2GiJJT53","disc_number":1,"uri":"spotify:track:2ctvdKmETyOzPb2GiJJT53","artists":[{"type":"artist","id":"0k17h0D3J5VfsdmQ1iZtE9","external_urls":{"spotify":"https:\/\/open.spotify.com\/artist\/0k17h0D3J5VfsdmQ1iZtE9"},"name":"Pink Floyd","uri":"spotify:artist:0k17h0D3J5VfsdmQ1iZtE9","href":"https:\/\/api.spotify.com\/v1\/artists\/0k17h0D3J5VfsdmQ1iZtE9"}],"href":"https:\/\/api.spotify.com\/v1\/tracks\/2ctvdKmETyOzPb2GiJJT53","is_local":false,"available_markets":["AE","AR","AU","BH","BO","BR","CA","CL","CO","CR","DO","EC","EG","GT","HK","HN","ID","IL","IN","JO","JP","KW","LB","MX","MY","NI","NZ","OM","PA","PE","PH","PS","PY","QA","SA","SG","SV","TH","TN","TW","US","UY","VN","ZA"],"type":"track","explicit":false,"duration_ms":169534,"external_urls":{"spotify":"https:\/\/open.spotify.com\/track\/2ctvdKmETyOzPb2GiJJT53"},"name":"Breathe (In the Air)"},{"id":"73OIUNKRi2y24Cu9cOLrzM","disc_number":1,"uri":"spotify:track:73OIUNKRi2y24Cu9cOLrzM","artists":[{"type":"artist","id":"0k17h0D3J5VfsdmQ1iZtE9","external_urls":{"spotify":"https:\/\/open.spotify.com\/artist\/0k17h0D3J5VfsdmQ1iZtE9"},"name":"Pink Floyd","uri":"spotify:artist:0k17h0D3J5VfsdmQ1iZtE9","href":"https:\/\/api.spotify.com\/v1\/artists\/0k17h0D3J5VfsdmQ1iZtE9"}],"href":"https:\/\/api.spotify.com\/v1\/tracks\/73OIUNKRi2y24Cu9cOLrzM","is_local":false,"available_markets":["AE","AR","AU","BH","BO","BR","CA","CL","CO","CR","DO","EC","EG","GT","HK","HN","ID","IL","IN","JO","JP","KW","LB","MX","MY","NI","NZ","OM","PA","PE","PH","PS","PY","QA","SA","SG","SV","TH","TN","TW","US","UY","VN","ZA"],"type":"track","explicit":false,"duration_ms":225384,"external_urls":{"spotify":"https:\/\/open.spotify.com\/track\/73OIUNKRi2y24Cu9cOLrzM"},"name":"On the Run"},{"id":"3TO7bbrUKrOSPGRTB5MeCz","disc_number":1,"uri":"spotify:track:3TO7bbrUKrOSPGRTB5MeCz","artists":[{"type":"artist","id":"0k17h0D3J5VfsdmQ1iZtE9","external_urls":{"spotify":"https:\/\/open.spotify.com\/artist\/0k17h0D3J5VfsdmQ1iZtE9"},"name":"Pink Floyd","uri":"spotify:artist:0k17h0D3J5VfsdmQ1iZtE9","href":"https:\/\/api.spotify.com\/v1\/artists\/0k17h0D3J5VfsdmQ1iZtE9"}],"href":"https:\/\/api.spotify.com\/v1\/tracks\/3TO7bbrUKrOSPGRTB5MeCz","is_local":false,"available_markets":["AE","AR","AU","BH","BO","BR","CA","CL","CO","CR","DO","EC","EG","GT","HK","HN","ID","IL","IN","JO","JP","KW","LB","MX","MY","NI","NZ","OM","PA","PE","PH","PS","PY","QA","SA","SG","SV","TH","TN","TW","US","UY","VN","ZA"],"type":"track","explicit":false,"duration_ms":413947,"external_urls":{"spotify":"https:\/\/open.spotify.com\/track\/3TO7bbrUKrOSPGRTB5MeCz"},"name":"Time"},{"id":"2TjdnqlpwOjhijHCwHCP2d","disc_number":1,"uri":"spotify:track:2TjdnqlpwOjhijHCwHCP2d","artists":[{"type":"artist","id":"0k17h0D3J5VfsdmQ1iZtE9","external_urls":{"spotify":"https:\/\/open.spotify.com\/artist\/0k17h0D3J5VfsdmQ1iZtE9"},"name":"Pink Floyd","uri":"spotify:artist:0k17h0D3J5VfsdmQ1iZtE9","href":"https:\/\/api.spotify.com\/v1\/artists\/0k17h0D3J5VfsdmQ1iZtE9"}],"href":"https:\/\/api.spotify.com\/v1\/tracks\/2TjdnqlpwOjhijHCwHCP2d","is_local":false,"available_markets":["AE","AR","AU","BH","BO","BR","CA","CL","CO","CR","DO","EC","EG","GT","HK","HN","ID","IL","IN","JO","JP","KW","LB","MX","MY","NI","NZ","OM","PA","PE","PH","PS","PY","QA","SA","SG","SV","TH","TN","TW","US","UY","VN","ZA"],"type":"track","explicit":false,"duration_ms":283872,"external_urls":{"spotify":"https:\/\/open.spotify.com\/track\/2TjdnqlpwOjhijHCwHCP2d"},"name":"The Great Gig in the Sky"},{"id":"0vFOzaXqZHahrZp6enQwQb","disc_number":1,"uri":"spotify:track:0vFOzaXqZHahrZp6enQwQb","artists":[{"type":"artist","id":"0k17h0D3J5VfsdmQ1iZtE9","external_urls":{"spotify":"https:\/\/open.spotify.com\/artist\/0k17h0D3J5VfsdmQ1iZtE9"},"name":"Pink Floyd","uri":"spotify:artist:0k17h0D3J5VfsdmQ1iZtE9","href":"https:\/\/api.spotify.com\/v1\/artists\/0k17h0D3J5VfsdmQ1iZtE9"}],"href":"https:\/\/api.spotify.com\/v1\/tracks\/0vFOzaXqZHahrZp6enQwQb","is_local":false,"available_markets":["AE","AR","AU","BH","BO","BR","CA","CL","CO","CR","DO","EC","EG","GT","HK","HN","ID","IL","IN","JO","JP","KW","LB","MX","MY","NI","NZ","OM","PA","PE","PH","PS","PY","QA","SA","SG","SV","TH","TN","TW","US","UY","VN","ZA"],"type":"track","explicit":false,"duration_ms":382834,"external_urls":{"spotify":"https:\/\/open.spotify.com\/track\/0vFOzaXqZHahrZp6enQwQb"},"name":"Money"},{"id":"1TKTiKp3zbNgrBH2IwSwIx","disc_number":1,"uri":"spotify:track:1TKTiKp3zbNgrBH2IwSwIx","artists":[{"type":"artist","id":"0k17h0D3J5VfsdmQ1iZtE9","external_urls":{"spotify":"https:\/\/open.spotify.com\/artist\/0k17h0D3J5VfsdmQ1iZtE9"},"name":"Pink Floyd","uri":"spotify:artist:0k17h0D3J5VfsdmQ1iZtE9","href":"https:\/\/api.spotify.com\/v1\/artists\/0k17h0D3J5VfsdmQ1iZtE9"}],"href":"https:\/\/api.spotify.com\/v1\/tracks\/1TKTiKp3zbNgrBH2IwSwIx","is_local":false,"available_markets":["AE","AR","AU","BH","BO","BR","CA","CL","CO","CR","DO","EC","EG","GT","HK","HN","ID","IL","IN","JO","JP","KW","LB","MX","MY","NI","NZ","OM","PA","PE","PH","PS","PY","QA","SA","SG","SV","TH","TN","TW","US","UY","VN","ZA"],"type":"track","explicit":false,"duration_ms":469224,"external_urls":{"spotify":"https:\/\/open.spotify.com\/track\/1TKTiKp3zbNgrBH2IwSwIx"},"name":"Us and Them"},{"id":"6FBPOJLxUZEair6x4kLDhf","disc_number":1,"uri":"spotify:track:6FBPOJLxUZEair6x4kLDhf","artists":[{"type":"artist","id":"0k17h0D3J5VfsdmQ1iZtE9","external_urls":{"spotify":"https:\/\/open.spotify.com\/artist\/0k17h0D3J5VfsdmQ1iZtE9"},"name":"Pink Floyd","uri":"spotify:artist:0k17h0D3J5VfsdmQ1iZtE9","href":"https:\/\/api.spotify.com\/v1\/artists\/0k17h0D3J5VfsdmQ1iZtE9"}],"href":"https:\/\/api.spotify.com\/v1\/tracks\/6FBPOJLxUZEair6x4kLDhf","is_local":false,"available_markets":["AE","AR","AU","BH","BO","BR","CA","CL","CO","CR","DO","EC","EG","GT","HK","HN","ID","IL","IN","JO","JP","KW","LB","MX","MY","NI","NZ","OM","PA","PE","PH","PS","PY","QA","SA","SG","SV","TH","TN","TW","US","UY","VN","ZA"],"type":"track","explicit":false,"duration_ms":206429,"external_urls":{"spotify":"https:\/\/open.spotify.com\/track\/6FBPOJLxUZEair6x4kLDhf"},"name":"Any Colour You Like"},{"id":"05uGBKRCuePsf43Hfm0JwX","disc_number":1,"uri":"spotify:track:05uGBKRCuePsf43Hfm0JwX","artists":[{"type":"artist","id":"0k17h0D3J5VfsdmQ1iZtE9","external_urls":{"spotify":"https:\/\/open.spotify.com\/artist\/0k17h0D3J5VfsdmQ1iZtE9"},"name":"Pink Floyd","uri":"spotify:artist:0k17h0D3J5VfsdmQ1iZtE9","href":"https:\/\/api.spotify.com\/v1\/artists\/0k17h0D3J5VfsdmQ1iZtE9"}],"href":"https:\/\/api.spotify.com\/v1\/tracks\/05uGBKRCuePsf43Hfm0JwX","is_local":false,"available_markets":["AE","AR","AU","BH","BO","BR","CA","CL","CO","CR","DO","EC","EG","GT","HK","HN","ID","IL","IN","JO","JP","KW","LB","MX","MY","NI","NZ","OM","PA","PE","PH","PS","PY","QA","SA","SG","SV","TH","TN","TW","US","UY","VN","ZA"],"type":"track","explicit":false,"duration_ms":226666,"external_urls":{"spotify":"https:\/\/open.spotify.com\/track\/05uGBKRCuePsf43Hfm0JwX"},"name":"Brain Damage"},{"id":"1tDWVeCR9oWGX8d5J9rswk","disc_number":1,"uri":"spotify:track:1tDWVeCR9oWGX8d5J9rswk","artists":[{"type":"artist","id":"0k17h0D3J5VfsdmQ1iZtE9","external_urls":{"spotify":"https:\/\/open.spotify.com\/artist\/0k17h0D3J5VfsdmQ1iZtE9"},"name":"Pink Floyd","uri":"spotify:artist:0k17h0D3J5VfsdmQ1iZtE9","href":"https:\/\/api.spotify.com\/v1\/artists\/0k17h0D3J5VfsdmQ1iZtE9"}],"href":"https:\/\/api.spotify.com\/v1\/tracks\/1tDWVeCR9oWGX8d5J9rswk","is_local":false,"available_markets":["AE","AR","AU","BH","BO","BR","CA","CL","CO","CR","DO","EC","EG","GT","HK","HN","ID","IL","IN","JO","JP","KW","LB","MX","MY","NI","NZ","OM","PA","PE","PH","PS","PY","QA","SA","SG","SV","TH","TN","TW","US","UY","VN","ZA"],"type":"track","explicit":false,"duration_ms":130428,"external_urls":{"spotify":"https:\/\/open.spotify.com\/track\/1tDWVeCR9oWGX8d5J9rswk"},"name":"Eclipse"}],"href":"https:\/\/api.spotify.com\/v1\/albums\/4LH4d3cOWNNsVw41Gqt2kv\/tracks?offset=0&limit=50","offset":0,"limit":50},"uri":"spotify:album:4LH4d3cOWNNsVw41Gqt2kv","href":"https:\/\/api.spotify.com\/v1\/albums\/4LH4d3cOWNNsVw41Gqt2kv","artists":[{"type":"artist","id":"0k17h0D3J5VfsdmQ1iZtE9","external_urls":{"spotify":"https:\/\/open.spotify.com\/artist\/0k17h0D3J5VfsdmQ1iZtE9"},"name":"Pink Floyd","uri":"spotify:artist:0k17h0D3J5VfsdmQ1iZtE9","href":"https:\/\/api.spotify.com\/v1\/artists\/0k17h0D3J5VfsdmQ1iZtE9"}],"popularity":78,"release_date_precision":"day","available_markets":["AE","AR","AU","BH","BO","BR","CA","CL","CO","CR","DO","EC","EG","GT","HK","HN","ID","IL","IN","JO","JP","KW","LB","MX","MY","NI","NZ","OM","PA","PE","PH","PS","PY","QA","SA","SG","SV","TH","TN","TW","US","UY","VN","ZA"],"copyrights":[{"type":"P","text":"(P) 2016 The copyright in this sound recording is owned by Pink Floyd Music Ltd., marketed and distributed by Sony Music Entertainment"}],"type":"album","release_date":"1973-03-01","images":[{"width":640,"url":"https:\/\/i.scdn.co\/image\/ab67616d0000b273f05e5ac32fdd79d100315a20","height":640},{"width":300,"url":"https:\/\/i.scdn.co\/image\/ab67616d00001e02f05e5ac32fdd79d100315a20","height":300},{"width":64,"url":"https:\/\/i.scdn.co\/image\/ab67616d00004851f05e5ac32fdd79d100315a20","height":64}],"genres":[],"name":"The Dark Side of the Moon","external_urls":{"spotify":"https:\/\/open.spotify.com\/album\/4LH4d3cOWNNsVw41Gqt2kv"}}