{"id":"7eyQXxuf2nGj9d2367Gi5f","external_ids":{"upc":"634904032463"},"label":"XL Recordings","tracks":{"total":10,"items":[{"id":"6dsq7Nt5mIFzvm5kIYNORy","disc_number":1,"uri":"spotify:track:6dsq7Nt5mIFzvm5kIYNORy","artists":[{"type":"artist","id":"4Z8W4fKeB5YxbusRsdQVPb","external_urls":{"spotify":"https:\/\/open.spotify.com\/artist\/4Z8W4fKeB5YxbusRsdQVPb"},"name":"Radiohead","uri":"spotify:artist:4Z8W4fKeB5YxbusRsdQVPb","href":"https:\/\/api.spotify.com\/v1\/artists\/4Z8W4fKeB5YxbusRsdQVPb"}],"href":"https:\/\/api.spotify.com\/v1\/tracks\/6dsq7Nt5mIFzvm5kIYNORy","is_local":false,"available_markets":["AD","AE","AL","AR","AT","AU","BA","BE","BG","BH","BO","BR","BY","CA","CH","CL","CO","CR","CY","CZ","DE","DK","DO","DZ","EC","EE","EG","ES","FI","FR","GB","GR","GT","HK","HN","HR","HU","ID","IE","IL","IN","IS","IT","JO","JP","KW","KZ","LB","LI","LT","LU","LV","MA","MC","MD","ME","MK","MT","MX","MY","NI","NL","NO","NZ","OM","PA","PE","PH","PL","PS","PT","PY","QA","RO","RS","RU","SA","SE","SG","SI","SK","SV","TH","TN","TR","TW","UA","US","UY","VN","XK","ZA"],"type":"track","explicit":false,"duration_ms":237293,"external_urls":{"spotify":"https:\/\/open.spotify.com\/track\/6dsq7Nt5mIFzvm5kIYNORy"},"name":"15 Step"},{"id":"4m0Vgr48VFaMYw0Sp1ozJu","disc_number":1,"uri":"spotify:track:4m0Vgr48VFaMYw0Sp1ozJu","artists":[{"type":"artist","id":"4Z8W4fKeB5YxbusRsdQVPb","external_urls":{"spotify":"https:\/\/open.spotify.com\/artist\/4Z8W4fKeB5YxbusRsdQVPb"},"name":"Radiohead","uri":"spotify:artist:4Z8W4fKeB5YxbusRsdQVPb","href":"https:\/\/api.spotify.com\/v1\/artists\/4Z8W4fKeB5YxbusRsdQVPb"}],"href":"https:\/\/api.spotify.com\/v1\/tracks\/4m0Vgr48VFaMYw0Sp1ozJu","is_local":false,"available_markets":["AD","AE","AL","AR","AT","AU","BA","BE","BG","BH","BO","BR","BY","CA","CH","CL","CO","CR","CY","CZ","DE","DK","DO","DZ","EC","EE","EG","ES","FI","FR","GB","GR","GT","HK","HN","HR","HU","ID","IE","IL","IN","IS","IT","JO","JP","KW","KZ","LB","LI","LT","LU","LV","MA","MC","MD","ME","MK","MT","MX","MY","NI","NL","NO","NZ","OM","PA","PE","PH","PL","PS","PT","PY","QA","RO","RS","RU","SA","SE","SG","SI","SK","SV","TH","TN","TR","TW","UA","US","UY","VN","XK","ZA"],"type":"track","explicit":false,"duration_ms":242293,"external_urls":{"spotify":"https:\/\/open.spotify.com\/track\/4m0Vgr48VFaMYw0Sp1ozJu"},"name":"Bodysnatchers"},{"id":"5k7VKj1Xwy5DjO4B0PdAOb","disc_number":1,"uri":"spotify:track:5k7VKj1Xwy5DjO4B0PdAOb","artists":[{"type":"artist","id":"4Z8W4fKeB5YxbusRsdQVPb","external_urls":{"spotify":"https:\/\/open.spotify.com\/artist\/4Z8W4fKeB5YxbusRsdQVPb"},"name":"Radiohead","uri":"spotify:artist:4Z8W4fKeB5YxbusRsdQVPb","href":"https:\/\/api.spotify.com\/v1\/artists\/4Z8W4fKeB5YxbusRsdQVPb"}],"href":"https:\/\/api.spotify.com\/v1\/tracks\/5k7VKj1Xwy5DjO4B0PdAOb","is_local":false,"available_markets":["AD","AE","AL","AR","AT","AU","BA","BE","BG","BH","BO","BR","BY","CA","CH","CL","CO","CR","CY","CZ","DE","DK","DO","DZ","EC","EE","EG","ES","FI","FR","GB","GR","GT","HK","HN","HR","HU","ID","IE","IL","IN","IS","IT","JO","JP","KW","KZ","LB","LI","LT","LU","LV","MA","MC","MD","ME","MK","MT","MX","MY","NI","NL","NO","NZ","OM","PA","PE","PH","PL","PS","PT","PY","QA","RO","RS","RU","SA","SE","SG","SI","SK","SV","TH","TN","TR","TW","UA","US","UY","VN","XK","ZA"],"type":"track","explicit":false,"duration_ms":255386,"external_urls":{"spotify":"https:\/\/open.spotify.com\/track\/5k7VKj1Xwy5DjO4B0PdAOb"},"name":"Nude"},{"id":"4Iyo50UoYhuuYORMLrGDci","disc_number":1,"uri":"spotify:track:4Iyo50UoYhuuYORMLrGDci","artists":[{"type":"artist","id":"4Z8W4fKeB5YxbusRsdQVPb","external_urls":{"spotify":"https:\/\/open.spotify.com\/artist\/4Z8W4fKeB5YxbusRsdQVPb"},"name":"Radiohead","uri":"spotify:artist:4Z8W4fKeB5YxbusRsdQVPb","href":"https:\/\/api.spotify.com\/v1\/artists\/4Z8W4fKeB5YxbusRsdQVPb"}],"href":"https:\/\/api.spotify.com\/v1\/tracks\/4Iyo50UoYhuuYORMLrGDci","is_local":false,"available_markets":["AD","AE","AL","AR","AT","AU","BA","BE","BG","BH","BO","BR","BY","CA","CH","CL","CO","CR","CY","CZ","DE","DK","DO","DZ","EC","EE","EG","ES","FI","FR","GB","GR","GT","HK","HN","HR","HU","ID","IE","IL","IN","IS","IT","JO","JP","KW","KZ","LB","LI","LT","LU","LV","MA","MC","MD","ME","MK","MT","MX","MY","NI","NL","NO","NZ","OM","PA","PE","PH","PL","PS","PT","PY","QA","RO","RS","RU","SA","SE","SG","SI","SK","SV","TH","TN","TR","TW","UA","US","UY","VN","XK","ZA"],"type":"track","explicit":false,"duration_ms":318186,"external_urls":{"spotify":"https:\/\/open.spotify.com\/track\/4Iyo50UoYhuuYORMLrGDci"},"name":"Weird Fishes\/ Arpeggi"},{"id":"51ygW389BW4Dut3B69pSwc","disc_number":1,"uri":"spotify:track:51ygW389BW4Dut3B69pSwc","artists":[{"type":"artist","id":"4Z8W4fKeB5YxbusRsdQVPb","external_urls":{"spotify":"https:\/\/open.spotify.com\/artist\/4Z8W4fKeB5YxbusRsdQVPb"},"name":"Radiohead","uri":"spotify:artist:4Z8W4fKeB5YxbusRsdQVPb","href":"https:\/\/api.spotify.com\/v1\/artists\/4Z8W4fKeB5YxbusRsdQVPb"}],"href":"https:\/\/api.spotify.com\/v1\/tracks\/51ygW389BW4Dut3B69pSwc","is_local":false,"available_markets":["AD","AE","AL","AR","AT","AU","BA","BE","BG","BH","BO","BR","BY","CA","CH","CL","CO","CR","CY","CZ","DE","DK","DO","DZ","EC","EE","EG","ES","FI","FR","GB","GR","GT","HK","HN","HR","HU","ID","IE","IL","IN","IS","IT","JO","JP","KW","KZ","LB","LI","LT","LU","LV","MA","MC","MD","ME","MK","MT","MX","MY","NI","NL","NO","NZ","OM","PA","PE","PH","PL","PS","PT","PY","QA","RO","RS","RU","SA","SE","SG","SI","SK","SV","TH","TN","TR","TW","UA","US","UY","VN","XK","ZA"],"type":"track","explicit":false,"duration_ms":228746,"external_urls":{"spotify":"https:\/\/open.spotify.com\/track\/51ygW389BW4Dut3B69pSwc"},"name":"All I Need"},{"id":"5SdmtFbNOD7Qej6jFCHkOM","disc_number":1,"uri":"spotify:track:5SdmtFbNOD7Qej6jFCHkOM","artists":[{"type":"artist","id":"4Z8W4fKeB5YxbusRsdQVPb","external_urls":{"spotify":"https:\/\/open.spotify.com\/artist\/4Z8W4fKeB5YxbusRsdQVPb"},"name":"Radiohead","uri":"spotify:artist:4Z8W4fKeB5YxbusRsdQVPb","href":"https:\/\/api.spotify.com\/v1\/artists\/4Z8W4fKeB5YxbusRsdQVPb"}],"href":"https:\/\/api.spotify.com\/v1\/tracks\/5SdmtFbNOD7Qej6jFCHkOM","is_local":false,"available_markets":["AD","AE","AL","AR","AT","AU","BA","BE","BG","BH","BO","BR","BY","CA","CH","CL","CO","CR","CY","CZ","DE","DK","DO","DZ","EC","EE","EG","ES","FI","FR","GB","GR","GT","HK","HN","HR","HU","ID","IE","IL","IN","IS","IT","JO","JP","KW","KZ","LB","LI","LT","LU","LV","MA","MC","MD","ME","MK","MT","MX","MY","NI","NL","NO","NZ","OM","PA","PE","PH","PL","PS","PT","PY","QA","RO","RS","RU","SA","SE","SG","SI","SK","SV","TH","TN","TR","TW","UA","US","UY","VN","XK","ZA"],"type":"track","explicit":false,"duration_ms":129680,"external_urls":{"spotify":"https:\/\/open.spotify.com\/track\/5SdmtFbNOD7Qej6jFCHkOM"},"name":"Faust Arp"},{"id":"56Z7hbyMrndw1naxb6I5Oi","disc_number":1,"uri":"spotify:track:56Z7hbyMrndw1naxb6I5Oi","artists":[{"type":"artist","id":"4Z8W4fKeB5YxbusRsdQVPb","external_urls":{"spotify":"https:\/\/open.spotify.com\/artist\/4Z8W4fKeB5YxbusRsdQVPb"},"name":"Radiohead","uri":"spotify:artist:4Z8W4fKeB5YxbusRsdQVPb","href":"https:\/\/api.spotify.com\/v1\/artists\/4Z8W4fKeB5YxbusRsdQVPb"}],"href":"https:\/\/api.spotify.com\/v1\/tracks\/56Z7hbyMrndw1naxb6I5Oi","is_local":false,"available_markets":["AD","AE","AL","AR","AT","AU","BA","BE","BG","BH","BO","BR","BY","CA","CH","CL","CO","CR","CY","CZ","DE","DK","DO","DZ","EC","EE","EG","ES","FI","FR","GB","GR","GT","HK","HN","HR","HU","ID","IE","IL","IN","IS","IT","JO","JP","KW","KZ","LB","LI","LT","LU","LV","MA","MC","MD","ME","MK","MT","MX","MY","NI","NL","NO","NZ","OM","PA","PE","PH","PL","PS","PT","PY","QA","RO","RS","RU","SA","SE","SG","SI","SK","SV","TH","TN","TR","TW","UA","US","UY","VN","XK","ZA"],"type":"track","explicit":false,"duration_ms":290213,"external_urls":{"spotify":"https:\/\/open.spotify.com\/track\/56Z7hbyMrndw1naxb6I5Oi"},"name":"Reckoner"},{"id":"3Jc6X15OZCCyhGSHBF4hwB","disc_number":1,"uri":"spotify:track:3Jc6X15OZCCyhGSHBF4hwB","artists":[{"type":"artist","id":"4Z8W4fKeB5YxbusRsdQVPb","external_urls":{"spotify":"https:\/\/open.spotify.com\/artist\/4Z8W4fKeB5YxbusRsdQVPb"},"name":"Radiohead","uri":"spotify:artist:4Z8W4fKeB5YxbusRsdQVPb","href":"https:\/\/api.spotify.com\/v1\/artists\/4Z8W4fKeB5YxbusRsdQVPb"}],"href":"https:\/\/api.spotify.com\/v1\/tracks\/3Jc6X15OZCCyhGSHBF4hwB","is_local":false,"available_markets":["AD","AE","AL","AR","AT","AU","BA","BE","BG","BH","BO","BR","BY","CA","CH","CL","CO","CR","CY","CZ","DE","DK","DO","DZ","EC","EE","EG","ES","FI","FR","GB","GR","GT","HK","HN","HR","HU","ID","IE","IL","IN","IS","IT","JO","JP","KW","KZ","LB","LI","LT","LU","LV","MA","MC","MD","ME","MK","MT","MX","MY","NI","NL","NO","NZ","OM","PA","PE","PH","PL","PS","PT","PY","QA","RO","RS","RU","SA","SE","SG","SI","SK","SV","TH","TN","TR","TW","UA","US","UY","VN","XK","ZA"],"type":"track","explicit":false,"duration_ms":328293,"external_urls":{"spotify":"https:\/\/open.spotify.com\/track\/3Jc6X15OZCCyhGSHBF4hwB"},"name":"House Of Cards"},{"id":"15ea10YpJIl3mJq75yzqsD","disc_number":1,"uri":"spotify:track:15ea10YpJIl3mJq75yzqsD","artists":[{"type":"artist","id":"4Z8W4fKeB5YxbusRsdQVPb","external_urls":{"spotify":"https:\/\/open.spotify.com\/artist\/4Z8W4fKeB5YxbusRsdQVPb"},"name":"Radiohead","uri":"spotify:artist:4Z8W4fKeB5YxbusRsdQVPb","href":"https:\/\/api.spotify.com\/v1\/artists\/4Z8W4fKeB5YxbusRsdQVPb"}],"href":"https:\/\/api.spotify.com\/v1\/tracks\/15ea10YpJIl3mJq75yzqsD","is_local":false,"available_markets":["AD","AE","AL","AR","AT","AU","BA","BE","BG","BH","BO","BR","BY","CA","CH","CL","CO","CR","CY","CZ","DE","DK","DO","DZ","EC","EE","EG","ES","FI","FR","GB","GR","GT","HK","HN","HR","HU","ID","IE","IL","IN","IS","IT","JO","JP","KW","KZ","LB","LI","LT","LU","LV","MA","MC","MD","ME","MK","MT","MX","MY","NI","NL","NO","NZ","OM","PA","PE","PH","PL","PS","PT","PY","QA","RO","RS","RU","SA","SE","SG","SI","SK","SV","TH","TN","TR","TW","UA","US","UY","VN","XK","ZA"],"type":"track","explicit":false,"duration_ms":248893,"external_urls":{"spotify":"https:\/\/open.spotify.com\/track\/15ea10YpJIl3mJq75yzqsD"},"name":"Jigsaw Falling Into Place"},{"id":"3uxhyRdWVXp7GQvERQl6fA","disc_number":1,"uri":"spotify:track:3uxhyRdWVXp7GQvERQl6fA","artists":[{"type":"artist","id":"4Z8W4fKeB5YxbusRsdQVPb","external_urls":{"spotify":"https:\/\/open.spotify.com\/artist\/4Z8W4fKeB5YxbusRsdQVPb"},"name":"Radiohead","uri":"spotify:artist:4Z8W4fKeB5YxbusRsdQVPb","href":"https:\/\/api.spotify.com\/v1\/artists\/4Z8W4fKeB5YxbusRsdQVPb"}],"href":"https:\/\/api.spotify.com\/v1\/tracks\/3uxhyRdWVXp7GQvERQl6fA","is_local":false,"available_markets":["AD","AE","AL","AR","AT","AU","BA","BE","BG","BH","BO","BR","BY","CA","CH","CL","CO","CR","CY","CZ","DE","DK","DO","DZ","EC","EE","EG","ES","FI","FR","GB","GR","GT","HK","HN","HR","HU","ID","IE","IL","IN","IS","IT","JO","JP","KW","KZ","LB","LI","LT","LU","LV","MA","MC","MD","ME","MK","MT","MX","MY","NI","NL","NO","NZ","OM","PA","PE","PH","PL","PS","PT","PY","QA","RO","RS","RU","SA","SE","SG","SI","SK","SV","TH","TN","TR","TW","UA","US","UY","VN","XK","ZA"],"type":"track","explicit":false,"duration_ms":279634,"external_urls":{"spotify":"https:\/\/open.spotify.com\/track\/3uxhyRdWVXp7GQvERQl6fA"},"name":"Videotape"}],"href":"https:\/\/api.spotify.com\/v1\/albums\/7eyQXxuf2nGj9d2367Gi5f\/tracks?offset=0&limit=50","offset":0,"limit":50},"uri":"spotify:album:7eyQXxuf2nGj9d2367Gi5f","href":"https:\/\/api.spotify.com\/v1\/albums\/7eyQXxuf2nGj9d2367Gi5f","artists":[{"type":"artist","id":"4Z8W4fKeB5YxbusRsdQVPb","external_urls":{"spotify":"https:\/\/open.spotify.com\/artist\/4Z8W4fKeB5YxbusRsdQVPb"},"name":"Radiohead","uri":"spotify:artist:4Z8W4fKeB5YxbusRsdQVPb","href":"https:\/\/api.spotify.com\/v1\/artists\/4Z8W4fKeB5YxbusRsdQVPb"}],"popularity":74,"release_date_precision":"day","available_markets":["AD","AE","AL","AR","AT","AU","BA","BE","BG","BH","BO","BR","BY","CA","CH","CL","CO","CR","CY","CZ","DE","DK","DO","DZ","EC","EE","EG","ES","FI","FR","GB","GR","GT","HK","HN","HR","HU","ID","IE","IL","IN","IS","IT","JO","JP","KW","KZ","LB","LI","LT","LU","LV","MA","MC","MD","ME","MK","MT","MX","MY","NI","NL","NO","NZ","OM","PA","PE","PH","PL","PS","PT","PY","QA","RO","RS","RU","SA","SE","SG","SI","SK","SV","TH","TN","TR","TW","UA","US","UY","VN","XK","ZA"],"copyrights":[{"type":"C","text":"2007 LLLP, LLP under exclusive license to XL Recordings Limited."},{"type":"P","text":"2007 LLLP, LLP under exclusive license to XL Recordings Limited."}],"type":"album","release_date":"2007-12-28","images":[{"width":640,"url":"https:\/\/i.scdn.co\/image\/ab67616d0000b27334733f87148c2fbe0176abdb","height":640},{"width":300,"url":"https:\/\/i.scdn.co\/image\/ab67616d00001e0234733f87148c2fbe0176abdb","height":300},{"width":64,"url":"https:\/\/i.scdn.co\/image\/ab67616d0000485134733f87148c2fbe0176abdb","height":64}],"genres":[],"name":"In Rainbows","external_urls":{"spotify":"https:\/\/open.spotify.com\/album\/7eyQXxuf2nGj9d2367Gi5f"}}