{"external_urls":{"spotify":"https:\/\/open.spotify.com\/playlist\/13S3Kgy80FmqaRjYoECK3U"},"id":"13S3Kgy80FmqaRjYoECK3U","description":"","tracks":{"total":7,"items":[{"added_at":"2020-07-24T08:52:26Z","added_by":{"id":"petervschorn","external_urls":{"spotify":"https:\/\/open.spotify.com\/user\/petervschorn"},"href":"https:\/\/api.spotify.com\/v1\/users\/petervschorn","uri":"spotify:user:petervschorn","type":"user"},"is_local":true,"track":{"name":"Killshot","album":{"type":"album","external_urls":{},"available_markets":[],"name":"","artists":[],"images":[]},"track_number":0,"uri":"spotify:local:Eminem::Killshot:253","artists":[{"name":"Eminem","external_urls":{},"type":"artist"}],"disc_number":0,"is_local":true,"popularity":0,"available_markets":[],"type":"track","explicit":false,"duration_ms":253000,"external_urls":{},"external_ids":{}}},{"added_at":"2020-07-24T08:52:26Z","added_by":{"id":"petervschorn","external_urls":{"spotify":"https:\/\/open.spotify.com\/user\/petervschorn"},"href":"https:\/\/api.spotify.com\/v1\/users\/petervschorn","uri":"spotify:user:petervschorn","type":"user"},"is_local":true,"track":{"name":"Hans Zimmer & Radiohead - Ocean Bloom (full song HQ)","album":{"type":"album","external_urls":{},"available_markets":[],"name":"","artists":[],"images":[]},"track_number":0,"uri":"spotify:local:lrd::Hans+Zimmer+%26+Radiohead+-+Ocean+Bloom+%28full+song+HQ%29:315","artists":[{"name":"lrd","external_urls":{},"type":"artist"}],"disc_number":0,"is_local":true,"popularity":0,"available_markets":[],"type":"track","explicit":false,"duration_ms":315000,"external_urls":{},"external_ids":{}}},{"added_at":"2020-07-24T08:57:44Z","added_by":{"id":"petervschorn","external_urls":{"spotify":"https:\/\/open.spotify.com\/user\/petervschorn"},"href":"https:\/\/api.spotify.com\/v1\/users\/petervschorn","uri":"spotify:user:petervschorn","type":"user"},"is_local":true,"track":{"name":"Echoes - Acoustic Version","album":{"type":"album","external_urls":{},"available_markets":[],"name":"","artists":[],"images":[]},"track_number":0,"uri":"spotify:local:::Echoes+-+Acoustic+Version:348","artists":[{"name":"","external_urls":{},"type":"artist"}],"disc_number":0,"is_local":true,"popularity":0,"available_markets":[],"type":"track","explicit":false,"duration_ms":348000,"external_urls":{},"external_ids":{}}},{"added_at":"2020-10-17T19:10:44Z","added_by":{"id":"petervschorn","external_urls":{"spotify":"https:\/\/open.spotify.com\/user\/petervschorn"},"href":"https:\/\/api.spotify.com\/v1\/users\/petervschorn","uri":"spotify:user:petervschorn","type":"user"},"is_local":false,"track":{"id":"3CSvovzvlYeuWGGoby8mbd","description":"In this episode of the podcast, Sam Harris speaks with Graeme Wood about the breakdown of social order in the U.S. They discuss the recent eruptions of violence, the loss of trust in the media, the cases of Jacob Blake and Kyle Rittenhouse, how to understand police videos, the risks of vigilantism, the politicization of race, the problem of deep fakes, Trump not actually wanting to be president, the prospect that Trump might attempt to pardon himself, and other topics. SUBSCRIBE to continue listening and gain access to all content on samharris.org\/subscribe","languages":["en"],"is_playable":true,"uri":"spotify:episode:3CSvovzvlYeuWGGoby8mbd","href":"https:\/\/api.spotify.com\/v1\/episodes\/3CSvovzvlYeuWGGoby8mbd","release_date_precision":"day","show":{"languages":["en"],"id":"5rgumWEx4FsqIY8e1wJNAk","description":"Join neuroscientist, philosopher, and best-selling author Sam Harris as he explores important and controversial questions about the human mind, society, and current events.  Sam Harris is the author of The End of Faith, Letter to a Christian Nation, The Moral Landscape, Free Will, Lying, Waking Up, and Islam and the Future of Tolerance (with Maajid Nawaz). The End of Faith won the 2005 PEN Award for Nonfiction. His writing has been published in more than 20 languages. Mr. Harris and his work have been discussed in The New York Times, Time, Scientific American, Nature, Newsweek, Rolling Stone, and many other journals. His writing has appeared in The New York Times, The Los Angeles Times, The Economist, Newsweek, The Times (London), The Boston Globe, The Atlantic, The Annals of Neurology, and elsewhere.  Mr. Harris received a degree in philosophy from Stanford University and a Ph.D. in neuroscience from UCLA.","uri":"spotify:show:5rgumWEx4FsqIY8e1wJNAk","href":"https:\/\/api.spotify.com\/v1\/shows\/5rgumWEx4FsqIY8e1wJNAk","media_type":"audio","total_episodes":226,"available_markets":["AD","AE","AL","AR","AT","AU","BA","BE","BG","BH","BO","BR","CA","CH","CL","CO","CR","CY","CZ","DE","DK","DO","DZ","EC","EE","ES","FI","FR","GB","GR","GT","HK","HN","HR","HU","ID","IE","IL","IN","IS","IT","JO","JP","KW","LB","LI","LT","LU","LV","MA","MC","ME","MK","MT","MX","MY","NI","NL","NO","NZ","OM","PA","PE","PH","PL","PS","PT","PY","QA","RO","RS","SE","SG","SI","SK","SV","TH","TN","TR","TW","US","UY","VN","XK","ZA"],"is_externally_hosted":false,"copyrights":[],"explicit":false,"publisher":"Sam Harris","type":"show","images":[{"width":640,"url":"https:\/\/i.scdn.co\/image\/910b5ee2b7a25d8577717bfc1443dc5f162bfbfd","height":640},{"width":300,"url":"https:\/\/i.scdn.co\/image\/093bdc3543cef74cbae2e1978dcd0be7021cfabe","height":300},{"width":64,"url":"https:\/\/i.scdn.co\/image\/a55d33c5075eb8f0d7a7a1dd28a3bf242b9ab9e6","height":64}],"external_urls":{"spotify":"https:\/\/open.spotify.com\/show\/5rgumWEx4FsqIY8e1wJNAk"},"name":"Making Sense with Sam Harris"},"is_externally_hosted":false,"audio_preview_url":"https:\/\/p.scdn.co\/mp3-preview\/a7cbce0647bd21b42b04ec3833bc1d21f900098a","explicit":false,"resume_point":{"resume_position_ms":3000,"fully_played":false},"duration_ms":3056274,"type":"episode","release_date":"2020-09-03","images":[{"width":640,"url":"https:\/\/i.scdn.co\/image\/910b5ee2b7a25d8577717bfc1443dc5f162bfbfd","height":640},{"width":300,"url":"https:\/\/i.scdn.co\/image\/093bdc3543cef74cbae2e1978dcd0be7021cfabe","height":300},{"width":64,"url":"https:\/\/i.scdn.co\/image\/a55d33c5075eb8f0d7a7a1dd28a3bf242b9ab9e6","height":64}],"name":"#216 — September 3, 2020","external_urls":{"spotify":"https:\/\/open.spotify.com\/episode\/3CSvovzvlYeuWGGoby8mbd"}}},{"added_at":"2020-10-17T19:10:56Z","added_by":{"id":"petervschorn","external_urls":{"spotify":"https:\/\/open.spotify.com\/user\/petervschorn"},"href":"https:\/\/api.spotify.com\/v1\/users\/petervschorn","uri":"spotify:user:petervschorn","type":"user"},"is_local":false,"track":{"id":"7nsYz7tSJryO5vVYtkKiot","description":"In this episode of the podcast, Sam Harris speaks with John McWhorter about race, racism, and “anti-racism” in America. They discuss how conceptions of racism have changed, the ubiquitous threat of being branded a “racist,” the contradictions within identity politics, recent echoes of the OJ verdict, willingness among progressives to lose the 2020 election, racism as the all-purpose explanation of racial disparities in the U.S., double standards for the black community, the war on drugs, the lure of identity politics, police violence, the enduring riddle of affirmative action, the politics of “black face,” and other topics. SUBSCRIBE to gain access to all content on samharris.org\/subscribe","languages":["en"],"is_playable":true,"uri":"spotify:episode:7nsYz7tSJryO5vVYtkKiot","href":"https:\/\/api.spotify.com\/v1\/episodes\/7nsYz7tSJryO5vVYtkKiot","release_date_precision":"day","show":{"languages":["en"],"id":"5rgumWEx4FsqIY8e1wJNAk","description":"Join neuroscientist, philosopher, and best-selling author Sam Harris as he explores important and controversial questions about the human mind, society, and current events.  Sam Harris is the author of The End of Faith, Letter to a Christian Nation, The Moral Landscape, Free Will, Lying, Waking Up, and Islam and the Future of Tolerance (with Maajid Nawaz). The End of Faith won the 2005 PEN Award for Nonfiction. His writing has been published in more than 20 languages. Mr. Harris and his work have been discussed in The New York Times, Time, Scientific American, Nature, Newsweek, Rolling Stone, and many other journals. His writing has appeared in The New York Times, The Los Angeles Times, The Economist, Newsweek, The Times (London), The Boston Globe, The Atlantic, The Annals of Neurology, and elsewhere.  Mr. Harris received a degree in philosophy from Stanford University and a Ph.D. in neuroscience from UCLA.","uri":"spotify:show:5rgumWEx4FsqIY8e1wJNAk","href":"https:\/\/api.spotify.com\/v1\/shows\/5rgumWEx4FsqIY8e1wJNAk","media_type":"audio","total_episodes":226,"available_markets":["AD","AE","AL","AR","AT","AU","BA","BE","BG","BH","BO","BR","CA","CH","CL","CO","CR","CY","CZ","DE","DK","DO","DZ","EC","EE","ES","FI","FR","GB","GR","GT","HK","HN","HR","HU","ID","IE","IL","IN","IS","IT","JO","JP","KW","LB","LI","LT","LU","LV","MA","MC","ME","MK","MT","MX","MY","NI","NL","NO","NZ","OM","PA","PE","PH","PL","PS","PT","PY","QA","RO","RS","SE","SG","SI","SK","SV","TH","TN","TR","TW","US","UY","VN","XK","ZA"],"is_externally_hosted":false,"copyrights":[],"explicit":false,"publisher":"Sam Harris","type":"show","images":[{"width":640,"url":"https:\/\/i.scdn.co\/image\/910b5ee2b7a25d8577717bfc1443dc5f162bfbfd","height":640},{"width":300,"url":"https:\/\/i.scdn.co\/image\/093bdc3543cef74cbae2e1978dcd0be7021cfabe","height":300},{"width":64,"url":"https:\/\/i.scdn.co\/image\/a55d33c5075eb8f0d7a7a1dd28a3bf242b9ab9e6","height":64}],"external_urls":{"spotify":"https:\/\/open.spotify.com\/show\/5rgumWEx4FsqIY8e1wJNAk"},"name":"Making Sense with Sam Harris"},"is_externally_hosted":false,"audio_preview_url":"https:\/\/p.scdn.co\/mp3-preview\/17f8310e55df23ba07fa22aef3418b731df808b1","explicit":false,"resume_point":{"resume_position_ms":2001000,"fully_played":false},"duration_ms":4318798,"type":"episode","release_date":"2020-09-17","images":[{"width":640,"url":"https:\/\/i.scdn.co\/image\/910b5ee2b7a25d8577717bfc1443dc5f162bfbfd","height":640},{"width":300,"url":"https:\/\/i.scdn.co\/image\/093bdc3543cef74cbae2e1978dcd0be7021cfabe","height":300},{"width":64,"url":"https:\/\/i.scdn.co\/image\/a55d33c5075eb8f0d7a7a1dd28a3bf242b9ab9e6","height":64}],"name":"#217 — The New Religion of Anti-Racism","external_urls":{"spotify":"https:\/\/open.spotify.com\/episode\/7nsYz7tSJryO5vVYtkKiot"}}},{"added_at":"2020-10-17T19:11:19Z","added_by":{"id":"petervschorn","external_urls":{"spotify":"https:\/\/open.spotify.com\/user\/petervschorn"},"href":"https:\/\/api.spotify.com\/v1\/users\/petervschorn","uri":"spotify:user:petervschorn","type":"user"},"is_local":false,"track":{"id":"5sNggu9wR9lF84tf7VnxDL","description":"Former CIA contractor turned whistleblower Edward Snowden shocked the world when he revealed the misdeeds of the US intelligence community and its allies. Now living in Russia, he is a noted privacy advocate and author who serves as president of the Freedom of the Press Foundation. His book, Permanent Record, is now available in paperback from Henry Holt and Company. ","languages":["en-US"],"is_playable":true,"uri":"spotify:episode:5sNggu9wR9lF84tf7VnxDL","href":"https:\/\/api.spotify.com\/v1\/episodes\/5sNggu9wR9lF84tf7VnxDL","release_date_precision":"day","show":{"languages":["en-US"],"id":"4rOoJ6Egrf8K2IrywzwOMk","description":"The official podcast of comedian Joe Rogan. Follow The Joe Rogan Clips show page for some of the best moments from the episodes.","uri":"spotify:show:4rOoJ6Egrf8K2IrywzwOMk","href":"https:\/\/api.spotify.com\/v1\/shows\/4rOoJ6Egrf8K2IrywzwOMk","media_type":"mixed","total_episodes":1718,"available_markets":["AD","AE","AL","AR","AT","AU","BA","BE","BG","BH","BO","BR","CA","CH","CL","CO","CR","CY","CZ","DE","DK","DO","DZ","EC","EE","ES","FI","FR","GB","GR","GT","HK","HN","HR","HU","ID","IE","IL","IN","IS","IT","JO","JP","KW","LB","LI","LT","LU","LV","MA","MC","ME","MK","MT","MX","MY","NI","NL","NO","NZ","OM","PA","PE","PH","PL","PS","PT","PY","QA","RO","RS","SE","SG","SI","SK","SV","TH","TN","TR","TW","US","UY","VN","XK","ZA"],"is_externally_hosted":false,"copyrights":[],"explicit":true,"publisher":"Joe Rogan","type":"show","images":[{"width":640,"url":"https:\/\/i.scdn.co\/image\/f540d1009c00abb3ebc00ba40e3eccf55e422b09","height":640},{"width":300,"url":"https:\/\/i.scdn.co\/image\/e0dc3ecddee8a4790e4e8e9a553cd5335998a0a2","height":300},{"width":64,"url":"https:\/\/i.scdn.co\/image\/7a2d3adba2888733ff4ebe3532188806ef84bbf7","height":64}],"external_urls":{"spotify":"https:\/\/open.spotify.com\/show\/4rOoJ6Egrf8K2IrywzwOMk"},"name":"The Joe Rogan Experience"},"is_externally_hosted":false,"audio_preview_url":"https:\/\/p.scdn.co\/mp3-preview\/65ac85b7f3a1232c06ebb275d45a2a819f324db2","explicit":true,"resume_point":{"resume_position_ms":0,"fully_played":false},"duration_ms":8919957,"type":"episode","release_date":"2020-09-15","images":[{"width":640,"url":"https:\/\/i.scdn.co\/image\/b7324abc74a5c442e99aa279ecce9595921b8b17","height":640},{"width":640,"url":"https:\/\/i.scdn.co\/image\/b7324abc74a5c442e99aa279ecce9595921b8b17","height":640},{"width":300,"url":"https:\/\/i.scdn.co\/image\/a4f5319f963a0d1cbeee5bfbb42d02fcbc12ca93","height":300},{"width":64,"url":"https:\/\/i.scdn.co\/image\/209f9929f0983f93dd9e89626932217cd92bcf22","height":64}],"name":"#1536 - Edward Snowden","external_urls":{"spotify":"https:\/\/open.spotify.com\/episode\/5sNggu9wR9lF84tf7VnxDL"}}},{"added_at":"2020-10-17T19:11:27Z","added_by":{"id":"petervschorn","external_urls":{"spotify":"https:\/\/open.spotify.com\/user\/petervschorn"},"href":"https:\/\/api.spotify.com\/v1\/users\/petervschorn","uri":"spotify:user:petervschorn","type":"user"},"is_local":false,"track":{"id":"0JpkOdEp5Yv9M4xXHOLyWi","description":"Scientist Lex Fridman researches human-centered artificial intelligence and autonomous vehicles at MIT, and studies Brazilian Jiu-Jitsu in his spare time. Check out his podcast “Lex Fridman Podcast”, available now on Spotify. ","languages":["en-US"],"is_playable":true,"uri":"spotify:episode:0JpkOdEp5Yv9M4xXHOLyWi","href":"https:\/\/api.spotify.com\/v1\/episodes\/0JpkOdEp5Yv9M4xXHOLyWi","release_date_precision":"day","show":{"languages":["en-US"],"id":"4rOoJ6Egrf8K2IrywzwOMk","description":"The official podcast of comedian Joe Rogan. Follow The Joe Rogan Clips show page for some of the best moments from the episodes.","uri":"spotify:show:4rOoJ6Egrf8K2IrywzwOMk","href":"https:\/\/api.spotify.com\/v1\/shows\/4rOoJ6Egrf8K2IrywzwOMk","media_type":"mixed","total_episodes":1718,"available_markets":["AD","AE","AL","AR","AT","AU","BA","BE","BG","BH","BO","BR","CA","CH","CL","CO","CR","CY","CZ","DE","DK","DO","DZ","EC","EE","ES","FI","FR","GB","GR","GT","HK","HN","HR","HU","ID","IE","IL","IN","IS","IT","JO","JP","KW","LB","LI","LT","LU","LV","MA","MC","ME","MK","MT","MX","MY","NI","NL","NO","NZ","OM","PA","PE","PH","PL","PS","PT","PY","QA","RO","RS","SE","SG","SI","SK","SV","TH","TN","TR","TW","US","UY","VN","XK","ZA"],"is_externally_hosted":false,"copyrights":[],"explicit":true,"publisher":"Joe Rogan","type":"show","images":[{"width":640,"url":"https:\/\/i.scdn.co\/image\/f540d1009c00abb3ebc00ba40e3eccf55e422b09","height":640},{"width":300,"url":"https:\/\/i.scdn.co\/image\/e0dc3ecddee8a4790e4e8e9a553cd5335998a0a2","height":300},{"width":64,"url":"https:\/\/i.scdn.co\/image\/7a2d3adba2888733ff4ebe3532188806ef84bbf7","height":64}],"external_urls":{"spotify":"https:\/\/open.spotify.com\/show\/4rOoJ6Egrf8K2IrywzwOMk"},"name":"The Joe Rogan Experience"},"is_externally_hosted":false,"audio_preview_url":"https:\/\/p.scdn.co\/mp3-preview\/e085e752bbe3b7c30e72d846eb57f6909e455a79","explicit":true,"resume_point":{"resume_position_ms":0,"fully_played":false},"duration_ms":10882155,"type":"episode","release_date":"2020-09-16","images":[{"width":640,"url":"https:\/\/i.scdn.co\/image\/c41c3b76f5a5ce6a64f17c632f383eeb17f17e9d","height":640},{"width":640,"url":"https:\/\/i.scdn.co\/image\/c41c3b76f5a5ce6a64f17c632f383eeb17f17e9d","height":640},{"width":300,"url":"https:\/\/i.scdn.co\/image\/76d94cf1200cd9db1cf3d08a84a2645447f1f3e0","height":300},{"width":64,"url":"https:\/\/i.scdn.co\/image\/38f952b3634a8f9ced242616cc69699c9d97901f","height":64}],"name":"#1537 - Lex Fridman","external_urls":{"spotify":"https:\/\/open.spotify.com\/episode\/0JpkOdEp5Yv9M4xXHOLyWi"}}}],"href":"https:\/\/api.spotify.com\/v1\/playlists\/13S3Kgy80FmqaRjYoECK3U\/tracks?offset=0&limit=100&additional_types=track,episode","offset":0,"limit":100},"uri":"spotify:playlist:13S3Kgy80FmqaRjYoECK3U","href":"https:\/\/api.spotify.com\/v1\/playlists\/13S3Kgy80FmqaRjYoECK3U?additional_types=track,episode","owner":{"id":"petervschorn","display_name":"petervschorn","external_urls":{"spotify":"https:\/\/open.spotify.com\/user\/petervschorn"},"href":"https:\/\/api.spotify.com\/v1\/users\/petervschorn","uri":"spotify:user:petervschorn","type":"user"},"name":"Local Songs","collaborative":false,"images":[{"width":640,"url":"https:\/\/i.scdn.co\/image\/910b5ee2b7a25d8577717bfc1443dc5f162bfbfd","height":640}],"followers":{"total":0},"public":true,"snapshot_id":"MjgsMTY4MGJlNDBjM2E3NGRjMWRkOGE0MWViMjVhNzU2ZmViM2EyMGFhMw==","type":"playlist"}