{"id":"468ZwCchVtzEbt9BHmXopb","external_ids":{"upc":"886445613247"},"label":"Pink Floyd Records","tracks":{"total":6,"items":[{"id":"6uU0Hu8oVk9gBihokcrDMH","disc_number":1,"uri":"spotify:track:6uU0Hu8oVk9gBihokcrDMH","artists":[{"type":"artist","id":"0k17h0D3J5VfsdmQ1iZtE9","external_urls":{"spotify":"https:\/\/open.spotify.com\/artist\/0k17h0D3J5VfsdmQ1iZtE9"},"name":"Pink Floyd","uri":"spotify:artist:0k17h0D3J5VfsdmQ1iZtE9","href":"https:\/\/api.spotify.com\/v1\/artists\/0k17h0D3J5VfsdmQ1iZtE9"}],"href":"https:\/\/api.spotify.com\/v1\/tracks\/6uU0Hu8oVk9gBihokcrDMH","is_local":false,"available_markets":["AE","AR","AU","BH","BO","BR","CA","CL","CO","CR","DO","EC","EG","GT","HK","HN","ID","IL","IN","JO","JP","KW","LB","MX","MY","NI","NZ","OM","PA","PE","PH","PS","PY","QA","SA","SG","SV","TH","TN","TW","US","UY","VN","ZA"],"type":"track","explicit":false,"duration_ms":354613,"external_urls":{"spotify":"https:\/\/open.spotify.com\/track\/6uU0Hu8oVk9gBihokcrDMH"},"name":"One of These Days"},{"id":"7krbQbYq63hcwVMNW1R0tD","disc_number":1,"uri":"spotify:track:7krbQbYq63hcwVMNW1R0tD","artists":[{"type":"artist","id":"0k17h0D3J5VfsdmQ1iZtE9","external_urls":{"spotify":"https:\/\/open.spotify.com\/artist\/0k17h0D3J5VfsdmQ1iZtE9"},"name":"Pink Floyd","uri":"spotify:artist:0k17h0D3J5VfsdmQ1iZtE9","href":"https:\/\/api.spotify.com\/v1\/artists\/0k17h0D3J5VfsdmQ1iZtE9"}],"href":"https:\/\/api.spotify.com\/v1\/tracks\/7krbQbYq63hcwVMNW1R0tD","is_local":false,"available_markets":["AE","AR","AU","BH","BO","BR","CA","CL","CO","CR","DO","EC","EG","GT","HK","HN","ID","IL","IN","JO","JP","KW","LB","MX","MY","NI","NZ","OM","PA","PE","PH","PS","PY","QA","SA","SG","SV","TH","TN","TW","US","UY","VN","ZA"],"type":"track","explicit":false,"duration_ms":312893,"external_urls":{"spotify":"https:\/\/open.spotify.com\/track\/7krbQbYq63hcwVMNW1R0tD"},"name":"A Pillow of Winds"},{"id":"7AalBKBoLDR4UmRYRJpdbj","disc_number":1,"uri":"spotify:track:7AalBKBoLDR4UmRYRJpdbj","artists":[{"type":"artist","id":"0k17h0D3J5VfsdmQ1iZtE9","external_urls":{"spotify":"https:\/\/open.spotify.com\/artist\/0k17h0D3J5VfsdmQ1iZtE9"},"name":"Pink Floyd","uri":"spotify:artist:0k17h0D3J5VfsdmQ1iZtE9","href":"https:\/\/api.spotify.com\/v1\/artists\/0k17h0D3J5VfsdmQ1iZtE9"}],"href":"https:\/\/api.spotify.com\/v1\/tracks\/7AalBKBoLDR4UmRYRJpdbj","is_local":false,"available_markets":["AE","AR","AU","BH","BO","BR","CA","CL","CO","CR","DO","EC","EG","GT","HK","HN","ID","IL","IN","JO","JP","KW","LB","MX","MY","NI","NZ","OM","PA","PE","PH","PS","PY","QA","SA","SG","SV","TH","TN","TW","US","UY","VN","ZA"],"type":"track","explicit":false,"duration_ms":367933,"external_urls":{"spotify":"https:\/\/open.spotify.com\/track\/7AalBKBoLDR4UmRYRJpdbj"},"name":"Fearless"},{"id":"3kbUFmLV5SHVQonfOpNgkd","disc_number":1,"uri":"spotify:track:3kbUFmLV5SHVQonfOpNgkd","artists":[{"type":"artist","id":"0k17h0D3J5VfsdmQ1iZtE9","external_urls":{"spotify":"https:\/\/open.spotify.com\/artist\/0k17h0D3J5VfsdmQ1iZtE9"},"name":"Pink Floyd","uri":"spotify:artist:0k17h0D3J5VfsdmQ1iZtE9","href":"https:\/\/api.spotify.com\/v1\/artists\/0k17h0D3J5VfsdmQ1iZtE9"}],"href":"https:\/\/api.spotify.com\/v1\/tracks\/3kbUFmLV5SHVQonfOpNgkd","is_local":false,"available_markets":["AE","AR","AU","BH","BO","BR","CA","CL","CO","CR","DO","EC","EG","GT","HK","HN","ID","IL","IN","JO","JP","KW","LB","MX","MY","NI","NZ","OM","PA","PE","PH","PS","PY","QA","SA","SG","SV","TH","TN","TW","US","UY","VN","ZA"],"type":"track","explicit":false,"duration_ms":223066,"external_urls":{"spotify":"https:\/\/open.spotify.com\/track\/3kbUFmLV5SHVQonfOpNgkd"},"name":"San Tropez"},{"id":"05lNdqc6FhcsxCfS8lJzyE","disc_number":1,"uri":"spotify:track:05lNdqc6FhcsxCfS8lJzyE","artists":[{"type":"artist","id":"0k17h0D3J5VfsdmQ1iZtE9","external_urls":{"spotify":"https:\/\/open.spotify.com\/artist\/0k17h0D3J5VfsdmQ1iZtE9"},"name":"Pink Floyd","uri":"spotify:artist:0k17h0D3J5VfsdmQ1iZtE9","href":"https:\/\/api.spotify.com\/v1\/artists\/0k17h0D3J5VfsdmQ1iZtE9"}],"href":"https:\/\/api.spotify.com\/v1\/tracks\/05lNdqc6FhcsxCfS8lJzyE","is_local":false,"available_markets":["AE","AR","AU","BH","BO","BR","CA","CL","CO","CR","DO","EC","EG","GT","HK","HN","ID","IL","IN","JO","JP","KW","LB","MX","MY","NI","NZ","OM","PA","PE","PH","PS","PY","QA","SA","SG","SV","TH","TN","TW","US","UY","VN","ZA"],"type":"track","explicit":false,"duration_ms":134840,"external_urls":{"spotify":"https:\/\/open.spotify.com\/track\/05lNdqc6FhcsxCfS8lJzyE"},"name":"Seamus"},{"id":"7kriFJLY2KOhw5en9iI2jb","disc_number":1,"uri":"spotify:track:7kriFJLY2KOhw5en9iI2jb","artists":[{"type":"artist","id":"0k17h0D3J5VfsdmQ1iZtE9","external_urls":{"spotify":"https:\/\/open.spotify.com\/artist\/0k17h0D3J5VfsdmQ1iZtE9"},"name":"Pink Floyd","uri":"spotify:artist:0k17h0D3J5VfsdmQ1iZtE9","href":"https:\/\/api.spotify.com\/v1\/artists\/0k17h0D3J5VfsdmQ1iZtE9"}],"href":"https:\/\/api.spotify.com\/v1\/tracks\/7kriFJLY2KOhw5en9iI2jb","is_local":false,"available_markets":["AE","AR","AU","BH","BO","BR","CA","CL","CO","CR","DO","EC","EG","GT","HK","HN","ID","IL","IN","JO","JP","KW","LB","MX","MY","NI","NZ","OM","PA","PE","PH","PS","PY","QA","SA","SG","SV","TH","TN","TW","US","UY","VN","ZA"],"type":"track","explicit":false,"duration_ms":1412451,"external_urls":{"spotify":"https:\/\/open.spotify.com\/track\/7kriFJLY2KOhw5en9iI2jb"},"name":"Echoes"}],"href":"https:\/\/api.spotify.com\/v1\/albums\/468ZwCchVtzEbt9BHmXopb\/tracks?offset=0&limit=50","offset":0,"limit":50},"uri":"spotify:album:468ZwCchVtzEbt9BHmXopb","href":"https:\/\/api.spotify.com\/v1\/albums\/468ZwCchVtzEbt9BHmXopb","artists":[{"type":"artist","id":"0k17h0D3J5VfsdmQ1iZtE9","external_urls":{"spotify":"https:\/\/open.spotify.com\/artist\/0k17h0D3J5VfsdmQ1iZtE9"},"name":"Pink Floyd","uri":"spotify:artist:0k17h0D3J5VfsdmQ1iZtE9","href":"https:\/\/api.spotify.com\/v1\/artists\/0k17h0D3J5VfsdmQ1iZtE9"}],"popularity":62,"release_date_precision":"day","available_markets":["AE","AR","AU","BH","BO","BR","CA","CL","CO","CR","DO","EC","EG","GT","HK","HN","ID","IL","IN","JO","JP","KW","LB","MX","MY","NI","NZ","OM","PA","PE","PH","PS","PY","QA","SA","SG","SV","TH","TN","TW","US","UY","VN","ZA"],"copyrights":[{"type":"P","text":"(P) 2016 The copyright in this sound recording is owned by Pink Floyd Music Ltd., marketed and distributed by Sony Music Entertainment"}],"type":"album","release_date":"1971-11-11","images":[{"width":640,"url":"https:\/\/i.scdn.co\/image\/ab67616d0000b27356a920ebe6d25348c978e0ae","height":640},{"width":300,"url":"https:\/\/i.scdn.co\/image\/ab67616d00001e0256a920ebe6d25348c978e0ae","height":300},{"width":64,"url":"https:\/\/i.scdn.co\/image\/ab67616d0000485156a920ebe6d25348c978e0ae","height":64}],"genres":[],"name":"Meddle","external_urls":{"spotify":"https:\/\/open.spotify.com\/album\/468ZwCchVtzEbt9BHmXopb"}}
