{"external_urls":{"spotify":"https:\/\/open.spotify.com\/playlist\/2EgZjzog2eSfApWQHZVn6t"},"id":"2EgZjzog2eSfApWQHZVn6t","description":"","tracks":{"total":10,"href":"https:\/\/api.spotify.com\/v1\/playlists\/2EgZjzog2eSfApWQHZVn6t\/tracks"},"uri":"spotify:playlist:2EgZjzog2eSfApWQHZVn6t","href":"https:\/\/api.spotify.com\/v1\/playlists\/2EgZjzog2eSfApWQHZVn6t","owner":{"id":"petervschorn","display_name":"petervschorn","external_urls":{"spotify":"https:\/\/open.spotify.com\/user\/petervschorn"},"href":"https:\/\/api.spotify.com\/v1\/users\/petervschorn","uri":"spotify:user:petervschorn","type":"user"},"name":"Men I Trust","collaborative":false,"images":[{"width":640,"url":"https:\/\/mosaic.scdn.co\/640\/ab67616d0000b2734bf3b48e615335264b9fcb22ab67616d0000b273591fa5bb8ab3ec41455d6279ab67616d0000b273b5d2a7e29794ff7e91305aa8ab67616d0000b273dc6d950cc4e0346270892b2a","height":640},{"width":300,"url":"https:\/\/mosaic.scdn.co\/300\/ab67616d0000b2734bf3b48e615335264b9fcb22ab67616d0000b273591fa5bb8ab3ec41455d6279ab67616d0000b273b5d2a7e29794ff7e91305aa8ab67616d0000b273dc6d950cc4e0346270892b2a","height":300},{"width":60,"url":"https:\/\/mosaic.scdn.co\/60\/ab67616d0000b2734bf3b48e615335264b9fcb22ab67616d0000b273591fa5bb8ab3ec41455d6279ab67616d0000b273b5d2a7e29794ff7e91305aa8ab67616d0000b273dc6d950cc4e0346270892b2a","height":60}],"public":true,"snapshot_id":"NDQsYjA1YTZhNDI4NjgyMTYxODk5NzFiZjdkNzYzYjZiYjY3OTc2YTNkZQ==","type":"playlist"}