{"id":"7JIV9UYKpti5xWgq6lfNNJ","name":"Ode To Viceroy","album":{"images":[{"width":640,"url":"https:\/\/i.scdn.co\/image\/ab67616d0000b273681384864fcbda288ed7d365","height":640},{"width":300,"url":"https:\/\/i.scdn.co\/image\/ab67616d00001e02681384864fcbda288ed7d365","height":300},{"width":64,"url":"https:\/\/i.scdn.co\/image\/ab67616d00004851681384864fcbda288ed7d365","height":64}],"release_date_precision":"day","release_date":"2013-08-09","id":"0Skv3s5A99n7dstiJOs0aA","uri":"spotify:album:0Skv3s5A99n7dstiJOs0aA","external_urls":{"spotify":"https:\/\/open.spotify.com\/album\/0Skv3s5A99n7dstiJOs0aA"},"href":"https:\/\/api.spotify.com\/v1\/albums\/0Skv3s5A99n7dstiJOs0aA","available_markets":["AU","NZ"],"type":"album","name":"2","artists":[{"type":"artist","id":"3Sz7ZnJQBIHsXLUSo0OQtM","external_urls":{"spotify":"https:\/\/open.spotify.com\/artist\/3Sz7ZnJQBIHsXLUSo0OQtM"},"name":"Mac DeMarco","uri":"spotify:artist:3Sz7ZnJQBIHsXLUSo0OQtM","href":"https:\/\/api.spotify.com\/v1\/artists\/3Sz7ZnJQBIHsXLUSo0OQtM"}]},"disc_number":1,"uri":"spotify:track:7JIV9UYKpti5xWgq6lfNNJ","artists":[{"type":"artist","id":"3Sz7ZnJQBIHsXLUSo0OQtM","external_urls":{"spotify":"https:\/\/open.spotify.com\/artist\/3Sz7ZnJQBIHsXLUSo0OQtM"},"name":"Mac DeMarco","uri":"spotify:artist:3Sz7ZnJQBIHsXLUSo0OQtM","href":"https:\/\/api.spotify.com\/v1\/artists\/3Sz7ZnJQBIHsXLUSo0OQtM"}],"href":"https:\/\/api.spotify.com\/v1\/tracks\/7JIV9UYKpti5xWgq6lfNNJ","is_local":false,"popularity":43,"available_markets":["AU","NZ"],"type":"track","explicit":false,"duration_ms":233760,"external_urls":{"spotify":"https:\/\/open.spotify.com\/track\/7JIV9UYKpti5xWgq6lfNNJ"},"external_ids":{"isrc":"QMMZN1200050"}}