{"id":"56Z7hbyMrndw1naxb6I5Oi","name":"Reckoner","album":{"images":[{"width":640,"url":"https:\/\/i.scdn.co\/image\/ab67616d0000b27334733f87148c2fbe0176abdb","height":640},{"width":300,"url":"https:\/\/i.scdn.co\/image\/ab67616d00001e0234733f87148c2fbe0176abdb","height":300},{"width":64,"url":"https:\/\/i.scdn.co\/image\/ab67616d0000485134733f87148c2fbe0176abdb","height":64}],"release_date_precision":"day","release_date":"2007-12-28","id":"7eyQXxuf2nGj9d2367Gi5f","uri":"spotify:album:7eyQXxuf2nGj9d2367Gi5f","external_urls":{"spotify":"https:\/\/open.spotify.com\/album\/7eyQXxuf2nGj9d2367Gi5f"},"href":"https:\/\/api.spotify.com\/v1\/albums\/7eyQXxuf2nGj9d2367Gi5f","available_markets":["AD","AE","AL","AR","AT","AU","BA","BE","BG","BH","BO","BR","BY","CA","CH","CL","CO","CR","CY","CZ","DE","DK","DO","DZ","EC","EE","EG","ES","FI","FR","GB","GR","GT","HK","HN","HR","HU","ID","IE","IL","IN","IS","IT","JO","JP","KW","KZ","LB","LI","LT","LU","LV","MA","MC","MD","ME","MK","MT","MX","MY","NI","NL","NO","NZ","OM","PA","PE","PH","PL","PS","PT","PY","QA","RO","RS","RU","SA","SE","SG","SI","SK","SV","TH","TN","TR","TW","UA","US","UY","VN","XK","ZA"],"type":"album","name":"In Rainbows","artists":[{"type":"artist","id":"4Z8W4fKeB5YxbusRsdQVPb","external_urls":{"spotify":"https:\/\/open.spotify.com\/artist\/4Z8W4fKeB5YxbusRsdQVPb"},"name":"Radiohead","uri":"spotify:artist:4Z8W4fKeB5YxbusRsdQVPb","href":"https:\/\/api.spotify.com\/v1\/artists\/4Z8W4fKeB5YxbusRsdQVPb"}]},"disc_number":1,"uri":"spotify:track:56Z7hbyMrndw1naxb6I5Oi","artists":[{"type":"artist","id":"4Z8W4fKeB5YxbusRsdQVPb","external_urls":{"spotify":"https:\/\/open.spotify.com\/artist\/4Z8W4fKeB5YxbusRsdQVPb"},"name":"Radiohead","uri":"spotify:artist:4Z8W4fKeB5YxbusRsdQVPb","href":"https:\/\/api.spotify.com\/v1\/artists\/4Z8W4fKeB5YxbusRsdQVPb"}],"href":"https:\/\/api.spotify.com\/v1\/tracks\/56Z7hbyMrndw1naxb6I5Oi","is_local":false,"popularity":62,"available_markets":["AD","AE","AL","AR","AT","AU","BA","BE","BG","BH","BO","BR","BY","CA","CH","CL","CO","CR","CY","CZ","DE","DK","DO","DZ","EC","EE","EG","ES","FI","FR","GB","GR","GT","HK","HN","HR","HU","ID","IE","IL","IN","IS","IT","JO","JP","KW","KZ","LB","LI","LT","LU","LV","MA","MC","MD","ME","MK","MT","MX","MY","NI","NL","NO","NZ","OM","PA","PE","PH","PL","PS","PT","PY","QA","RO","RS","RU","SA","SE","SG","SI","SK","SV","TH","TN","TR","TW","UA","US","UY","VN","XK","ZA"],"type":"track","explicit":false,"duration_ms":290213,"external_urls":{"spotify":"https:\/\/open.spotify.com\/track\/56Z7hbyMrndw1naxb6I5Oi"},"external_ids":{"isrc":"GBSTK0700007"}}