{"external_urls":{"spotify":"https:\/\/open.spotify.com\/playlist\/37i9dQZF1DWXRqgorJj26U"},"id":"37i9dQZF1DWXRqgorJj26U","description":"Rock legends and epic songs that continue to inspire generations.","tracks":{"total":145,"href":"https:\/\/api.spotify.com\/v1\/playlists\/37i9dQZF1DWXRqgorJj26U\/tracks"},"uri":"spotify:playlist:37i9dQZF1DWXRqgorJj26U","href":"https:\/\/api.spotify.com\/v1\/playlists\/37i9dQZF1DWXRqgorJj26U","owner":{"id":"spotify","display_name":"Spotify","external_urls":{"spotify":"https:\/\/open.spotify.com\/user\/spotify"},"href":"https:\/\/api.spotify.com\/v1\/users\/spotify","uri":"spotify:user:spotify","type":"user"},"name":"Rock Classics","collaborative":false,"images":[{"url":"https:\/\/i.scdn.co\/image\/ab67706f00000003519fc8771d90f496501a4da3"}],"public":false,"snapshot_id":"MTYwMDc5MTM4OSwwMDAwMDA1NzAwMDAwMTc0YjY5YTI1OGMwMDAwMDE3M2ZlNjNkYjRm","type":"playlist"}