{"id":"3d1cFPfj3kZB27D4b8ZJm2","description":"In this episode of the podcast, Sam Harris speaks with Siddhartha Mukherjee about our ongoing failure to adequately respond to the Covid-19 pandemic. They discuss the significance of asymptomatic spread, the lack of Chinese cooperation, the failures of testing, travel restrictions, the missteps of the FDA and the CDC, controversy around masks, the lack of coordination among the states, conspiracy thinking about mortality statistics, the political contamination of public health information, electronic medical records, preparing for the next pandemic, the immunology of Covid-19, the long term consequences of the disease, concerns about a vaccine, the coming prospect of school openings, and other topics. SUBSCRIBE to continue listening and gain access to all content on samharris.org\/subscribe","languages":["en"],"is_playable":true,"uri":"spotify:episode:3d1cFPfj3kZB27D4b8ZJm2","href":"https:\/\/api.spotify.com\/v1\/episodes\/3d1cFPfj3kZB27D4b8ZJm2","release_date_precision":"day","show":{"languages":["en"],"id":"5rgumWEx4FsqIY8e1wJNAk","description":"Join neuroscientist, philosopher, and best-selling author Sam Harris as he explores important and controversial questions about the human mind, society, and current events.  Sam Harris is the author of The End of Faith, Letter to a Christian Nation, The Moral Landscape, Free Will, Lying, Waking Up, and Islam and the Future of Tolerance (with Maajid Nawaz). The End of Faith won the 2005 PEN Award for Nonfiction. His writing has been published in more than 20 languages. Mr. Harris and his work have been discussed in The New York Times, Time, Scientific American, Nature, Newsweek, Rolling Stone, and many other journals. His writing has appeared in The New York Times, The Los Angeles Times, The Economist, Newsweek, The Times (London), The Boston Globe, The Atlantic, The Annals of Neurology, and elsewhere.  Mr. Harris received a degree in philosophy from Stanford University and a Ph.D. in neuroscience from UCLA.","uri":"spotify:show:5rgumWEx4FsqIY8e1wJNAk","href":"https:\/\/api.spotify.com\/v1\/shows\/5rgumWEx4FsqIY8e1wJNAk","media_type":"audio","available_markets":["AD","AE","AL","AR","AT","AU","BA","BE","BG","BH","BO","BR","CA","CH","CL","CO","CR","CY","CZ","DE","DK","DO","DZ","EC","EE","ES","FI","FR","GB","GR","GT","HK","HN","HR","HU","ID","IE","IL","IN","IS","IT","JO","JP","KW","LB","LI","LT","LU","LV","MA","MC","ME","MK","MT","MX","MY","NI","NL","NO","NZ","OM","PA","PE","PH","PL","PS","PT","PY","QA","RO","RS","SE","SG","SI","SK","SV","TH","TN","TR","TW","US","UY","VN","XK","ZA"],"is_externally_hosted":false,"copyrights":[],"explicit":false,"publisher":"Sam Harris","type":"show","images":[{"width":640,"url":"https:\/\/i.scdn.co\/image\/910b5ee2b7a25d8577717bfc1443dc5f162bfbfd","height":640},{"width":300,"url":"https:\/\/i.scdn.co\/image\/093bdc3543cef74cbae2e1978dcd0be7021cfabe","height":300},{"width":64,"url":"https:\/\/i.scdn.co\/image\/a55d33c5075eb8f0d7a7a1dd28a3bf242b9ab9e6","height":64}],"external_urls":{"spotify":"https:\/\/open.spotify.com\/show\/5rgumWEx4FsqIY8e1wJNAk"},"name":"Making Sense with Sam Harris"},"is_externally_hosted":false,"audio_preview_url":"https:\/\/p.scdn.co\/mp3-preview\/ae1c085e64591d1e92b3a0ec8fb23854a37fba1b","explicit":false,"resume_point":{"resume_position_ms":6000,"fully_played":false},"duration_ms":2794580,"type":"episode","release_date":"2020-08-13","images":[{"width":640,"url":"https:\/\/i.scdn.co\/image\/910b5ee2b7a25d8577717bfc1443dc5f162bfbfd","height":640},{"width":300,"url":"https:\/\/i.scdn.co\/image\/093bdc3543cef74cbae2e1978dcd0be7021cfabe","height":300},{"width":64,"url":"https:\/\/i.scdn.co\/image\/a55d33c5075eb8f0d7a7a1dd28a3bf242b9ab9e6","height":64}],"name":"#214 — August 13, 2020","external_urls":{"spotify":"https:\/\/open.spotify.com\/episode\/3d1cFPfj3kZB27D4b8ZJm2"}}