{"images":[{"width":640,"url":"https:\/\/i.scdn.co\/image\/e7037cff3df768f43634218a4d04ecf70f3db1a7","height":640},{"width":320,"url":"https:\/\/i.scdn.co\/image\/fad7d45409e7281d60d7725a4eda1815eb6d954d","height":320},{"width":160,"url":"https:\/\/i.scdn.co\/image\/8c74ab329666241012938d934898d847a4039163","height":160}],"genres":["indie soul","psychedelic soul"],"id":"1itM5tXaK5THggpXA7ovAe","external_urls":{"spotify":"https:\/\/open.spotify.com\/artist\/1itM5tXaK5THggpXA7ovAe"},"popularity":59,"followers":{"total":137337},"href":"https:\/\/api.spotify.com\/v1\/artists\/1itM5tXaK5THggpXA7ovAe","type":"artist","name":"Skinshape","uri":"spotify:artist:1itM5tXaK5THggpXA7ovAe"}