{"id":"1qMDN9zRQreK81cJ9G1hed","external_ids":{"upc":"659457237332"},"label":"Stones Throw Records","tracks":{"total":11,"items":[{"id":"6JZv5f9ufV0Uz7VbGpd2DL","disc_number":1,"uri":"spotify:track:6JZv5f9ufV0Uz7VbGpd2DL","artists":[{"type":"artist","id":"5J81VungUjSVHxlPpTI9KG","external_urls":{"spotify":"https:\/\/open.spotify.com\/artist\/5J81VungUjSVHxlPpTI9KG"},"name":"Mild High Club","uri":"spotify:artist:5J81VungUjSVHxlPpTI9KG","href":"https:\/\/api.spotify.com\/v1\/artists\/5J81VungUjSVHxlPpTI9KG"}],"href":"https:\/\/api.spotify.com\/v1\/tracks\/6JZv5f9ufV0Uz7VbGpd2DL","is_local":false,"available_markets":["AD","AE","AL","AR","AT","AU","BA","BE","BG","BH","BO","BR","BY","CA","CH","CL","CO","CR","CY","CZ","DE","DK","DO","DZ","EC","EE","EG","ES","FI","FR","GB","GR","GT","HK","HN","HR","HU","ID","IE","IL","IN","IS","IT","JO","JP","KW","KZ","LB","LI","LT","LU","LV","MA","MC","MD","ME","MK","MT","MX","MY","NI","NL","NO","NZ","OM","PA","PE","PH","PL","PS","PT","PY","QA","RO","RS","RU","SA","SE","SG","SI","SK","SV","TH","TN","TR","TW","UA","US","UY","VN","XK","ZA"],"type":"track","explicit":false,"duration_ms":219646,"external_urls":{"spotify":"https:\/\/open.spotify.com\/track\/6JZv5f9ufV0Uz7VbGpd2DL"},"name":"Skiptracing"},{"id":"7pegxVesMmE2qK0o58xoFG","disc_number":1,"uri":"spotify:track:7pegxVesMmE2qK0o58xoFG","artists":[{"type":"artist","id":"5J81VungUjSVHxlPpTI9KG","external_urls":{"spotify":"https:\/\/open.spotify.com\/artist\/5J81VungUjSVHxlPpTI9KG"},"name":"Mild High Club","uri":"spotify:artist:5J81VungUjSVHxlPpTI9KG","href":"https:\/\/api.spotify.com\/v1\/artists\/5J81VungUjSVHxlPpTI9KG"}],"href":"https:\/\/api.spotify.com\/v1\/tracks\/7pegxVesMmE2qK0o58xoFG","is_local":false,"available_markets":["AD","AE","AL","AR","AT","AU","BA","BE","BG","BH","BO","BR","BY","CA","CH","CL","CO","CR","CY","CZ","DE","DK","DO","DZ","EC","EE","EG","ES","FI","FR","GB","GR","GT","HK","HN","HR","HU","ID","IE","IL","IN","IS","IT","JO","JP","KW","KZ","LB","LI","LT","LU","LV","MA","MC","MD","ME","MK","MT","MX","MY","NI","NL","NO","NZ","OM","PA","PE","PH","PL","PS","PT","PY","QA","RO","RS","RU","SA","SE","SG","SI","SK","SV","TH","TN","TR","TW","UA","US","UY","VN","XK","ZA"],"type":"track","explicit":false,"duration_ms":177493,"external_urls":{"spotify":"https:\/\/open.spotify.com\/track\/7pegxVesMmE2qK0o58xoFG"},"name":"Homage"},{"id":"7hniD3L7AJUoBpytFpkcDn","disc_number":1,"uri":"spotify:track:7hniD3L7AJUoBpytFpkcDn","artists":[{"type":"artist","id":"5J81VungUjSVHxlPpTI9KG","external_urls":{"spotify":"https:\/\/open.spotify.com\/artist\/5J81VungUjSVHxlPpTI9KG"},"name":"Mild High Club","uri":"spotify:artist:5J81VungUjSVHxlPpTI9KG","href":"https:\/\/api.spotify.com\/v1\/artists\/5J81VungUjSVHxlPpTI9KG"}],"href":"https:\/\/api.spotify.com\/v1\/tracks\/7hniD3L7AJUoBpytFpkcDn","is_local":false,"available_markets":["AD","AE","AL","AR","AT","AU","BA","BE","BG","BH","BO","BR","BY","CA","CH","CL","CO","CR","CY","CZ","DE","DK","DO","DZ","EC","EE","EG","ES","FI","FR","GB","GR","GT","HK","HN","HR","HU","ID","IE","IL","IN","IS","IT","JO","JP","KW","KZ","LB","LI","LT","LU","LV","MA","MC","MD","ME","MK","MT","MX","MY","NI","NL","NO","NZ","OM","PA","PE","PH","PL","PS","PT","PY","QA","RO","RS","RU","SA","SE","SG","SI","SK","SV","TH","TN","TR","TW","UA","US","UY","VN","XK","ZA"],"type":"track","explicit":false,"duration_ms":233136,"external_urls":{"spotify":"https:\/\/open.spotify.com\/track\/7hniD3L7AJUoBpytFpkcDn"},"name":"Cary Me Back"},{"id":"7qPdc4CH1GGZaHBImyoZ69","disc_number":1,"uri":"spotify:track:7qPdc4CH1GGZaHBImyoZ69","artists":[{"type":"artist","id":"5J81VungUjSVHxlPpTI9KG","external_urls":{"spotify":"https:\/\/open.spotify.com\/artist\/5J81VungUjSVHxlPpTI9KG"},"name":"Mild High Club","uri":"spotify:artist:5J81VungUjSVHxlPpTI9KG","href":"https:\/\/api.spotify.com\/v1\/artists\/5J81VungUjSVHxlPpTI9KG"}],"href":"https:\/\/api.spotify.com\/v1\/tracks\/7qPdc4CH1GGZaHBImyoZ69","is_local":false,"available_markets":["AD","AE","AL","AR","AT","AU","BA","BE","BG","BH","BO","BR","BY","CA","CH","CL","CO","CR","CY","CZ","DE","DK","DO","DZ","EC","EE","EG","ES","FI","FR","GB","GR","GT","HK","HN","HR","HU","ID","IE","IL","IN","IS","IT","JO","JP","KW","KZ","LB","LI","LT","LU","LV","MA","MC","MD","ME","MK","MT","MX","MY","NI","NL","NO","NZ","OM","PA","PE","PH","PL","PS","PT","PY","QA","RO","RS","RU","SA","SE","SG","SI","SK","SV","TH","TN","TR","TW","UA","US","UY","VN","XK","ZA"],"type":"track","explicit":false,"duration_ms":152824,"external_urls":{"spotify":"https:\/\/open.spotify.com\/track\/7qPdc4CH1GGZaHBImyoZ69"},"name":"Tesselation"},{"id":"2fz1oSWtnrPYSmwgStV7VG","disc_number":1,"uri":"spotify:track:2fz1oSWtnrPYSmwgStV7VG","artists":[{"type":"artist","id":"5J81VungUjSVHxlPpTI9KG","external_urls":{"spotify":"https:\/\/open.spotify.com\/artist\/5J81VungUjSVHxlPpTI9KG"},"name":"Mild High Club","uri":"spotify:artist:5J81VungUjSVHxlPpTI9KG","href":"https:\/\/api.spotify.com\/v1\/artists\/5J81VungUjSVHxlPpTI9KG"}],"href":"https:\/\/api.spotify.com\/v1\/tracks\/2fz1oSWtnrPYSmwgStV7VG","is_local":false,"available_markets":["AD","AE","AL","AR","AT","AU","BA","BE","BG","BH","BO","BR","BY","CA","CH","CL","CO","CR","CY","CZ","DE","DK","DO","DZ","EC","EE","EG","ES","FI","FR","GB","GR","GT","HK","HN","HR","HU","ID","IE","IL","IN","IS","IT","JO","JP","KW","KZ","LB","LI","LT","LU","LV","MA","MC","MD","ME","MK","MT","MX","MY","NI","NL","NO","NZ","OM","PA","PE","PH","PL","PS","PT","PY","QA","RO","RS","RU","SA","SE","SG","SI","SK","SV","TH","TN","TR","TW","UA","US","UY","VN","XK","ZA"],"type":"track","explicit":false,"duration_ms":148019,"external_urls":{"spotify":"https:\/\/open.spotify.com\/track\/2fz1oSWtnrPYSmwgStV7VG"},"name":"Head Out"},{"id":"4DD08d0HLC2TxUKfTTj39F","disc_number":1,"uri":"spotify:track:4DD08d0HLC2TxUKfTTj39F","artists":[{"type":"artist","id":"5J81VungUjSVHxlPpTI9KG","external_urls":{"spotify":"https:\/\/open.spotify.com\/artist\/5J81VungUjSVHxlPpTI9KG"},"name":"Mild High Club","uri":"spotify:artist:5J81VungUjSVHxlPpTI9KG","href":"https:\/\/api.spotify.com\/v1\/artists\/5J81VungUjSVHxlPpTI9KG"}],"href":"https:\/\/api.spotify.com\/v1\/tracks\/4DD08d0HLC2TxUKfTTj39F","is_local":false,"available_markets":["AD","AE","AL","AR","AT","AU","BA","BE","BG","BH","BO","BR","BY","CA","CH","CL","CO","CR","CY","CZ","DE","DK","DO","DZ","EC","EE","EG","ES","FI","FR","GB","GR","GT","HK","HN","HR","HU","ID","IE","IL","IN","IS","IT","JO","JP","KW","KZ","LB","LI","LT","LU","LV","MA","MC","MD","ME","MK","MT","MX","MY","NI","NL","NO","NZ","OM","PA","PE","PH","PL","PS","PT","PY","QA","RO","RS","RU","SA","SE","SG","SI","SK","SV","TH","TN","TR","TW","UA","US","UY","VN","XK","ZA"],"type":"track","explicit":false,"duration_ms":175459,"external_urls":{"spotify":"https:\/\/open.spotify.com\/track\/4DD08d0HLC2TxUKfTTj39F"},"name":"Kokopelli"},{"id":"3ZIchjRO9BO8PP4FOnih8w","disc_number":1,"uri":"spotify:track:3ZIchjRO9BO8PP4FOnih8w","artists":[{"type":"artist","id":"5J81VungUjSVHxlPpTI9KG","external_urls":{"spotify":"https:\/\/open.spotify.com\/artist\/5J81VungUjSVHxlPpTI9KG"},"name":"Mild High Club","uri":"spotify:artist:5J81VungUjSVHxlPpTI9KG","href":"https:\/\/api.spotify.com\/v1\/artists\/5J81VungUjSVHxlPpTI9KG"}],"href":"https:\/\/api.spotify.com\/v1\/tracks\/3ZIchjRO9BO8PP4FOnih8w","is_local":false,"available_markets":["AD","AE","AL","AR","AT","AU","BA","BE","BG","BH","BO","BR","BY","CA","CH","CL","CO","CR","CY","CZ","DE","DK","DO","DZ","EC","EE","EG","ES","FI","FR","GB","GR","GT","HK","HN","HR","HU","ID","IE","IL","IN","IS","IT","JO","JP","KW","KZ","LB","LI","LT","LU","LV","MA","MC","MD","ME","MK","MT","MX","MY","NI","NL","NO","NZ","OM","PA","PE","PH","PL","PS","PT","PY","QA","RO","RS","RU","SA","SE","SG","SI","SK","SV","TH","TN","TR","TW","UA","US","UY","VN","XK","ZA"],"type":"track","explicit":false,"duration_ms":129206,"external_urls":{"spotify":"https:\/\/open.spotify.com\/track\/3ZIchjRO9BO8PP4FOnih8w"},"name":"¿Whodunit?"},{"id":"3nKt6M6Ua2XOqNaydR98L8","disc_number":1,"uri":"spotify:track:3nKt6M6Ua2XOqNaydR98L8","artists":[{"type":"artist","id":"5J81VungUjSVHxlPpTI9KG","external_urls":{"spotify":"https:\/\/open.spotify.com\/artist\/5J81VungUjSVHxlPpTI9KG"},"name":"Mild High Club","uri":"spotify:artist:5J81VungUjSVHxlPpTI9KG","href":"https:\/\/api.spotify.com\/v1\/artists\/5J81VungUjSVHxlPpTI9KG"}],"href":"https:\/\/api.spotify.com\/v1\/tracks\/3nKt6M6Ua2XOqNaydR98L8","is_local":false,"available_markets":["AD","AE","AL","AR","AT","AU","BA","BE","BG","BH","BO","BR","BY","CA","CH","CL","CO","CR","CY","CZ","DE","DK","DO","DZ","EC","EE","EG","ES","FI","FR","GB","GR","GT","HK","HN","HR","HU","ID","IE","IL","IN","IS","IT","JO","JP","KW","KZ","LB","LI","LT","LU","LV","MA","MC","MD","ME","MK","MT","MX","MY","NI","NL","NO","NZ","OM","PA","PE","PH","PL","PS","PT","PY","QA","RO","RS","RU","SA","SE","SG","SI","SK","SV","TH","TN","TR","TW","UA","US","UY","VN","XK","ZA"],"type":"track","explicit":false,"duration_ms":246789,"external_urls":{"spotify":"https:\/\/open.spotify.com\/track\/3nKt6M6Ua2XOqNaydR98L8"},"name":"Chasing My Tail"},{"id":"1DHr0P9n9TJgUr6NFcpVy5","disc_number":1,"uri":"spotify:track:1DHr0P9n9TJgUr6NFcpVy5","artists":[{"type":"artist","id":"5J81VungUjSVHxlPpTI9KG","external_urls":{"spotify":"https:\/\/open.spotify.com\/artist\/5J81VungUjSVHxlPpTI9KG"},"name":"Mild High Club","uri":"spotify:artist:5J81VungUjSVHxlPpTI9KG","href":"https:\/\/api.spotify.com\/v1\/artists\/5J81VungUjSVHxlPpTI9KG"}],"href":"https:\/\/api.spotify.com\/v1\/tracks\/1DHr0P9n9TJgUr6NFcpVy5","is_local":false,"available_markets":["AD","AE","AL","AR","AT","AU","BA","BE","BG","BH","BO","BR","BY","CA","CH","CL","CO","CR","CY","CZ","DE","DK","DO","DZ","EC","EE","EG","ES","FI","FR","GB","GR","GT","HK","HN","HR","HU","ID","IE","IL","IN","IS","IT","JO","JP","KW","KZ","LB","LI","LT","LU","LV","MA","MC","MD","ME","MK","MT","MX","MY","NI","NL","NO","NZ","OM","PA","PE","PH","PL","PS","PT","PY","QA","RO","RS","RU","SA","SE","SG","SI","SK","SV","TH","TN","TR","TW","UA","US","UY","VN","XK","ZA"],"type":"track","explicit":false,"duration_ms":37397,"external_urls":{"spotify":"https:\/\/open.spotify.com\/track\/1DHr0P9n9TJgUr6NFcpVy5"},"name":"Ceiling Zero"},{"id":"0Hj5n2RMrcpa1NhamwCTuk","disc_number":1,"uri":"spotify:track:0Hj5n2RMrcpa1NhamwCTuk","artists":[{"type":"artist","id":"5J81VungUjSVHxlPpTI9KG","external_urls":{"spotify":"https:\/\/open.spotify.com\/artist\/5J81VungUjSVHxlPpTI9KG"},"name":"Mild High Club","uri":"spotify:artist:5J81VungUjSVHxlPpTI9KG","href":"https:\/\/api.spotify.com\/v1\/artists\/5J81VungUjSVHxlPpTI9KG"}],"href":"https:\/\/api.spotify.com\/v1\/tracks\/0Hj5n2RMrcpa1NhamwCTuk","is_local":false,"available_markets":["AD","AE","AL","AR","AT","AU","BA","BE","BG","BH","BO","BR","BY","CA","CH","CL","CO","CR","CY","CZ","DE","DK","DO","DZ","EC","EE","EG","ES","FI","FR","GB","GR","GT","HK","HN","HR","HU","ID","IE","IL","IN","IS","IT","JO","JP","KW","KZ","LB","LI","LT","LU","LV","MA","MC","MD","ME","MK","MT","MX","MY","NI","NL","NO","NZ","OM","PA","PE","PH","PL","PS","PT","PY","QA","RO","RS","RU","SA","SE","SG","SI","SK","SV","TH","TN","TR","TW","UA","US","UY","VN","XK","ZA"],"type":"track","explicit":false,"duration_ms":272950,"external_urls":{"spotify":"https:\/\/open.spotify.com\/track\/0Hj5n2RMrcpa1NhamwCTuk"},"name":"Chapel Perilous"},{"id":"4IU22Omp6BqHnbTQ4bjz2P","disc_number":1,"uri":"spotify:track:4IU22Omp6BqHnbTQ4bjz2P","artists":[{"type":"artist","id":"5J81VungUjSVHxlPpTI9KG","external_urls":{"spotify":"https:\/\/open.spotify.com\/artist\/5J81VungUjSVHxlPpTI9KG"},"name":"Mild High Club","uri":"spotify:artist:5J81VungUjSVHxlPpTI9KG","href":"https:\/\/api.spotify.com\/v1\/artists\/5J81VungUjSVHxlPpTI9KG"}],"href":"https:\/\/api.spotify.com\/v1\/tracks\/4IU22Omp6BqHnbTQ4bjz2P","is_local":false,"available_markets":["AD","AE","AL","AR","AT","AU","BA","BE","BG","BH","BO","BR","BY","CA","CH","CL","CO","CR","CY","CZ","DE","DK","DO","DZ","EC","EE","EG","ES","FI","FR","GB","GR","GT","HK","HN","HR","HU","ID","IE","IL","IN","IS","IT","JO","JP","KW","KZ","LB","LI","LT","LU","LV","MA","MC","MD","ME","MK","MT","MX","MY","NI","NL","NO","NZ","OM","PA","PE","PH","PL","PS","PT","PY","QA","RO","RS","RU","SA","SE","SG","SI","SK","SV","TH","TN","TR","TW","UA","US","UY","VN","XK","ZA"],"type":"track","explicit":false,"duration_ms":33013,"external_urls":{"spotify":"https:\/\/open.spotify.com\/track\/4IU22Omp6BqHnbTQ4bjz2P"},"name":"Skiptracing (Reprise)"}],"href":"https:\/\/api.spotify.com\/v1\/albums\/1qMDN9zRQreK81cJ9G1hed\/tracks?offset=0&limit=50","offset":0,"limit":50},"uri":"spotify:album:1qMDN9zRQreK81cJ9G1hed","href":"https:\/\/api.spotify.com\/v1\/albums\/1qMDN9zRQreK81cJ9G1hed","artists":[{"type":"artist","id":"5J81VungUjSVHxlPpTI9KG","external_urls":{"spotify":"https:\/\/open.spotify.com\/artist\/5J81VungUjSVHxlPpTI9KG"},"name":"Mild High Club","uri":"spotify:artist:5J81VungUjSVHxlPpTI9KG","href":"https:\/\/api.spotify.com\/v1\/artists\/5J81VungUjSVHxlPpTI9KG"}],"popularity":71,"release_date_precision":"day","available_markets":["AD","AE","AL","AR","AT","AU","BA","BE","BG","BH","BO","BR","BY","CA","CH","CL","CO","CR","CY","CZ","DE","DK","DO","DZ","EC","EE","EG","ES","FI","FR","GB","GR","GT","HK","HN","HR","HU","ID","IE","IL","IN","IS","IT","JO","JP","KW","KZ","LB","LI","LT","LU","LV","MA","MC","MD","ME","MK","MT","MX","MY","NI","NL","NO","NZ","OM","PA","PE","PH","PL","PS","PT","PY","QA","RO","RS","RU","SA","SE","SG","SI","SK","SV","TH","TN","TR","TW","UA","US","UY","VN","XK","ZA"],"copyrights":[{"type":"C","text":"2016 Stones Throw Records"},{"type":"P","text":"2016 Stones Throw"}],"type":"album","release_date":"2016-08-26","images":[{"width":640,"url":"https:\/\/i.scdn.co\/image\/ab67616d0000b273f21a3ad00e4ba69911d61bcc","height":640},{"width":300,"url":"https:\/\/i.scdn.co\/image\/ab67616d00001e02f21a3ad00e4ba69911d61bcc","height":300},{"width":64,"url":"https:\/\/i.scdn.co\/image\/ab67616d00004851f21a3ad00e4ba69911d61bcc","height":64}],"genres":[],"name":"Skiptracing","external_urls":{"spotify":"https:\/\/open.spotify.com\/album\/1qMDN9zRQreK81cJ9G1hed"}}