{"images":[{"width":640,"url":"https:\/\/i.scdn.co\/image\/6b2a709752ef9c7aaf0d270344157f6cd2e0f1a7","height":640},{"width":320,"url":"https:\/\/i.scdn.co\/image\/1047bf172446f2a815a99ab0a0395099d621be51","height":320},{"width":160,"url":"https:\/\/i.scdn.co\/image\/0561b59a91a5e904ad2d192747715688d5f05012","height":160}],"genres":["beatlesque","british invasion","classic rock","merseybeat","psychedelic rock","rock"],"id":"3WrFJ7ztbogyGnTHbHJFl2","external_urls":{"spotify":"https:\/\/open.spotify.com\/artist\/3WrFJ7ztbogyGnTHbHJFl2"},"popularity":89,"followers":{"total":17306061},"href":"https:\/\/api.spotify.com\/v1\/artists\/3WrFJ7ztbogyGnTHbHJFl2","type":"artist","name":"The Beatles","uri":"spotify:artist:3WrFJ7ztbogyGnTHbHJFl2"}