{"external_urls":{"spotify":"https:\/\/open.spotify.com\/playlist\/37i9dQZF1DWYq5msVbwd94"},"id":"37i9dQZF1DWYq5msVbwd94","description":"A taste of the influential <a href=\"spotify:artist:5UqTO8smerMvxHYA5xsXb6\">band<\/a>'s catalog. See their timeline <a href=\"http:\/\/carolinetimeline.com\/sonicyouth\">here<\/a>.","tracks":{"total":43,"href":"https:\/\/api.spotify.com\/v1\/playlists\/37i9dQZF1DWYq5msVbwd94\/tracks"},"uri":"spotify:playlist:37i9dQZF1DWYq5msVbwd94","href":"https:\/\/api.spotify.com\/v1\/playlists\/37i9dQZF1DWYq5msVbwd94","owner":{"id":"spotify","display_name":"Spotify","external_urls":{"spotify":"https:\/\/open.spotify.com\/user\/spotify"},"href":"https:\/\/api.spotify.com\/v1\/users\/spotify","uri":"spotify:user:spotify","type":"user"},"name":"This Is: Sonic Youth","collaborative":false,"images":[{"url":"https:\/\/i.scdn.co\/image\/ab67706f00000003d12f1fd59b35f77942ab4385"}],"public":false,"snapshot_id":"MTU4Mzg0Nzc1OSwwMDAwMDAwNzAwMDAwMTYxNGUwYTRmY2IwMDAwMDE3MGM0YWVkZjYx","type":"playlist"}