{"external_urls":{"spotify":"https:\/\/open.spotify.com\/playlist\/37i9dQZF1DZ06evO1nxlXq"},"id":"37i9dQZF1DZ06evO1nxlXq","description":"This is MF DOOM. The essential tracks, all in one playlist.","tracks":{"total":39,"href":"https:\/\/api.spotify.com\/v1\/playlists\/37i9dQZF1DZ06evO1nxlXq\/tracks"},"uri":"spotify:playlist:37i9dQZF1DZ06evO1nxlXq","href":"https:\/\/api.spotify.com\/v1\/playlists\/37i9dQZF1DZ06evO1nxlXq","owner":{"id":"spotify","display_name":"Spotify","external_urls":{"spotify":"https:\/\/open.spotify.com\/user\/spotify"},"href":"https:\/\/api.spotify.com\/v1\/users\/spotify","uri":"spotify:user:spotify","type":"user"},"name":"This Is MF DOOM","collaborative":false,"images":[{"url":"https:\/\/thisis-images.scdn.co\/37i9dQZF1DZ06evO1nxlXq-large.jpg"}],"public":false,"snapshot_id":"MjY3MTU1MzgsMDAwMDAwMDA1YTA2MjE0YmJlYjZjYWZhNjc3MzcxZTkwNTJhYzFhOA==","type":"playlist"}