{"external_urls":{"spotify":"https:\/\/open.spotify.com\/playlist\/37i9dQZF1DZ06evO3ncXGU"},"id":"37i9dQZF1DZ06evO3ncXGU","description":"This is Mild High Club. The essential tracks, all in one playlist.","tracks":{"total":19,"href":"https:\/\/api.spotify.com\/v1\/playlists\/37i9dQZF1DZ06evO3ncXGU\/tracks"},"uri":"spotify:playlist:37i9dQZF1DZ06evO3ncXGU","href":"https:\/\/api.spotify.com\/v1\/playlists\/37i9dQZF1DZ06evO3ncXGU","owner":{"id":"spotify","display_name":"Spotify","external_urls":{"spotify":"https:\/\/open.spotify.com\/user\/spotify"},"href":"https:\/\/api.spotify.com\/v1\/users\/spotify","uri":"spotify:user:spotify","type":"user"},"name":"This Is Mild High Club","collaborative":false,"images":[{"url":"https:\/\/thisis-images.scdn.co\/37i9dQZF1DZ06evO3ncXGU-large.jpg"}],"public":true,"snapshot_id":"MjY3MTU1MzcsMDAwMDAwMDBjMGMxZGZlZThiYzBlM2M0MDZhNzhmZTUyMDRkMjYzNQ==","type":"playlist"}