{"total":30,"items":[{"added_at":"2017-05-05T11:59:24Z","added_by":{"id":"","external_urls":{"spotify":"https:\/\/open.spotify.com\/user\/"},"href":"https:\/\/api.spotify.com\/v1\/users\/","uri":"spotify:user:","type":"user"},"is_local":false,"track":{"id":"7DhkhPPRsRtmjoVzTzGLJQ","external_ids":{"isrc":"QMMZN1701302"},"album":{"id":"7nUB5er2UpBMraUXK2wWRj","uri":"spotify:album:7nUB5er2UpBMraUXK2wWRj","href":"https:\/\/api.spotify.com\/v1\/albums\/7nUB5er2UpBMraUXK2wWRj","album_type":"album","artists":[{"type":"artist","id":"3Sz7ZnJQBIHsXLUSo0OQtM","external_urls":{"spotify":"https:\/\/open.spotify.com\/artist\/3Sz7ZnJQBIHsXLUSo0OQtM"},"name":"Mac DeMarco","uri":"spotify:artist:3Sz7ZnJQBIHsXLUSo0OQtM","href":"https:\/\/api.spotify.com\/v1\/artists\/3Sz7ZnJQBIHsXLUSo0OQtM"}],"release_date_precision":"day","available_markets":[],"type":"album","images":[{"width":640,"url":"https:\/\/i.scdn.co\/image\/ab67616d0000b2730b04bf47442b002b6990c5e9","height":640},{"width":300,"url":"https:\/\/i.scdn.co\/image\/ab67616d00001e020b04bf47442b002b6990c5e9","height":300},{"width":64,"url":"https:\/\/i.scdn.co\/image\/ab67616d000048510b04bf47442b002b6990c5e9","height":64}],"release_date":"2017-05-05","external_urls":{"spotify":"https:\/\/open.spotify.com\/album\/7nUB5er2UpBMraUXK2wWRj"},"name":"This Old Dog"},"track_number":5,"uri":"spotify:track:7DhkhPPRsRtmjoVzTzGLJQ","artists":[{"type":"artist","id":"3Sz7ZnJQBIHsXLUSo0OQtM","external_urls":{"spotify":"https:\/\/open.spotify.com\/artist\/3Sz7ZnJQBIHsXLUSo0OQtM"},"name":"Mac DeMarco","uri":"spotify:artist:3Sz7ZnJQBIHsXLUSo0OQtM","href":"https:\/\/api.spotify.com\/v1\/artists\/3Sz7ZnJQBIHsXLUSo0OQtM"}],"href":"https:\/\/api.spotify.com\/v1\/tracks\/7DhkhPPRsRtmjoVzTzGLJQ","is_local":false,"popularity":0,"available_markets":[],"disc_number":1,"type":"track","explicit":false,"duration_ms":166213,"external_urls":{"spotify":"https:\/\/open.spotify.com\/track\/7DhkhPPRsRtmjoVzTzGLJQ"},"name":"One Another"}},{"added_at":"2017-04-24T18:57:19Z","added_by":{"id":"","external_urls":{"spotify":"https:\/\/open.spotify.com\/user\/"},"href":"https:\/\/api.spotify.com\/v1\/users\/","uri":"spotify:user:","type":"user"},"is_local":false,"track":{"id":"7JIV9UYKpti5xWgq6lfNNJ","external_ids":{"isrc":"QMMZN1200050"},"album":{"id":"0Skv3s5A99n7dstiJOs0aA","uri":"spotify:album:0Skv3s5A99n7dstiJOs0aA","href":"https:\/\/api.spotify.com\/v1\/albums\/0Skv3s5A99n7dstiJOs0aA","album_type":"album","artists":[{"type":"artist","id":"3Sz7ZnJQBIHsXLUSo0OQtM","external_urls":{"spotify":"https:\/\/open.spotify.com\/artist\/3Sz7ZnJQBIHsXLUSo0OQtM"},"name":"Mac DeMarco","uri":"spotify:artist:3Sz7ZnJQBIHsXLUSo0OQtM","href":"https:\/\/api.spotify.com\/v1\/artists\/3Sz7ZnJQBIHsXLUSo0OQtM"}],"release_date_precision":"day","available_markets":["AU","NZ"],"type":"album","images":[{"width":640,"url":"https:\/\/i.scdn.co\/image\/ab67616d0000b273681384864fcbda288ed7d365","height":640},{"width":300,"url":"https:\/\/i.scdn.co\/image\/ab67616d00001e02681384864fcbda288ed7d365","height":300},{"width":64,"url":"https:\/\/i.scdn.co\/image\/ab67616d00004851681384864fcbda288ed7d365","height":64}],"release_date":"2013-08-09","external_urls":{"spotify":"https:\/\/open.spotify.com\/album\/0Skv3s5A99n7dstiJOs0aA"},"name":"2"},"track_number":5,"uri":"spotify:track:7JIV9UYKpti5xWgq6lfNNJ","artists":[{"type":"artist","id":"3Sz7ZnJQBIHsXLUSo0OQtM","external_urls":{"spotify":"https:\/\/open.spotify.com\/artist\/3Sz7ZnJQBIHsXLUSo0OQtM"},"name":"Mac DeMarco","uri":"spotify:artist:3Sz7ZnJQBIHsXLUSo0OQtM","href":"https:\/\/api.spotify.com\/v1\/artists\/3Sz7ZnJQBIHsXLUSo0OQtM"}],"href":"https:\/\/api.spotify.com\/v1\/tracks\/7JIV9UYKpti5xWgq6lfNNJ","is_local":false,"popularity":42,"available_markets":["AU","NZ"],"disc_number":1,"type":"track","explicit":false,"preview_url":"https:\/\/p.scdn.co\/mp3-preview\/0ff0bdcf83d0b9aac4d41f7f658c8339aed06b33?cid=f9b05de1274c4851a2293a540cb8705e","duration_ms":233760,"name":"Ode To Viceroy","external_urls":{"spotify":"https:\/\/open.spotify.com\/track\/7JIV9UYKpti5xWgq6lfNNJ"}}},{"added_at":"2017-04-24T18:58:03Z","added_by":{"id":"","external_urls":{"spotify":"https:\/\/open.spotify.com\/user\/"},"href":"https:\/\/api.spotify.com\/v1\/users\/","uri":"spotify:user:","type":"user"},"is_local":false,"track":{"id":"2QilECqmzYBoI6yS5D8ftS","external_ids":{"isrc":"QMMZN1300560"},"album":{"id":"7xPhDaYZ2ejV04aNtdBdvj","uri":"spotify:album:7xPhDaYZ2ejV04aNtdBdvj","href":"https:\/\/api.spotify.com\/v1\/albums\/7xPhDaYZ2ejV04aNtdBdvj","album_type":"album","artists":[{"type":"artist","id":"3Sz7ZnJQBIHsXLUSo0OQtM","external_urls":{"spotify":"https:\/\/open.spotify.com\/artist\/3Sz7ZnJQBIHsXLUSo0OQtM"},"name":"Mac DeMarco","uri":"spotify:artist:3Sz7ZnJQBIHsXLUSo0OQtM","href":"https:\/\/api.spotify.com\/v1\/artists\/3Sz7ZnJQBIHsXLUSo0OQtM"}],"release_date_precision":"day","available_markets":["AU","NZ"],"type":"album","images":[{"width":640,"url":"https:\/\/i.scdn.co\/image\/ab67616d0000b273d29a6b42f592c433ee31104d","height":640},{"width":300,"url":"https:\/\/i.scdn.co\/image\/ab67616d00001e02d29a6b42f592c433ee31104d","height":300},{"width":64,"url":"https:\/\/i.scdn.co\/image\/ab67616d00004851d29a6b42f592c433ee31104d","height":64}],"release_date":"2014-03-28","external_urls":{"spotify":"https:\/\/open.spotify.com\/album\/7xPhDaYZ2ejV04aNtdBdvj"},"name":"Salad Days"},"track_number":1,"uri":"spotify:track:2QilECqmzYBoI6yS5D8ftS","artists":[{"type":"artist","id":"3Sz7ZnJQBIHsXLUSo0OQtM","external_urls":{"spotify":"https:\/\/open.spotify.com\/artist\/3Sz7ZnJQBIHsXLUSo0OQtM"},"name":"Mac DeMarco","uri":"spotify:artist:3Sz7ZnJQBIHsXLUSo0OQtM","href":"https:\/\/api.spotify.com\/v1\/artists\/3Sz7ZnJQBIHsXLUSo0OQtM"}],"href":"https:\/\/api.spotify.com\/v1\/tracks\/2QilECqmzYBoI6yS5D8ftS","is_local":false,"popularity":46,"available_markets":["AU","NZ"],"disc_number":1,"type":"track","explicit":false,"preview_url":"https:\/\/p.scdn.co\/mp3-preview\/30819544f6a8079a1e0e4175d9fb73d8f7f539c6?cid=f9b05de1274c4851a2293a540cb8705e","duration_ms":145893,"name":"Salad Days","external_urls":{"spotify":"https:\/\/open.spotify.com\/track\/2QilECqmzYBoI6yS5D8ftS"}}},{"added_at":"2017-04-27T22:02:25Z","added_by":{"id":"","external_urls":{"spotify":"https:\/\/open.spotify.com\/user\/"},"href":"https:\/\/api.spotify.com\/v1\/users\/","uri":"spotify:user:","type":"user"},"is_local":false,"track":{"id":"0JxhUUZPG5g1fXFVFLtV2x","external_ids":{"isrc":"QMMZN1701307"},"album":{"id":"6VAohbWPg1er1Cvs0TVFzv","uri":"spotify:album:6VAohbWPg1er1Cvs0TVFzv","href":"https:\/\/api.spotify.com\/v1\/albums\/6VAohbWPg1er1Cvs0TVFzv","album_type":"single","artists":[{"type":"artist","id":"3Sz7ZnJQBIHsXLUSo0OQtM","external_urls":{"spotify":"https:\/\/open.spotify.com\/artist\/3Sz7ZnJQBIHsXLUSo0OQtM"},"name":"Mac DeMarco","uri":"spotify:artist:3Sz7ZnJQBIHsXLUSo0OQtM","href":"https:\/\/api.spotify.com\/v1\/artists\/3Sz7ZnJQBIHsXLUSo0OQtM"}],"release_date_precision":"day","available_markets":["AD","AE","AL","AR","AT","AU","BA","BE","BG","BH","BO","BR","BY","CH","CL","CO","CR","CY","CZ","DE","DK","DO","DZ","EC","EE","EG","ES","FI","FR","GB","GR","GT","HK","HN","HR","HU","ID","IE","IL","IN","IS","IT","JO","JP","KW","KZ","LB","LI","LT","LU","LV","MA","MC","MD","ME","MK","MT","MX","MY","NI","NL","NO","NZ","OM","PA","PE","PH","PL","PS","PT","PY","QA","RO","RS","RU","SA","SE","SG","SI","SK","SV","TH","TN","TR","TW","UA","US","UY","VN","XK","ZA"],"type":"album","images":[{"width":640,"url":"https:\/\/i.scdn.co\/image\/ab67616d0000b273297542287f06fcf16d668026","height":640},{"width":300,"url":"https:\/\/i.scdn.co\/image\/ab67616d00001e02297542287f06fcf16d668026","height":300},{"width":64,"url":"https:\/\/i.scdn.co\/image\/ab67616d00004851297542287f06fcf16d668026","height":64}],"release_date":"2017-04-27","external_urls":{"spotify":"https:\/\/open.spotify.com\/album\/6VAohbWPg1er1Cvs0TVFzv"},"name":"One More Love Song"},"track_number":1,"uri":"spotify:track:0JxhUUZPG5g1fXFVFLtV2x","artists":[{"type":"artist","id":"3Sz7ZnJQBIHsXLUSo0OQtM","external_urls":{"spotify":"https:\/\/open.spotify.com\/artist\/3Sz7ZnJQBIHsXLUSo0OQtM"},"name":"Mac DeMarco","uri":"spotify:artist:3Sz7ZnJQBIHsXLUSo0OQtM","href":"https:\/\/api.spotify.com\/v1\/artists\/3Sz7ZnJQBIHsXLUSo0OQtM"}],"href":"https:\/\/api.spotify.com\/v1\/tracks\/0JxhUUZPG5g1fXFVFLtV2x","is_local":false,"popularity":51,"available_markets":["AD","AE","AL","AR","AT","AU","BA","BE","BG","BH","BO","BR","BY","CH","CL","CO","CR","CY","CZ","DE","DK","DO","DZ","EC","EE","EG","ES","FI","FR","GB","GR","GT","HK","HN","HR","HU","ID","IE","IL","IN","IS","IT","JO","JP","KW","KZ","LB","LI","LT","LU","LV","MA","MC","MD","ME","MK","MT","MX","MY","NI","NL","NO","NZ","OM","PA","PE","PH","PL","PS","PT","PY","QA","RO","RS","RU","SA","SE","SG","SI","SK","SV","TH","TN","TR","TW","UA","US","UY","VN","XK","ZA"],"disc_number":1,"type":"track","explicit":false,"preview_url":"https:\/\/p.scdn.co\/mp3-preview\/687aa760e7e9589777b0102ecd09a7cc09a27766?cid=f9b05de1274c4851a2293a540cb8705e","duration_ms":241066,"name":"One More Love Song","external_urls":{"spotify":"https:\/\/open.spotify.com\/track\/0JxhUUZPG5g1fXFVFLtV2x"}}},{"added_at":"2017-04-24T19:05:35Z","added_by":{"id":"","external_urls":{"spotify":"https:\/\/open.spotify.com\/user\/"},"href":"https:\/\/api.spotify.com\/v1\/users\/","uri":"spotify:user:","type":"user"},"is_local":false,"track":{"id":"4tXzPOr4UaBoA7k7pnpJI1","external_ids":{"isrc":"QMMZN1200053"},"album":{"id":"0Skv3s5A99n7dstiJOs0aA","uri":"spotify:album:0Skv3s5A99n7dstiJOs0aA","href":"https:\/\/api.spotify.com\/v1\/albums\/0Skv3s5A99n7dstiJOs0aA","album_type":"album","artists":[{"type":"artist","id":"3Sz7ZnJQBIHsXLUSo0OQtM","external_urls":{"spotify":"https:\/\/open.spotify.com\/artist\/3Sz7ZnJQBIHsXLUSo0OQtM"},"name":"Mac DeMarco","uri":"spotify:artist:3Sz7ZnJQBIHsXLUSo0OQtM","href":"https:\/\/api.spotify.com\/v1\/artists\/3Sz7ZnJQBIHsXLUSo0OQtM"}],"release_date_precision":"day","available_markets":["AU","NZ"],"type":"album","images":[{"width":640,"url":"https:\/\/i.scdn.co\/image\/ab67616d0000b273681384864fcbda288ed7d365","height":640},{"width":300,"url":"https:\/\/i.scdn.co\/image\/ab67616d00001e02681384864fcbda288ed7d365","height":300},{"width":64,"url":"https:\/\/i.scdn.co\/image\/ab67616d00004851681384864fcbda288ed7d365","height":64}],"release_date":"2013-08-09","external_urls":{"spotify":"https:\/\/open.spotify.com\/album\/0Skv3s5A99n7dstiJOs0aA"},"name":"2"},"track_number":8,"uri":"spotify:track:4tXzPOr4UaBoA7k7pnpJI1","artists":[{"type":"artist","id":"3Sz7ZnJQBIHsXLUSo0OQtM","external_urls":{"spotify":"https:\/\/open.spotify.com\/artist\/3Sz7ZnJQBIHsXLUSo0OQtM"},"name":"Mac DeMarco","uri":"spotify:artist:3Sz7ZnJQBIHsXLUSo0OQtM","href":"https:\/\/api.spotify.com\/v1\/artists\/3Sz7ZnJQBIHsXLUSo0OQtM"}],"href":"https:\/\/api.spotify.com\/v1\/tracks\/4tXzPOr4UaBoA7k7pnpJI1","is_local":false,"popularity":52,"available_markets":["AU","NZ"],"disc_number":1,"type":"track","explicit":false,"preview_url":"https:\/\/p.scdn.co\/mp3-preview\/f8917450a3a8c682e4a4f2b3987d2471f269a6ce?cid=f9b05de1274c4851a2293a540cb8705e","duration_ms":190848,"name":"My Kind Of Woman","external_urls":{"spotify":"https:\/\/open.spotify.com\/track\/4tXzPOr4UaBoA7k7pnpJI1"}}},{"added_at":"2017-04-11T17:38:50Z","added_by":{"id":"","external_urls":{"spotify":"https:\/\/open.spotify.com\/user\/"},"href":"https:\/\/api.spotify.com\/v1\/users\/","uri":"spotify:user:","type":"user"},"is_local":false,"track":{"id":"5oeOWXjH8NZFOWP0SpSXqV","external_ids":{"isrc":"QMMZN1300568"},"album":{"id":"7xPhDaYZ2ejV04aNtdBdvj","uri":"spotify:album:7xPhDaYZ2ejV04aNtdBdvj","href":"https:\/\/api.spotify.com\/v1\/albums\/7xPhDaYZ2ejV04aNtdBdvj","album_type":"album","artists":[{"type":"artist","id":"3Sz7ZnJQBIHsXLUSo0OQtM","external_urls":{"spotify":"https:\/\/open.spotify.com\/artist\/3Sz7ZnJQBIHsXLUSo0OQtM"},"name":"Mac DeMarco","uri":"spotify:artist:3Sz7ZnJQBIHsXLUSo0OQtM","href":"https:\/\/api.spotify.com\/v1\/artists\/3Sz7ZnJQBIHsXLUSo0OQtM"}],"release_date_precision":"day","available_markets":["AU","NZ"],"type":"album","images":[{"width":640,"url":"https:\/\/i.scdn.co\/image\/ab67616d0000b273d29a6b42f592c433ee31104d","height":640},{"width":300,"url":"https:\/\/i.scdn.co\/image\/ab67616d00001e02d29a6b42f592c433ee31104d","height":300},{"width":64,"url":"https:\/\/i.scdn.co\/image\/ab67616d00004851d29a6b42f592c433ee31104d","height":64}],"release_date":"2014-03-28","external_urls":{"spotify":"https:\/\/open.spotify.com\/album\/7xPhDaYZ2ejV04aNtdBdvj"},"name":"Salad Days"},"track_number":9,"uri":"spotify:track:5oeOWXjH8NZFOWP0SpSXqV","artists":[{"type":"artist","id":"3Sz7ZnJQBIHsXLUSo0OQtM","external_urls":{"spotify":"https:\/\/open.spotify.com\/artist\/3Sz7ZnJQBIHsXLUSo0OQtM"},"name":"Mac DeMarco","uri":"spotify:artist:3Sz7ZnJQBIHsXLUSo0OQtM","href":"https:\/\/api.spotify.com\/v1\/artists\/3Sz7ZnJQBIHsXLUSo0OQtM"}],"href":"https:\/\/api.spotify.com\/v1\/tracks\/5oeOWXjH8NZFOWP0SpSXqV","is_local":false,"popularity":54,"available_markets":["AU","NZ"],"disc_number":1,"type":"track","explicit":false,"preview_url":"https:\/\/p.scdn.co\/mp3-preview\/49c10a8b086aed13ff16fcdfcd946f49984aec35?cid=f9b05de1274c4851a2293a540cb8705e","duration_ms":231720,"name":"Chamber Of Reflection","external_urls":{"spotify":"https:\/\/open.spotify.com\/track\/5oeOWXjH8NZFOWP0SpSXqV"}}},{"added_at":"2017-04-24T18:57:59Z","added_by":{"id":"","external_urls":{"spotify":"https:\/\/open.spotify.com\/user\/"},"href":"https:\/\/api.spotify.com\/v1\/users\/","uri":"spotify:user:","type":"user"},"is_local":false,"track":{"id":"2bbWBkiq2vH4Y7pjE0qYcW","external_ids":{"isrc":"QMMZN1701298"},"album":{"id":"0AE1SLDT85k4c61rxvmaYv","uri":"spotify:album:0AE1SLDT85k4c61rxvmaYv","href":"https:\/\/api.spotify.com\/v1\/albums\/0AE1SLDT85k4c61rxvmaYv","album_type":"single","artists":[{"type":"artist","id":"3Sz7ZnJQBIHsXLUSo0OQtM","external_urls":{"spotify":"https:\/\/open.spotify.com\/artist\/3Sz7ZnJQBIHsXLUSo0OQtM"},"name":"Mac DeMarco","uri":"spotify:artist:3Sz7ZnJQBIHsXLUSo0OQtM","href":"https:\/\/api.spotify.com\/v1\/artists\/3Sz7ZnJQBIHsXLUSo0OQtM"}],"release_date_precision":"day","available_markets":[],"type":"album","images":[{"width":640,"url":"https:\/\/i.scdn.co\/image\/ab67616d0000b27327ef077a9dce076f5797d2fc","height":640},{"width":300,"url":"https:\/\/i.scdn.co\/image\/ab67616d00001e0227ef077a9dce076f5797d2fc","height":300},{"width":64,"url":"https:\/\/i.scdn.co\/image\/ab67616d0000485127ef077a9dce076f5797d2fc","height":64}],"release_date":"2017-02-06","external_urls":{"spotify":"https:\/\/open.spotify.com\/album\/0AE1SLDT85k4c61rxvmaYv"},"name":"My Old Man"},"track_number":1,"uri":"spotify:track:2bbWBkiq2vH4Y7pjE0qYcW","artists":[{"type":"artist","id":"3Sz7ZnJQBIHsXLUSo0OQtM","external_urls":{"spotify":"https:\/\/open.spotify.com\/artist\/3Sz7ZnJQBIHsXLUSo0OQtM"},"name":"Mac DeMarco","uri":"spotify:artist:3Sz7ZnJQBIHsXLUSo0OQtM","href":"https:\/\/api.spotify.com\/v1\/artists\/3Sz7ZnJQBIHsXLUSo0OQtM"}],"href":"https:\/\/api.spotify.com\/v1\/tracks\/2bbWBkiq2vH4Y7pjE0qYcW","is_local":false,"popularity":0,"available_markets":[],"disc_number":1,"type":"track","explicit":false,"duration_ms":221653,"external_urls":{"spotify":"https:\/\/open.spotify.com\/track\/2bbWBkiq2vH4Y7pjE0qYcW"},"name":"My Old Man"}},{"added_at":"2017-04-24T18:58:42Z","added_by":{"id":"","external_urls":{"spotify":"https:\/\/open.spotify.com\/user\/"},"href":"https:\/\/api.spotify.com\/v1\/users\/","uri":"spotify:user:","type":"user"},"is_local":false,"track":{"id":"4suro37tLa677NBVKNPVHN","external_ids":{"isrc":"QMMZN1300872"},"album":{"id":"73A5i6uEMBa2qpGDKdZu3u","uri":"spotify:album:73A5i6uEMBa2qpGDKdZu3u","href":"https:\/\/api.spotify.com\/v1\/albums\/73A5i6uEMBa2qpGDKdZu3u","album_type":"album","artists":[{"type":"artist","id":"3Sz7ZnJQBIHsXLUSo0OQtM","external_urls":{"spotify":"https:\/\/open.spotify.com\/artist\/3Sz7ZnJQBIHsXLUSo0OQtM"},"name":"Mac DeMarco","uri":"spotify:artist:3Sz7ZnJQBIHsXLUSo0OQtM","href":"https:\/\/api.spotify.com\/v1\/artists\/3Sz7ZnJQBIHsXLUSo0OQtM"}],"release_date_precision":"day","available_markets":["AU"],"type":"album","images":[{"width":640,"url":"https:\/\/i.scdn.co\/image\/ab67616d0000b27340f63022508f00ea22a12baf","height":640},{"width":300,"url":"https:\/\/i.scdn.co\/image\/ab67616d00001e0240f63022508f00ea22a12baf","height":300},{"width":64,"url":"https:\/\/i.scdn.co\/image\/ab67616d0000485140f63022508f00ea22a12baf","height":64}],"release_date":"2015-07-08","external_urls":{"spotify":"https:\/\/open.spotify.com\/album\/73A5i6uEMBa2qpGDKdZu3u"},"name":"Another One"},"track_number":1,"uri":"spotify:track:4suro37tLa677NBVKNPVHN","artists":[{"type":"artist","id":"3Sz7ZnJQBIHsXLUSo0OQtM","external_urls":{"spotify":"https:\/\/open.spotify.com\/artist\/3Sz7ZnJQBIHsXLUSo0OQtM"},"name":"Mac DeMarco","uri":"spotify:artist:3Sz7ZnJQBIHsXLUSo0OQtM","href":"https:\/\/api.spotify.com\/v1\/artists\/3Sz7ZnJQBIHsXLUSo0OQtM"}],"href":"https:\/\/api.spotify.com\/v1\/tracks\/4suro37tLa677NBVKNPVHN","is_local":false,"popularity":33,"available_markets":["AU"],"disc_number":1,"type":"track","explicit":false,"preview_url":"https:\/\/p.scdn.co\/mp3-preview\/c1f4aa31474de5f56842b1a6375a0e6e4f0203d8?cid=f9b05de1274c4851a2293a540cb8705e","duration_ms":156430,"name":"The Way You’d Love Her","external_urls":{"spotify":"https:\/\/open.spotify.com\/track\/4suro37tLa677NBVKNPVHN"}}},{"added_at":"2017-04-11T17:38:50Z","added_by":{"id":"","external_urls":{"spotify":"https:\/\/open.spotify.com\/user\/"},"href":"https:\/\/api.spotify.com\/v1\/users\/","uri":"spotify:user:","type":"user"},"is_local":false,"track":{"id":"6EcWBNVhDlGn8AiSpkUg6T","external_ids":{"isrc":"QMMZN1300561"},"album":{"id":"7xPhDaYZ2ejV04aNtdBdvj","uri":"spotify:album:7xPhDaYZ2ejV04aNtdBdvj","href":"https:\/\/api.spotify.com\/v1\/albums\/7xPhDaYZ2ejV04aNtdBdvj","album_type":"album","artists":[{"type":"artist","id":"3Sz7ZnJQBIHsXLUSo0OQtM","external_urls":{"spotify":"https:\/\/open.spotify.com\/artist\/3Sz7ZnJQBIHsXLUSo0OQtM"},"name":"Mac DeMarco","uri":"spotify:artist:3Sz7ZnJQBIHsXLUSo0OQtM","href":"https:\/\/api.spotify.com\/v1\/artists\/3Sz7ZnJQBIHsXLUSo0OQtM"}],"release_date_precision":"day","available_markets":["AU","NZ"],"type":"album","images":[{"width":640,"url":"https:\/\/i.scdn.co\/image\/ab67616d0000b273d29a6b42f592c433ee31104d","height":640},{"width":300,"url":"https:\/\/i.scdn.co\/image\/ab67616d00001e02d29a6b42f592c433ee31104d","height":300},{"width":64,"url":"https:\/\/i.scdn.co\/image\/ab67616d00004851d29a6b42f592c433ee31104d","height":64}],"release_date":"2014-03-28","external_urls":{"spotify":"https:\/\/open.spotify.com\/album\/7xPhDaYZ2ejV04aNtdBdvj"},"name":"Salad Days"},"track_number":2,"uri":"spotify:track:6EcWBNVhDlGn8AiSpkUg6T","artists":[{"type":"artist","id":"3Sz7ZnJQBIHsXLUSo0OQtM","external_urls":{"spotify":"https:\/\/open.spotify.com\/artist\/3Sz7ZnJQBIHsXLUSo0OQtM"},"name":"Mac DeMarco","uri":"spotify:artist:3Sz7ZnJQBIHsXLUSo0OQtM","href":"https:\/\/api.spotify.com\/v1\/artists\/3Sz7ZnJQBIHsXLUSo0OQtM"}],"href":"https:\/\/api.spotify.com\/v1\/tracks\/6EcWBNVhDlGn8AiSpkUg6T","is_local":false,"popularity":39,"available_markets":["AU","NZ"],"disc_number":1,"type":"track","explicit":false,"preview_url":"https:\/\/p.scdn.co\/mp3-preview\/17b71f93138fc5147c552c434aabbf02fb3a56cb?cid=f9b05de1274c4851a2293a540cb8705e","duration_ms":126226,"name":"Blue Boy","external_urls":{"spotify":"https:\/\/open.spotify.com\/track\/6EcWBNVhDlGn8AiSpkUg6T"}}},{"added_at":"2017-05-05T11:59:30Z","added_by":{"id":"","external_urls":{"spotify":"https:\/\/open.spotify.com\/user\/"},"href":"https:\/\/api.spotify.com\/v1\/users\/","uri":"spotify:user:","type":"user"},"is_local":false,"track":{"id":"3zqiLyHdXfqh4QcLlmJsyF","external_ids":{"isrc":"QMMZN1701306"},"album":{"id":"7nUB5er2UpBMraUXK2wWRj","uri":"spotify:album:7nUB5er2UpBMraUXK2wWRj","href":"https:\/\/api.spotify.com\/v1\/albums\/7nUB5er2UpBMraUXK2wWRj","album_type":"album","artists":[{"type":"artist","id":"3Sz7ZnJQBIHsXLUSo0OQtM","external_urls":{"spotify":"https:\/\/open.spotify.com\/artist\/3Sz7ZnJQBIHsXLUSo0OQtM"},"name":"Mac DeMarco","uri":"spotify:artist:3Sz7ZnJQBIHsXLUSo0OQtM","href":"https:\/\/api.spotify.com\/v1\/artists\/3Sz7ZnJQBIHsXLUSo0OQtM"}],"release_date_precision":"day","available_markets":[],"type":"album","images":[{"width":640,"url":"https:\/\/i.scdn.co\/image\/ab67616d0000b2730b04bf47442b002b6990c5e9","height":640},{"width":300,"url":"https:\/\/i.scdn.co\/image\/ab67616d00001e020b04bf47442b002b6990c5e9","height":300},{"width":64,"url":"https:\/\/i.scdn.co\/image\/ab67616d000048510b04bf47442b002b6990c5e9","height":64}],"release_date":"2017-05-05","external_urls":{"spotify":"https:\/\/open.spotify.com\/album\/7nUB5er2UpBMraUXK2wWRj"},"name":"This Old Dog"},"track_number":9,"uri":"spotify:track:3zqiLyHdXfqh4QcLlmJsyF","artists":[{"type":"artist","id":"3Sz7ZnJQBIHsXLUSo0OQtM","external_urls":{"spotify":"https:\/\/open.spotify.com\/artist\/3Sz7ZnJQBIHsXLUSo0OQtM"},"name":"Mac DeMarco","uri":"spotify:artist:3Sz7ZnJQBIHsXLUSo0OQtM","href":"https:\/\/api.spotify.com\/v1\/artists\/3Sz7ZnJQBIHsXLUSo0OQtM"}],"href":"https:\/\/api.spotify.com\/v1\/tracks\/3zqiLyHdXfqh4QcLlmJsyF","is_local":false,"popularity":0,"available_markets":[],"disc_number":1,"type":"track","explicit":false,"duration_ms":169066,"external_urls":{"spotify":"https:\/\/open.spotify.com\/track\/3zqiLyHdXfqh4QcLlmJsyF"},"name":"A Wolf Who Wears Sheeps Clothes"}},{"added_at":"2017-04-24T18:57:48Z","added_by":{"id":"","external_urls":{"spotify":"https:\/\/open.spotify.com\/user\/"},"href":"https:\/\/api.spotify.com\/v1\/users\/","uri":"spotify:user:","type":"user"},"is_local":false,"track":{"id":"58USuWas5pMj9Zf23J0fWh","external_ids":{"isrc":"US8YA1200033"},"album":{"id":"1ogfnXsQc3mf2BQAL9e9iJ","uri":"spotify:album:1ogfnXsQc3mf2BQAL9e9iJ","href":"https:\/\/api.spotify.com\/v1\/albums\/1ogfnXsQc3mf2BQAL9e9iJ","album_type":"album","artists":[{"type":"artist","id":"3Sz7ZnJQBIHsXLUSo0OQtM","external_urls":{"spotify":"https:\/\/open.spotify.com\/artist\/3Sz7ZnJQBIHsXLUSo0OQtM"},"name":"Mac DeMarco","uri":"spotify:artist:3Sz7ZnJQBIHsXLUSo0OQtM","href":"https:\/\/api.spotify.com\/v1\/artists\/3Sz7ZnJQBIHsXLUSo0OQtM"}],"release_date_precision":"day","available_markets":["AU","NZ"],"type":"album","images":[{"width":640,"url":"https:\/\/i.scdn.co\/image\/ab67616d0000b273a54819614fb804b2b8e47ee4","height":640},{"width":300,"url":"https:\/\/i.scdn.co\/image\/ab67616d00001e02a54819614fb804b2b8e47ee4","height":300},{"width":64,"url":"https:\/\/i.scdn.co\/image\/ab67616d00004851a54819614fb804b2b8e47ee4","height":64}],"release_date":"2012-01-01","external_urls":{"spotify":"https:\/\/open.spotify.com\/album\/1ogfnXsQc3mf2BQAL9e9iJ"},"name":"Rock And Roll Night Club"},"track_number":11,"uri":"spotify:track:58USuWas5pMj9Zf23J0fWh","artists":[{"type":"artist","id":"3Sz7ZnJQBIHsXLUSo0OQtM","external_urls":{"spotify":"https:\/\/open.spotify.com\/artist\/3Sz7ZnJQBIHsXLUSo0OQtM"},"name":"Mac DeMarco","uri":"spotify:artist:3Sz7ZnJQBIHsXLUSo0OQtM","href":"https:\/\/api.spotify.com\/v1\/artists\/3Sz7ZnJQBIHsXLUSo0OQtM"}],"href":"https:\/\/api.spotify.com\/v1\/tracks\/58USuWas5pMj9Zf23J0fWh","is_local":false,"popularity":29,"available_markets":["AU","NZ"],"disc_number":1,"type":"track","explicit":false,"preview_url":"https:\/\/p.scdn.co\/mp3-preview\/d72e6c9691691a4497096d5567f8429277eedfd1?cid=f9b05de1274c4851a2293a540cb8705e","duration_ms":179858,"name":"Only You","external_urls":{"spotify":"https:\/\/open.spotify.com\/track\/58USuWas5pMj9Zf23J0fWh"}}},{"added_at":"2017-04-11T17:38:50Z","added_by":{"id":"","external_urls":{"spotify":"https:\/\/open.spotify.com\/user\/"},"href":"https:\/\/api.spotify.com\/v1\/users\/","uri":"spotify:user:","type":"user"},"is_local":false,"track":{"id":"0sXE78JmUFQCZNl4TQHjjp","external_ids":{"isrc":"QMMZN1200046"},"album":{"id":"0Skv3s5A99n7dstiJOs0aA","uri":"spotify:album:0Skv3s5A99n7dstiJOs0aA","href":"https:\/\/api.spotify.com\/v1\/albums\/0Skv3s5A99n7dstiJOs0aA","album_type":"album","artists":[{"type":"artist","id":"3Sz7ZnJQBIHsXLUSo0OQtM","external_urls":{"spotify":"https:\/\/open.spotify.com\/artist\/3Sz7ZnJQBIHsXLUSo0OQtM"},"name":"Mac DeMarco","uri":"spotify:artist:3Sz7ZnJQBIHsXLUSo0OQtM","href":"https:\/\/api.spotify.com\/v1\/artists\/3Sz7ZnJQBIHsXLUSo0OQtM"}],"release_date_precision":"day","available_markets":["AU","NZ"],"type":"album","images":[{"width":640,"url":"https:\/\/i.scdn.co\/image\/ab67616d0000b273681384864fcbda288ed7d365","height":640},{"width":300,"url":"https:\/\/i.scdn.co\/image\/ab67616d00001e02681384864fcbda288ed7d365","height":300},{"width":64,"url":"https:\/\/i.scdn.co\/image\/ab67616d00004851681384864fcbda288ed7d365","height":64}],"release_date":"2013-08-09","external_urls":{"spotify":"https:\/\/open.spotify.com\/album\/0Skv3s5A99n7dstiJOs0aA"},"name":"2"},"track_number":1,"uri":"spotify:track:0sXE78JmUFQCZNl4TQHjjp","artists":[{"type":"artist","id":"3Sz7ZnJQBIHsXLUSo0OQtM","external_urls":{"spotify":"https:\/\/open.spotify.com\/artist\/3Sz7ZnJQBIHsXLUSo0OQtM"},"name":"Mac DeMarco","uri":"spotify:artist:3Sz7ZnJQBIHsXLUSo0OQtM","href":"https:\/\/api.spotify.com\/v1\/artists\/3Sz7ZnJQBIHsXLUSo0OQtM"}],"href":"https:\/\/api.spotify.com\/v1\/tracks\/0sXE78JmUFQCZNl4TQHjjp","is_local":false,"popularity":37,"available_markets":["AU","NZ"],"disc_number":1,"type":"track","explicit":false,"preview_url":"https:\/\/p.scdn.co\/mp3-preview\/57ea86f8fafea9f1a1142bea5542cf1e7e64941f?cid=f9b05de1274c4851a2293a540cb8705e","duration_ms":161013,"name":"Cooking Up Something Good","external_urls":{"spotify":"https:\/\/open.spotify.com\/track\/0sXE78JmUFQCZNl4TQHjjp"}}},{"added_at":"2017-04-24T19:08:18Z","added_by":{"id":"","external_urls":{"spotify":"https:\/\/open.spotify.com\/user\/"},"href":"https:\/\/api.spotify.com\/v1\/users\/","uri":"spotify:user:","type":"user"},"is_local":false,"track":{"id":"3cvO1FOmixOrmKXpotwnd6","external_ids":{"isrc":"QMMZN1701308"},"album":{"id":"5HD5DlLKIAX8qIydslAoaJ","uri":"spotify:album:5HD5DlLKIAX8qIydslAoaJ","href":"https:\/\/api.spotify.com\/v1\/albums\/5HD5DlLKIAX8qIydslAoaJ","album_type":"single","artists":[{"type":"artist","id":"3Sz7ZnJQBIHsXLUSo0OQtM","external_urls":{"spotify":"https:\/\/open.spotify.com\/artist\/3Sz7ZnJQBIHsXLUSo0OQtM"},"name":"Mac DeMarco","uri":"spotify:artist:3Sz7ZnJQBIHsXLUSo0OQtM","href":"https:\/\/api.spotify.com\/v1\/artists\/3Sz7ZnJQBIHsXLUSo0OQtM"}],"release_date_precision":"day","available_markets":["AD","AE","AL","AR","AT","AU","BA","BE","BG","BH","BO","BR","BY","CH","CL","CO","CR","CY","CZ","DE","DK","DO","DZ","EC","EE","EG","ES","FI","FR","GB","GR","GT","HK","HN","HR","HU","ID","IE","IL","IN","IS","IT","JO","JP","KW","KZ","LB","LI","LT","LU","LV","MA","MC","MD","ME","MK","MT","MX","MY","NI","NL","NO","NZ","OM","PA","PE","PH","PL","PS","PT","PY","QA","RO","RS","RU","SA","SE","SG","SI","SK","SV","TH","TN","TR","TW","UA","US","UY","VN","XK","ZA"],"type":"album","images":[{"width":640,"url":"https:\/\/i.scdn.co\/image\/ab67616d0000b273a376e15fce6aac77b5f899d1","height":640},{"width":300,"url":"https:\/\/i.scdn.co\/image\/ab67616d00001e02a376e15fce6aac77b5f899d1","height":300},{"width":64,"url":"https:\/\/i.scdn.co\/image\/ab67616d00004851a376e15fce6aac77b5f899d1","height":64}],"release_date":"2017-04-12","external_urls":{"spotify":"https:\/\/open.spotify.com\/album\/5HD5DlLKIAX8qIydslAoaJ"},"name":"On the Level"},"track_number":1,"uri":"spotify:track:3cvO1FOmixOrmKXpotwnd6","artists":[{"type":"artist","id":"3Sz7ZnJQBIHsXLUSo0OQtM","external_urls":{"spotify":"https:\/\/open.spotify.com\/artist\/3Sz7ZnJQBIHsXLUSo0OQtM"},"name":"Mac DeMarco","uri":"spotify:artist:3Sz7ZnJQBIHsXLUSo0OQtM","href":"https:\/\/api.spotify.com\/v1\/artists\/3Sz7ZnJQBIHsXLUSo0OQtM"}],"href":"https:\/\/api.spotify.com\/v1\/tracks\/3cvO1FOmixOrmKXpotwnd6","is_local":false,"popularity":49,"available_markets":["AD","AE","AL","AR","AT","AU","BA","BE","BG","BH","BO","BR","BY","CH","CL","CO","CR","CY","CZ","DE","DK","DO","DZ","EC","EE","EG","ES","FI","FR","GB","GR","GT","HK","HN","HR","HU","ID","IE","IL","IN","IS","IT","JO","JP","KW","KZ","LB","LI","LT","LU","LV","MA","MC","MD","ME","MK","MT","MX","MY","NI","NL","NO","NZ","OM","PA","PE","PH","PL","PS","PT","PY","QA","RO","RS","RU","SA","SE","SG","SI","SK","SV","TH","TN","TR","TW","UA","US","UY","VN","XK","ZA"],"disc_number":1,"type":"track","explicit":false,"preview_url":"https:\/\/p.scdn.co\/mp3-preview\/22bb0bd317f5ec415aee59934c276545919b363b?cid=f9b05de1274c4851a2293a540cb8705e","duration_ms":227653,"name":"On the Level","external_urls":{"spotify":"https:\/\/open.spotify.com\/track\/3cvO1FOmixOrmKXpotwnd6"}}},{"added_at":"2017-04-11T17:38:50Z","added_by":{"id":"","external_urls":{"spotify":"https:\/\/open.spotify.com\/user\/"},"href":"https:\/\/api.spotify.com\/v1\/users\/","uri":"spotify:user:","type":"user"},"is_local":false,"track":{"id":"1ZnIS5sO40hECBKRH8tK7D","external_ids":{"isrc":"QMMZN1300873"},"album":{"id":"73A5i6uEMBa2qpGDKdZu3u","uri":"spotify:album:73A5i6uEMBa2qpGDKdZu3u","href":"https:\/\/api.spotify.com\/v1\/albums\/73A5i6uEMBa2qpGDKdZu3u","album_type":"album","artists":[{"type":"artist","id":"3Sz7ZnJQBIHsXLUSo0OQtM","external_urls":{"spotify":"https:\/\/open.spotify.com\/artist\/3Sz7ZnJQBIHsXLUSo0OQtM"},"name":"Mac DeMarco","uri":"spotify:artist:3Sz7ZnJQBIHsXLUSo0OQtM","href":"https:\/\/api.spotify.com\/v1\/artists\/3Sz7ZnJQBIHsXLUSo0OQtM"}],"release_date_precision":"day","available_markets":["AU"],"type":"album","images":[{"width":640,"url":"https:\/\/i.scdn.co\/image\/ab67616d0000b27340f63022508f00ea22a12baf","height":640},{"width":300,"url":"https:\/\/i.scdn.co\/image\/ab67616d00001e0240f63022508f00ea22a12baf","height":300},{"width":64,"url":"https:\/\/i.scdn.co\/image\/ab67616d0000485140f63022508f00ea22a12baf","height":64}],"release_date":"2015-07-08","external_urls":{"spotify":"https:\/\/open.spotify.com\/album\/73A5i6uEMBa2qpGDKdZu3u"},"name":"Another One"},"track_number":2,"uri":"spotify:track:1ZnIS5sO40hECBKRH8tK7D","artists":[{"type":"artist","id":"3Sz7ZnJQBIHsXLUSo0OQtM","external_urls":{"spotify":"https:\/\/open.spotify.com\/artist\/3Sz7ZnJQBIHsXLUSo0OQtM"},"name":"Mac DeMarco","uri":"spotify:artist:3Sz7ZnJQBIHsXLUSo0OQtM","href":"https:\/\/api.spotify.com\/v1\/artists\/3Sz7ZnJQBIHsXLUSo0OQtM"}],"href":"https:\/\/api.spotify.com\/v1\/tracks\/1ZnIS5sO40hECBKRH8tK7D","is_local":false,"popularity":33,"available_markets":["AU"],"disc_number":1,"type":"track","explicit":false,"preview_url":"https:\/\/p.scdn.co\/mp3-preview\/e03aba69a8720dab7642689cb37210269f102832?cid=f9b05de1274c4851a2293a540cb8705e","duration_ms":160991,"name":"Another One","external_urls":{"spotify":"https:\/\/open.spotify.com\/track\/1ZnIS5sO40hECBKRH8tK7D"}}},{"added_at":"2017-04-11T17:38:50Z","added_by":{"id":"","external_urls":{"spotify":"https:\/\/open.spotify.com\/user\/"},"href":"https:\/\/api.spotify.com\/v1\/users\/","uri":"spotify:user:","type":"user"},"is_local":false,"track":{"id":"1oryhqQ4hxJzT5TfKGQTCc","external_ids":{"isrc":"QMMZN1300563"},"album":{"id":"7xPhDaYZ2ejV04aNtdBdvj","uri":"spotify:album:7xPhDaYZ2ejV04aNtdBdvj","href":"https:\/\/api.spotify.com\/v1\/albums\/7xPhDaYZ2ejV04aNtdBdvj","album_type":"album","artists":[{"type":"artist","id":"3Sz7ZnJQBIHsXLUSo0OQtM","external_urls":{"spotify":"https:\/\/open.spotify.com\/artist\/3Sz7ZnJQBIHsXLUSo0OQtM"},"name":"Mac DeMarco","uri":"spotify:artist:3Sz7ZnJQBIHsXLUSo0OQtM","href":"https:\/\/api.spotify.com\/v1\/artists\/3Sz7ZnJQBIHsXLUSo0OQtM"}],"release_date_precision":"day","available_markets":["AU","NZ"],"type":"album","images":[{"width":640,"url":"https:\/\/i.scdn.co\/image\/ab67616d0000b273d29a6b42f592c433ee31104d","height":640},{"width":300,"url":"https:\/\/i.scdn.co\/image\/ab67616d00001e02d29a6b42f592c433ee31104d","height":300},{"width":64,"url":"https:\/\/i.scdn.co\/image\/ab67616d00004851d29a6b42f592c433ee31104d","height":64}],"release_date":"2014-03-28","external_urls":{"spotify":"https:\/\/open.spotify.com\/album\/7xPhDaYZ2ejV04aNtdBdvj"},"name":"Salad Days"},"track_number":4,"uri":"spotify:track:1oryhqQ4hxJzT5TfKGQTCc","artists":[{"type":"artist","id":"3Sz7ZnJQBIHsXLUSo0OQtM","external_urls":{"spotify":"https:\/\/open.spotify.com\/artist\/3Sz7ZnJQBIHsXLUSo0OQtM"},"name":"Mac DeMarco","uri":"spotify:artist:3Sz7ZnJQBIHsXLUSo0OQtM","href":"https:\/\/api.spotify.com\/v1\/artists\/3Sz7ZnJQBIHsXLUSo0OQtM"}],"href":"https:\/\/api.spotify.com\/v1\/tracks\/1oryhqQ4hxJzT5TfKGQTCc","is_local":false,"popularity":36,"available_markets":["AU","NZ"],"disc_number":1,"type":"track","explicit":false,"preview_url":"https:\/\/p.scdn.co\/mp3-preview\/8cb123315493753bf12a9b159d53c6a336a7ed92?cid=f9b05de1274c4851a2293a540cb8705e","duration_ms":182613,"name":"Let Her Go","external_urls":{"spotify":"https:\/\/open.spotify.com\/track\/1oryhqQ4hxJzT5TfKGQTCc"}}},{"added_at":"2017-04-11T17:38:50Z","added_by":{"id":"","external_urls":{"spotify":"https:\/\/open.spotify.com\/user\/"},"href":"https:\/\/api.spotify.com\/v1\/users\/","uri":"spotify:user:","type":"user"},"is_local":false,"track":{"id":"0MgOsVty0YR1kas7x16yoS","external_ids":{"isrc":"QMMZN1200048"},"album":{"id":"0Skv3s5A99n7dstiJOs0aA","uri":"spotify:album:0Skv3s5A99n7dstiJOs0aA","href":"https:\/\/api.spotify.com\/v1\/albums\/0Skv3s5A99n7dstiJOs0aA","album_type":"album","artists":[{"type":"artist","id":"3Sz7ZnJQBIHsXLUSo0OQtM","external_urls":{"spotify":"https:\/\/open.spotify.com\/artist\/3Sz7ZnJQBIHsXLUSo0OQtM"},"name":"Mac DeMarco","uri":"spotify:artist:3Sz7ZnJQBIHsXLUSo0OQtM","href":"https:\/\/api.spotify.com\/v1\/artists\/3Sz7ZnJQBIHsXLUSo0OQtM"}],"release_date_precision":"day","available_markets":["AU","NZ"],"type":"album","images":[{"width":640,"url":"https:\/\/i.scdn.co\/image\/ab67616d0000b273681384864fcbda288ed7d365","height":640},{"width":300,"url":"https:\/\/i.scdn.co\/image\/ab67616d00001e02681384864fcbda288ed7d365","height":300},{"width":64,"url":"https:\/\/i.scdn.co\/image\/ab67616d00004851681384864fcbda288ed7d365","height":64}],"release_date":"2013-08-09","external_urls":{"spotify":"https:\/\/open.spotify.com\/album\/0Skv3s5A99n7dstiJOs0aA"},"name":"2"},"track_number":3,"uri":"spotify:track:0MgOsVty0YR1kas7x16yoS","artists":[{"type":"artist","id":"3Sz7ZnJQBIHsXLUSo0OQtM","external_urls":{"spotify":"https:\/\/open.spotify.com\/artist\/3Sz7ZnJQBIHsXLUSo0OQtM"},"name":"Mac DeMarco","uri":"spotify:artist:3Sz7ZnJQBIHsXLUSo0OQtM","href":"https:\/\/api.spotify.com\/v1\/artists\/3Sz7ZnJQBIHsXLUSo0OQtM"}],"href":"https:\/\/api.spotify.com\/v1\/tracks\/0MgOsVty0YR1kas7x16yoS","is_local":false,"popularity":53,"available_markets":["AU","NZ"],"disc_number":1,"type":"track","explicit":false,"preview_url":"https:\/\/p.scdn.co\/mp3-preview\/9afb8a115ff6a6c27348a6e930998efe5015a671?cid=f9b05de1274c4851a2293a540cb8705e","duration_ms":173866,"name":"Freaking Out The Neighborhood","external_urls":{"spotify":"https:\/\/open.spotify.com\/track\/0MgOsVty0YR1kas7x16yoS"}}},{"added_at":"2017-04-24T18:57:53Z","added_by":{"id":"","external_urls":{"spotify":"https:\/\/open.spotify.com\/user\/"},"href":"https:\/\/api.spotify.com\/v1\/users\/","uri":"spotify:user:","type":"user"},"is_local":false,"track":{"id":"4ODnIulzNb3hDJkKMoxt5d","external_ids":{"isrc":"QMMZN1701299"},"album":{"id":"3tVLDZNxRvwpwroJ8l1paX","uri":"spotify:album:3tVLDZNxRvwpwroJ8l1paX","href":"https:\/\/api.spotify.com\/v1\/albums\/3tVLDZNxRvwpwroJ8l1paX","album_type":"single","artists":[{"type":"artist","id":"3Sz7ZnJQBIHsXLUSo0OQtM","external_urls":{"spotify":"https:\/\/open.spotify.com\/artist\/3Sz7ZnJQBIHsXLUSo0OQtM"},"name":"Mac DeMarco","uri":"spotify:artist:3Sz7ZnJQBIHsXLUSo0OQtM","href":"https:\/\/api.spotify.com\/v1\/artists\/3Sz7ZnJQBIHsXLUSo0OQtM"}],"release_date_precision":"day","available_markets":[],"type":"album","images":[{"width":640,"url":"https:\/\/i.scdn.co\/image\/ab67616d0000b273d5acf758c4da73c4ae808965","height":640},{"width":300,"url":"https:\/\/i.scdn.co\/image\/ab67616d00001e02d5acf758c4da73c4ae808965","height":300},{"width":64,"url":"https:\/\/i.scdn.co\/image\/ab67616d00004851d5acf758c4da73c4ae808965","height":64}],"release_date":"2017-02-06","external_urls":{"spotify":"https:\/\/open.spotify.com\/album\/3tVLDZNxRvwpwroJ8l1paX"},"name":"This Old Dog"},"track_number":1,"uri":"spotify:track:4ODnIulzNb3hDJkKMoxt5d","artists":[{"type":"artist","id":"3Sz7ZnJQBIHsXLUSo0OQtM","external_urls":{"spotify":"https:\/\/open.spotify.com\/artist\/3Sz7ZnJQBIHsXLUSo0OQtM"},"name":"Mac DeMarco","uri":"spotify:artist:3Sz7ZnJQBIHsXLUSo0OQtM","href":"https:\/\/api.spotify.com\/v1\/artists\/3Sz7ZnJQBIHsXLUSo0OQtM"}],"href":"https:\/\/api.spotify.com\/v1\/tracks\/4ODnIulzNb3hDJkKMoxt5d","is_local":false,"popularity":0,"available_markets":[],"disc_number":1,"type":"track","explicit":false,"duration_ms":150546,"external_urls":{"spotify":"https:\/\/open.spotify.com\/track\/4ODnIulzNb3hDJkKMoxt5d"},"name":"This Old Dog"}},{"added_at":"2017-04-24T19:05:51Z","added_by":{"id":"","external_urls":{"spotify":"https:\/\/open.spotify.com\/user\/"},"href":"https:\/\/api.spotify.com\/v1\/users\/","uri":"spotify:user:","type":"user"},"is_local":false,"track":{"id":"4DHfmpIY4JkEOCeA7mGCD3","external_ids":{"isrc":"US8YA1200032"},"album":{"id":"1ogfnXsQc3mf2BQAL9e9iJ","uri":"spotify:album:1ogfnXsQc3mf2BQAL9e9iJ","href":"https:\/\/api.spotify.com\/v1\/albums\/1ogfnXsQc3mf2BQAL9e9iJ","album_type":"album","artists":[{"type":"artist","id":"3Sz7ZnJQBIHsXLUSo0OQtM","external_urls":{"spotify":"https:\/\/open.spotify.com\/artist\/3Sz7ZnJQBIHsXLUSo0OQtM"},"name":"Mac DeMarco","uri":"spotify:artist:3Sz7ZnJQBIHsXLUSo0OQtM","href":"https:\/\/api.spotify.com\/v1\/artists\/3Sz7ZnJQBIHsXLUSo0OQtM"}],"release_date_precision":"day","available_markets":["AU","NZ"],"type":"album","images":[{"width":640,"url":"https:\/\/i.scdn.co\/image\/ab67616d0000b273a54819614fb804b2b8e47ee4","height":640},{"width":300,"url":"https:\/\/i.scdn.co\/image\/ab67616d00001e02a54819614fb804b2b8e47ee4","height":300},{"width":64,"url":"https:\/\/i.scdn.co\/image\/ab67616d00004851a54819614fb804b2b8e47ee4","height":64}],"release_date":"2012-01-01","external_urls":{"spotify":"https:\/\/open.spotify.com\/album\/1ogfnXsQc3mf2BQAL9e9iJ"},"name":"Rock And Roll Night Club"},"track_number":10,"uri":"spotify:track:4DHfmpIY4JkEOCeA7mGCD3","artists":[{"type":"artist","id":"3Sz7ZnJQBIHsXLUSo0OQtM","external_urls":{"spotify":"https:\/\/open.spotify.com\/artist\/3Sz7ZnJQBIHsXLUSo0OQtM"},"name":"Mac DeMarco","uri":"spotify:artist:3Sz7ZnJQBIHsXLUSo0OQtM","href":"https:\/\/api.spotify.com\/v1\/artists\/3Sz7ZnJQBIHsXLUSo0OQtM"}],"href":"https:\/\/api.spotify.com\/v1\/tracks\/4DHfmpIY4JkEOCeA7mGCD3","is_local":false,"popularity":25,"available_markets":["AU","NZ"],"disc_number":1,"type":"track","explicit":false,"preview_url":"https:\/\/p.scdn.co\/mp3-preview\/82644f7728196e6e3e9e99f6ad0cc0caebc12ce0?cid=f9b05de1274c4851a2293a540cb8705e","duration_ms":152413,"name":"I'm A Man","external_urls":{"spotify":"https:\/\/open.spotify.com\/track\/4DHfmpIY4JkEOCeA7mGCD3"}}},{"added_at":"2017-04-11T17:38:50Z","added_by":{"id":"","external_urls":{"spotify":"https:\/\/open.spotify.com\/user\/"},"href":"https:\/\/api.spotify.com\/v1\/users\/","uri":"spotify:user:","type":"user"},"is_local":false,"track":{"id":"0MBsq3AT6XATaik8obVPiH","external_ids":{"isrc":"QMMZN1300874"},"album":{"id":"73A5i6uEMBa2qpGDKdZu3u","uri":"spotify:album:73A5i6uEMBa2qpGDKdZu3u","href":"https:\/\/api.spotify.com\/v1\/albums\/73A5i6uEMBa2qpGDKdZu3u","album_type":"album","artists":[{"type":"artist","id":"3Sz7ZnJQBIHsXLUSo0OQtM","external_urls":{"spotify":"https:\/\/open.spotify.com\/artist\/3Sz7ZnJQBIHsXLUSo0OQtM"},"name":"Mac DeMarco","uri":"spotify:artist:3Sz7ZnJQBIHsXLUSo0OQtM","href":"https:\/\/api.spotify.com\/v1\/artists\/3Sz7ZnJQBIHsXLUSo0OQtM"}],"release_date_precision":"day","available_markets":["AU"],"type":"album","images":[{"width":640,"url":"https:\/\/i.scdn.co\/image\/ab67616d0000b27340f63022508f00ea22a12baf","height":640},{"width":300,"url":"https:\/\/i.scdn.co\/image\/ab67616d00001e0240f63022508f00ea22a12baf","height":300},{"width":64,"url":"https:\/\/i.scdn.co\/image\/ab67616d0000485140f63022508f00ea22a12baf","height":64}],"release_date":"2015-07-08","external_urls":{"spotify":"https:\/\/open.spotify.com\/album\/73A5i6uEMBa2qpGDKdZu3u"},"name":"Another One"},"track_number":3,"uri":"spotify:track:0MBsq3AT6XATaik8obVPiH","artists":[{"type":"artist","id":"3Sz7ZnJQBIHsXLUSo0OQtM","external_urls":{"spotify":"https:\/\/open.spotify.com\/artist\/3Sz7ZnJQBIHsXLUSo0OQtM"},"name":"Mac DeMarco","uri":"spotify:artist:3Sz7ZnJQBIHsXLUSo0OQtM","href":"https:\/\/api.spotify.com\/v1\/artists\/3Sz7ZnJQBIHsXLUSo0OQtM"}],"href":"https:\/\/api.spotify.com\/v1\/tracks\/0MBsq3AT6XATaik8obVPiH","is_local":false,"popularity":29,"available_markets":["AU"],"disc_number":1,"type":"track","explicit":false,"preview_url":"https:\/\/p.scdn.co\/mp3-preview\/c71c158e4d3515fff3311f51ab4781c47a041557?cid=f9b05de1274c4851a2293a540cb8705e","duration_ms":173117,"name":"No Other Heart","external_urls":{"spotify":"https:\/\/open.spotify.com\/track\/0MBsq3AT6XATaik8obVPiH"}}},{"added_at":"2017-04-24T19:06:18Z","added_by":{"id":"","external_urls":{"spotify":"https:\/\/open.spotify.com\/user\/"},"href":"https:\/\/api.spotify.com\/v1\/users\/","uri":"spotify:user:","type":"user"},"is_local":false,"track":{"id":"5bVFRVVFtgQEVALsHYw5BT","external_ids":{"isrc":"QMMZN1200056"},"album":{"id":"0Skv3s5A99n7dstiJOs0aA","uri":"spotify:album:0Skv3s5A99n7dstiJOs0aA","href":"https:\/\/api.spotify.com\/v1\/albums\/0Skv3s5A99n7dstiJOs0aA","album_type":"album","artists":[{"type":"artist","id":"3Sz7ZnJQBIHsXLUSo0OQtM","external_urls":{"spotify":"https:\/\/open.spotify.com\/artist\/3Sz7ZnJQBIHsXLUSo0OQtM"},"name":"Mac DeMarco","uri":"spotify:artist:3Sz7ZnJQBIHsXLUSo0OQtM","href":"https:\/\/api.spotify.com\/v1\/artists\/3Sz7ZnJQBIHsXLUSo0OQtM"}],"release_date_precision":"day","available_markets":["AU","NZ"],"type":"album","images":[{"width":640,"url":"https:\/\/i.scdn.co\/image\/ab67616d0000b273681384864fcbda288ed7d365","height":640},{"width":300,"url":"https:\/\/i.scdn.co\/image\/ab67616d00001e02681384864fcbda288ed7d365","height":300},{"width":64,"url":"https:\/\/i.scdn.co\/image\/ab67616d00004851681384864fcbda288ed7d365","height":64}],"release_date":"2013-08-09","external_urls":{"spotify":"https:\/\/open.spotify.com\/album\/0Skv3s5A99n7dstiJOs0aA"},"name":"2"},"track_number":11,"uri":"spotify:track:5bVFRVVFtgQEVALsHYw5BT","artists":[{"type":"artist","id":"3Sz7ZnJQBIHsXLUSo0OQtM","external_urls":{"spotify":"https:\/\/open.spotify.com\/artist\/3Sz7ZnJQBIHsXLUSo0OQtM"},"name":"Mac DeMarco","uri":"spotify:artist:3Sz7ZnJQBIHsXLUSo0OQtM","href":"https:\/\/api.spotify.com\/v1\/artists\/3Sz7ZnJQBIHsXLUSo0OQtM"}],"href":"https:\/\/api.spotify.com\/v1\/tracks\/5bVFRVVFtgQEVALsHYw5BT","is_local":false,"popularity":30,"available_markets":["AU","NZ"],"disc_number":1,"type":"track","explicit":false,"preview_url":"https:\/\/p.scdn.co\/mp3-preview\/79b8eab1fe1c737cf827b4d4bd57ebe52f99872a?cid=f9b05de1274c4851a2293a540cb8705e","duration_ms":219373,"name":"Still Together","external_urls":{"spotify":"https:\/\/open.spotify.com\/track\/5bVFRVVFtgQEVALsHYw5BT"}}},{"added_at":"2017-04-11T17:38:50Z","added_by":{"id":"","external_urls":{"spotify":"https:\/\/open.spotify.com\/user\/"},"href":"https:\/\/api.spotify.com\/v1\/users\/","uri":"spotify:user:","type":"user"},"is_local":false,"track":{"id":"0NR4b0cVc5wpE82IqPzZjY","external_ids":{"isrc":"US8YA1200029"},"album":{"id":"1ogfnXsQc3mf2BQAL9e9iJ","uri":"spotify:album:1ogfnXsQc3mf2BQAL9e9iJ","href":"https:\/\/api.spotify.com\/v1\/albums\/1ogfnXsQc3mf2BQAL9e9iJ","album_type":"album","artists":[{"type":"artist","id":"3Sz7ZnJQBIHsXLUSo0OQtM","external_urls":{"spotify":"https:\/\/open.spotify.com\/artist\/3Sz7ZnJQBIHsXLUSo0OQtM"},"name":"Mac DeMarco","uri":"spotify:artist:3Sz7ZnJQBIHsXLUSo0OQtM","href":"https:\/\/api.spotify.com\/v1\/artists\/3Sz7ZnJQBIHsXLUSo0OQtM"}],"release_date_precision":"day","available_markets":["AU","NZ"],"type":"album","images":[{"width":640,"url":"https:\/\/i.scdn.co\/image\/ab67616d0000b273a54819614fb804b2b8e47ee4","height":640},{"width":300,"url":"https:\/\/i.scdn.co\/image\/ab67616d00001e02a54819614fb804b2b8e47ee4","height":300},{"width":64,"url":"https:\/\/i.scdn.co\/image\/ab67616d00004851a54819614fb804b2b8e47ee4","height":64}],"release_date":"2012-01-01","external_urls":{"spotify":"https:\/\/open.spotify.com\/album\/1ogfnXsQc3mf2BQAL9e9iJ"},"name":"Rock And Roll Night Club"},"track_number":7,"uri":"spotify:track:0NR4b0cVc5wpE82IqPzZjY","artists":[{"type":"artist","id":"3Sz7ZnJQBIHsXLUSo0OQtM","external_urls":{"spotify":"https:\/\/open.spotify.com\/artist\/3Sz7ZnJQBIHsXLUSo0OQtM"},"name":"Mac DeMarco","uri":"spotify:artist:3Sz7ZnJQBIHsXLUSo0OQtM","href":"https:\/\/api.spotify.com\/v1\/artists\/3Sz7ZnJQBIHsXLUSo0OQtM"}],"href":"https:\/\/api.spotify.com\/v1\/tracks\/0NR4b0cVc5wpE82IqPzZjY","is_local":false,"popularity":27,"available_markets":["AU","NZ"],"disc_number":1,"type":"track","explicit":false,"preview_url":"https:\/\/p.scdn.co\/mp3-preview\/354245a6fbc7392a3d06eb015de19457880d4e8b?cid=f9b05de1274c4851a2293a540cb8705e","duration_ms":183946,"name":"She's Really All I Need","external_urls":{"spotify":"https:\/\/open.spotify.com\/track\/0NR4b0cVc5wpE82IqPzZjY"}}},{"added_at":"2017-04-11T17:38:50Z","added_by":{"id":"","external_urls":{"spotify":"https:\/\/open.spotify.com\/user\/"},"href":"https:\/\/api.spotify.com\/v1\/users\/","uri":"spotify:user:","type":"user"},"is_local":false,"track":{"id":"7m0HWMjdCYc2EodpKN4gaf","external_ids":{"isrc":"QMMZN1300566"},"album":{"id":"7xPhDaYZ2ejV04aNtdBdvj","uri":"spotify:album:7xPhDaYZ2ejV04aNtdBdvj","href":"https:\/\/api.spotify.com\/v1\/albums\/7xPhDaYZ2ejV04aNtdBdvj","album_type":"album","artists":[{"type":"artist","id":"3Sz7ZnJQBIHsXLUSo0OQtM","external_urls":{"spotify":"https:\/\/open.spotify.com\/artist\/3Sz7ZnJQBIHsXLUSo0OQtM"},"name":"Mac DeMarco","uri":"spotify:artist:3Sz7ZnJQBIHsXLUSo0OQtM","href":"https:\/\/api.spotify.com\/v1\/artists\/3Sz7ZnJQBIHsXLUSo0OQtM"}],"release_date_precision":"day","available_markets":["AU","NZ"],"type":"album","images":[{"width":640,"url":"https:\/\/i.scdn.co\/image\/ab67616d0000b273d29a6b42f592c433ee31104d","height":640},{"width":300,"url":"https:\/\/i.scdn.co\/image\/ab67616d00001e02d29a6b42f592c433ee31104d","height":300},{"width":64,"url":"https:\/\/i.scdn.co\/image\/ab67616d00004851d29a6b42f592c433ee31104d","height":64}],"release_date":"2014-03-28","external_urls":{"spotify":"https:\/\/open.spotify.com\/album\/7xPhDaYZ2ejV04aNtdBdvj"},"name":"Salad Days"},"track_number":7,"uri":"spotify:track:7m0HWMjdCYc2EodpKN4gaf","artists":[{"type":"artist","id":"3Sz7ZnJQBIHsXLUSo0OQtM","external_urls":{"spotify":"https:\/\/open.spotify.com\/artist\/3Sz7ZnJQBIHsXLUSo0OQtM"},"name":"Mac DeMarco","uri":"spotify:artist:3Sz7ZnJQBIHsXLUSo0OQtM","href":"https:\/\/api.spotify.com\/v1\/artists\/3Sz7ZnJQBIHsXLUSo0OQtM"}],"href":"https:\/\/api.spotify.com\/v1\/tracks\/7m0HWMjdCYc2EodpKN4gaf","is_local":false,"popularity":34,"available_markets":["AU","NZ"],"disc_number":1,"type":"track","explicit":false,"preview_url":"https:\/\/p.scdn.co\/mp3-preview\/f3df0176103ae9a5d482c42639d89552421eb0d6?cid=f9b05de1274c4851a2293a540cb8705e","duration_ms":167093,"name":"Passing Out Pieces","external_urls":{"spotify":"https:\/\/open.spotify.com\/track\/7m0HWMjdCYc2EodpKN4gaf"}}},{"added_at":"2017-04-11T17:38:50Z","added_by":{"id":"","external_urls":{"spotify":"https:\/\/open.spotify.com\/user\/"},"href":"https:\/\/api.spotify.com\/v1\/users\/","uri":"spotify:user:","type":"user"},"is_local":false,"track":{"id":"31uL8Gach0QQjK1QwsrYvl","external_ids":{"isrc":"QMMZN1200047"},"album":{"id":"0Skv3s5A99n7dstiJOs0aA","uri":"spotify:album:0Skv3s5A99n7dstiJOs0aA","href":"https:\/\/api.spotify.com\/v1\/albums\/0Skv3s5A99n7dstiJOs0aA","album_type":"album","artists":[{"type":"artist","id":"3Sz7ZnJQBIHsXLUSo0OQtM","external_urls":{"spotify":"https:\/\/open.spotify.com\/artist\/3Sz7ZnJQBIHsXLUSo0OQtM"},"name":"Mac DeMarco","uri":"spotify:artist:3Sz7ZnJQBIHsXLUSo0OQtM","href":"https:\/\/api.spotify.com\/v1\/artists\/3Sz7ZnJQBIHsXLUSo0OQtM"}],"release_date_precision":"day","available_markets":["AU","NZ"],"type":"album","images":[{"width":640,"url":"https:\/\/i.scdn.co\/image\/ab67616d0000b273681384864fcbda288ed7d365","height":640},{"width":300,"url":"https:\/\/i.scdn.co\/image\/ab67616d00001e02681384864fcbda288ed7d365","height":300},{"width":64,"url":"https:\/\/i.scdn.co\/image\/ab67616d00004851681384864fcbda288ed7d365","height":64}],"release_date":"2013-08-09","external_urls":{"spotify":"https:\/\/open.spotify.com\/album\/0Skv3s5A99n7dstiJOs0aA"},"name":"2"},"track_number":2,"uri":"spotify:track:31uL8Gach0QQjK1QwsrYvl","artists":[{"type":"artist","id":"3Sz7ZnJQBIHsXLUSo0OQtM","external_urls":{"spotify":"https:\/\/open.spotify.com\/artist\/3Sz7ZnJQBIHsXLUSo0OQtM"},"name":"Mac DeMarco","uri":"spotify:artist:3Sz7ZnJQBIHsXLUSo0OQtM","href":"https:\/\/api.spotify.com\/v1\/artists\/3Sz7ZnJQBIHsXLUSo0OQtM"}],"href":"https:\/\/api.spotify.com\/v1\/tracks\/31uL8Gach0QQjK1QwsrYvl","is_local":false,"popularity":33,"available_markets":["AU","NZ"],"disc_number":1,"type":"track","explicit":false,"preview_url":"https:\/\/p.scdn.co\/mp3-preview\/70fc135bc24735e479e6a5cff835e147e6ab7e25?cid=f9b05de1274c4851a2293a540cb8705e","duration_ms":147320,"name":"Dreaming","external_urls":{"spotify":"https:\/\/open.spotify.com\/track\/31uL8Gach0QQjK1QwsrYvl"}}},{"added_at":"2017-04-11T17:38:50Z","added_by":{"id":"","external_urls":{"spotify":"https:\/\/open.spotify.com\/user\/"},"href":"https:\/\/api.spotify.com\/v1\/users\/","uri":"spotify:user:","type":"user"},"is_local":false,"track":{"id":"07qJ1H9vQMFOS35cv2mntD","external_ids":{"isrc":"QMMZN1300876"},"album":{"id":"73A5i6uEMBa2qpGDKdZu3u","uri":"spotify:album:73A5i6uEMBa2qpGDKdZu3u","href":"https:\/\/api.spotify.com\/v1\/albums\/73A5i6uEMBa2qpGDKdZu3u","album_type":"album","artists":[{"type":"artist","id":"3Sz7ZnJQBIHsXLUSo0OQtM","external_urls":{"spotify":"https:\/\/open.spotify.com\/artist\/3Sz7ZnJQBIHsXLUSo0OQtM"},"name":"Mac DeMarco","uri":"spotify:artist:3Sz7ZnJQBIHsXLUSo0OQtM","href":"https:\/\/api.spotify.com\/v1\/artists\/3Sz7ZnJQBIHsXLUSo0OQtM"}],"release_date_precision":"day","available_markets":["AU"],"type":"album","images":[{"width":640,"url":"https:\/\/i.scdn.co\/image\/ab67616d0000b27340f63022508f00ea22a12baf","height":640},{"width":300,"url":"https:\/\/i.scdn.co\/image\/ab67616d00001e0240f63022508f00ea22a12baf","height":300},{"width":64,"url":"https:\/\/i.scdn.co\/image\/ab67616d0000485140f63022508f00ea22a12baf","height":64}],"release_date":"2015-07-08","external_urls":{"spotify":"https:\/\/open.spotify.com\/album\/73A5i6uEMBa2qpGDKdZu3u"},"name":"Another One"},"track_number":5,"uri":"spotify:track:07qJ1H9vQMFOS35cv2mntD","artists":[{"type":"artist","id":"3Sz7ZnJQBIHsXLUSo0OQtM","external_urls":{"spotify":"https:\/\/open.spotify.com\/artist\/3Sz7ZnJQBIHsXLUSo0OQtM"},"name":"Mac DeMarco","uri":"spotify:artist:3Sz7ZnJQBIHsXLUSo0OQtM","href":"https:\/\/api.spotify.com\/v1\/artists\/3Sz7ZnJQBIHsXLUSo0OQtM"}],"href":"https:\/\/api.spotify.com\/v1\/tracks\/07qJ1H9vQMFOS35cv2mntD","is_local":false,"popularity":28,"available_markets":["AU"],"disc_number":1,"type":"track","explicit":false,"preview_url":"https:\/\/p.scdn.co\/mp3-preview\/a0070704926c1c8f4293374580ebafa1b9a2b407?cid=f9b05de1274c4851a2293a540cb8705e","duration_ms":241860,"name":"A Heart Like Hers","external_urls":{"spotify":"https:\/\/open.spotify.com\/track\/07qJ1H9vQMFOS35cv2mntD"}}},{"added_at":"2017-04-11T17:38:50Z","added_by":{"id":"","external_urls":{"spotify":"https:\/\/open.spotify.com\/user\/"},"href":"https:\/\/api.spotify.com\/v1\/users\/","uri":"spotify:user:","type":"user"},"is_local":false,"track":{"id":"4bFziYuKjm3kP6CbDTdhwU","external_ids":{"isrc":"QMMZN1300705"},"album":{"id":"5qdwv0MeZHRcoSWGEpTLJ3","uri":"spotify:album:5qdwv0MeZHRcoSWGEpTLJ3","href":"https:\/\/api.spotify.com\/v1\/albums\/5qdwv0MeZHRcoSWGEpTLJ3","album_type":"album","artists":[{"type":"artist","id":"3Sz7ZnJQBIHsXLUSo0OQtM","external_urls":{"spotify":"https:\/\/open.spotify.com\/artist\/3Sz7ZnJQBIHsXLUSo0OQtM"},"name":"Mac DeMarco","uri":"spotify:artist:3Sz7ZnJQBIHsXLUSo0OQtM","href":"https:\/\/api.spotify.com\/v1\/artists\/3Sz7ZnJQBIHsXLUSo0OQtM"}],"release_date_precision":"day","available_markets":[],"type":"album","images":[{"width":640,"url":"https:\/\/i.scdn.co\/image\/ab67616d0000b27378a31f63af6d0ed49ce1c21f","height":640},{"width":300,"url":"https:\/\/i.scdn.co\/image\/ab67616d00001e0278a31f63af6d0ed49ce1c21f","height":300},{"width":64,"url":"https:\/\/i.scdn.co\/image\/ab67616d0000485178a31f63af6d0ed49ce1c21f","height":64}],"release_date":"2014-06-17","external_urls":{"spotify":"https:\/\/open.spotify.com\/album\/5qdwv0MeZHRcoSWGEpTLJ3"},"name":"Salad Days Demos"},"track_number":7,"uri":"spotify:track:4bFziYuKjm3kP6CbDTdhwU","artists":[{"type":"artist","id":"3Sz7ZnJQBIHsXLUSo0OQtM","external_urls":{"spotify":"https:\/\/open.spotify.com\/artist\/3Sz7ZnJQBIHsXLUSo0OQtM"},"name":"Mac DeMarco","uri":"spotify:artist:3Sz7ZnJQBIHsXLUSo0OQtM","href":"https:\/\/api.spotify.com\/v1\/artists\/3Sz7ZnJQBIHsXLUSo0OQtM"}],"href":"https:\/\/api.spotify.com\/v1\/tracks\/4bFziYuKjm3kP6CbDTdhwU","is_local":false,"popularity":0,"available_markets":[],"disc_number":1,"type":"track","explicit":false,"duration_ms":151147,"external_urls":{"spotify":"https:\/\/open.spotify.com\/track\/4bFziYuKjm3kP6CbDTdhwU"},"name":"Pepperoni Playboy"}},{"added_at":"2017-04-11T17:38:50Z","added_by":{"id":"","external_urls":{"spotify":"https:\/\/open.spotify.com\/user\/"},"href":"https:\/\/api.spotify.com\/v1\/users\/","uri":"spotify:user:","type":"user"},"is_local":false,"track":{"id":"2PHZZejCfMmhmVXxM2OhKR","external_ids":{"isrc":"US8YA1200025"},"album":{"id":"1ogfnXsQc3mf2BQAL9e9iJ","uri":"spotify:album:1ogfnXsQc3mf2BQAL9e9iJ","href":"https:\/\/api.spotify.com\/v1\/albums\/1ogfnXsQc3mf2BQAL9e9iJ","album_type":"album","artists":[{"type":"artist","id":"3Sz7ZnJQBIHsXLUSo0OQtM","external_urls":{"spotify":"https:\/\/open.spotify.com\/artist\/3Sz7ZnJQBIHsXLUSo0OQtM"},"name":"Mac DeMarco","uri":"spotify:artist:3Sz7ZnJQBIHsXLUSo0OQtM","href":"https:\/\/api.spotify.com\/v1\/artists\/3Sz7ZnJQBIHsXLUSo0OQtM"}],"release_date_precision":"day","available_markets":["AU","NZ"],"type":"album","images":[{"width":640,"url":"https:\/\/i.scdn.co\/image\/ab67616d0000b273a54819614fb804b2b8e47ee4","height":640},{"width":300,"url":"https:\/\/i.scdn.co\/image\/ab67616d00001e02a54819614fb804b2b8e47ee4","height":300},{"width":64,"url":"https:\/\/i.scdn.co\/image\/ab67616d00004851a54819614fb804b2b8e47ee4","height":64}],"release_date":"2012-01-01","external_urls":{"spotify":"https:\/\/open.spotify.com\/album\/1ogfnXsQc3mf2BQAL9e9iJ"},"name":"Rock And Roll Night Club"},"track_number":3,"uri":"spotify:track:2PHZZejCfMmhmVXxM2OhKR","artists":[{"type":"artist","id":"3Sz7ZnJQBIHsXLUSo0OQtM","external_urls":{"spotify":"https:\/\/open.spotify.com\/artist\/3Sz7ZnJQBIHsXLUSo0OQtM"},"name":"Mac DeMarco","uri":"spotify:artist:3Sz7ZnJQBIHsXLUSo0OQtM","href":"https:\/\/api.spotify.com\/v1\/artists\/3Sz7ZnJQBIHsXLUSo0OQtM"}],"href":"https:\/\/api.spotify.com\/v1\/tracks\/2PHZZejCfMmhmVXxM2OhKR","is_local":false,"popularity":28,"available_markets":["AU","NZ"],"disc_number":1,"type":"track","explicit":false,"preview_url":"https:\/\/p.scdn.co\/mp3-preview\/5161cd55f40d1eb64659a17444bb4b3e0e0ecdec?cid=f9b05de1274c4851a2293a540cb8705e","duration_ms":213493,"name":"Baby's Wearing Blue Jeans","external_urls":{"spotify":"https:\/\/open.spotify.com\/track\/2PHZZejCfMmhmVXxM2OhKR"}}},{"added_at":"2017-04-11T17:38:50Z","added_by":{"id":"","external_urls":{"spotify":"https:\/\/open.spotify.com\/user\/"},"href":"https:\/\/api.spotify.com\/v1\/users\/","uri":"spotify:user:","type":"user"},"is_local":false,"track":{"id":"61bmo5vBtLghd3WYHZQGrY","external_ids":{"isrc":"QMMZN1300562"},"album":{"id":"7xPhDaYZ2ejV04aNtdBdvj","uri":"spotify:album:7xPhDaYZ2ejV04aNtdBdvj","href":"https:\/\/api.spotify.com\/v1\/albums\/7xPhDaYZ2ejV04aNtdBdvj","album_type":"album","artists":[{"type":"artist","id":"3Sz7ZnJQBIHsXLUSo0OQtM","external_urls":{"spotify":"https:\/\/open.spotify.com\/artist\/3Sz7ZnJQBIHsXLUSo0OQtM"},"name":"Mac DeMarco","uri":"spotify:artist:3Sz7ZnJQBIHsXLUSo0OQtM","href":"https:\/\/api.spotify.com\/v1\/artists\/3Sz7ZnJQBIHsXLUSo0OQtM"}],"release_date_precision":"day","available_markets":["AU","NZ"],"type":"album","images":[{"width":640,"url":"https:\/\/i.scdn.co\/image\/ab67616d0000b273d29a6b42f592c433ee31104d","height":640},{"width":300,"url":"https:\/\/i.scdn.co\/image\/ab67616d00001e02d29a6b42f592c433ee31104d","height":300},{"width":64,"url":"https:\/\/i.scdn.co\/image\/ab67616d00004851d29a6b42f592c433ee31104d","height":64}],"release_date":"2014-03-28","external_urls":{"spotify":"https:\/\/open.spotify.com\/album\/7xPhDaYZ2ejV04aNtdBdvj"},"name":"Salad Days"},"track_number":3,"uri":"spotify:track:61bmo5vBtLghd3WYHZQGrY","artists":[{"type":"artist","id":"3Sz7ZnJQBIHsXLUSo0OQtM","external_urls":{"spotify":"https:\/\/open.spotify.com\/artist\/3Sz7ZnJQBIHsXLUSo0OQtM"},"name":"Mac DeMarco","uri":"spotify:artist:3Sz7ZnJQBIHsXLUSo0OQtM","href":"https:\/\/api.spotify.com\/v1\/artists\/3Sz7ZnJQBIHsXLUSo0OQtM"}],"href":"https:\/\/api.spotify.com\/v1\/tracks\/61bmo5vBtLghd3WYHZQGrY","is_local":false,"popularity":32,"available_markets":["AU","NZ"],"disc_number":1,"type":"track","explicit":false,"preview_url":"https:\/\/p.scdn.co\/mp3-preview\/30b025fdd6859c227e7ec0c2b35ebfd01cae53c3?cid=f9b05de1274c4851a2293a540cb8705e","duration_ms":212746,"name":"Brother","external_urls":{"spotify":"https:\/\/open.spotify.com\/track\/61bmo5vBtLghd3WYHZQGrY"}}},{"added_at":"2017-04-24T19:07:03Z","added_by":{"id":"","external_urls":{"spotify":"https:\/\/open.spotify.com\/user\/"},"href":"https:\/\/api.spotify.com\/v1\/users\/","uri":"spotify:user:","type":"user"},"is_local":false,"track":{"id":"4jXyX02SNH9Oprbr3tpvVu","external_ids":{"isrc":"QMMZN1300553"},"album":{"id":"7ctcBnbWOHBHNkDsWpceif","uri":"spotify:album:7ctcBnbWOHBHNkDsWpceif","href":"https:\/\/api.spotify.com\/v1\/albums\/7ctcBnbWOHBHNkDsWpceif","album_type":"album","artists":[{"type":"artist","id":"3Sz7ZnJQBIHsXLUSo0OQtM","external_urls":{"spotify":"https:\/\/open.spotify.com\/artist\/3Sz7ZnJQBIHsXLUSo0OQtM"},"name":"Mac DeMarco","uri":"spotify:artist:3Sz7ZnJQBIHsXLUSo0OQtM","href":"https:\/\/api.spotify.com\/v1\/artists\/3Sz7ZnJQBIHsXLUSo0OQtM"}],"release_date_precision":"day","available_markets":["AD","AE","AL","AR","AT","AU","BA","BE","BG","BH","BO","BR","BY","CA","CH","CL","CO","CR","CY","CZ","DE","DK","DO","DZ","EC","EE","EG","ES","FI","FR","GB","GR","GT","HK","HN","HR","HU","ID","IE","IL","IN","IS","IT","JO","JP","KW","KZ","LB","LI","LT","LU","LV","MA","MC","MD","ME","MK","MT","MX","MY","NI","NL","NO","NZ","OM","PA","PE","PH","PL","PS","PT","PY","QA","RO","RS","RU","SA","SE","SG","SI","SK","SV","TH","TN","TR","TW","UA","US","UY","VN","XK","ZA"],"type":"album","images":[{"width":640,"url":"https:\/\/i.scdn.co\/image\/ab67616d0000b273306323db8acb8ee18e7af5f0","height":640},{"width":300,"url":"https:\/\/i.scdn.co\/image\/ab67616d00001e02306323db8acb8ee18e7af5f0","height":300},{"width":64,"url":"https:\/\/i.scdn.co\/image\/ab67616d00004851306323db8acb8ee18e7af5f0","height":64}],"release_date":"2013-12-14","external_urls":{"spotify":"https:\/\/open.spotify.com\/album\/7ctcBnbWOHBHNkDsWpceif"},"name":"Live & Acoustic Vol. 1"},"track_number":1,"uri":"spotify:track:4jXyX02SNH9Oprbr3tpvVu","artists":[{"type":"artist","id":"3Sz7ZnJQBIHsXLUSo0OQtM","external_urls":{"spotify":"https:\/\/open.spotify.com\/artist\/3Sz7ZnJQBIHsXLUSo0OQtM"},"name":"Mac DeMarco","uri":"spotify:artist:3Sz7ZnJQBIHsXLUSo0OQtM","href":"https:\/\/api.spotify.com\/v1\/artists\/3Sz7ZnJQBIHsXLUSo0OQtM"}],"href":"https:\/\/api.spotify.com\/v1\/tracks\/4jXyX02SNH9Oprbr3tpvVu","is_local":false,"popularity":43,"available_markets":["AD","AE","AL","AR","AT","AU","BA","BE","BG","BH","BO","BR","BY","CA","CH","CL","CO","CR","CY","CZ","DE","DK","DO","DZ","EC","EE","EG","ES","FI","FR","GB","GR","GT","HK","HN","HR","HU","ID","IE","IL","IN","IS","IT","JO","JP","KW","KZ","LB","LI","LT","LU","LV","MA","MC","MD","ME","MK","MT","MX","MY","NI","NL","NO","NZ","OM","PA","PE","PH","PL","PS","PT","PY","QA","RO","RS","RU","SA","SE","SG","SI","SK","SV","TH","TN","TR","TW","UA","US","UY","VN","XK","ZA"],"disc_number":1,"type":"track","explicit":false,"preview_url":"https:\/\/p.scdn.co\/mp3-preview\/10c4e4c59520c7f12b5280b6820ef8c81c1d15ea?cid=f9b05de1274c4851a2293a540cb8705e","duration_ms":180883,"name":"Cooking Up Something Good","external_urls":{"spotify":"https:\/\/open.spotify.com\/track\/4jXyX02SNH9Oprbr3tpvVu"}}},{"added_at":"2017-04-24T19:07:36Z","added_by":{"id":"","external_urls":{"spotify":"https:\/\/open.spotify.com\/user\/"},"href":"https:\/\/api.spotify.com\/v1\/users\/","uri":"spotify:user:","type":"user"},"is_local":false,"track":{"id":"6avSsDAt7hVTDLeqCBfXH5","external_ids":{"isrc":"QMMZN1300297"},"album":{"id":"0uORJJ9IgCGASl7FhP9OyQ","uri":"spotify:album:0uORJJ9IgCGASl7FhP9OyQ","href":"https:\/\/api.spotify.com\/v1\/albums\/0uORJJ9IgCGASl7FhP9OyQ","album_type":"album","artists":[{"type":"artist","id":"3Sz7ZnJQBIHsXLUSo0OQtM","external_urls":{"spotify":"https:\/\/open.spotify.com\/artist\/3Sz7ZnJQBIHsXLUSo0OQtM"},"name":"Mac DeMarco","uri":"spotify:artist:3Sz7ZnJQBIHsXLUSo0OQtM","href":"https:\/\/api.spotify.com\/v1\/artists\/3Sz7ZnJQBIHsXLUSo0OQtM"}],"release_date_precision":"day","available_markets":["AD","AE","AL","AR","AT","AU","BA","BE","BG","BH","BO","BR","BY","CA","CH","CL","CO","CR","CY","CZ","DE","DK","DO","DZ","EC","EE","EG","ES","FI","FR","GB","GR","GT","HK","HN","HR","HU","ID","IE","IL","IN","IS","IT","JO","JP","KW","KZ","LB","LI","LT","LU","LV","MA","MC","MD","ME","MK","MT","MX","MY","NI","NL","NO","NZ","OM","PA","PE","PH","PL","PS","PT","PY","QA","RO","RS","RU","SA","SE","SG","SI","SK","SV","TH","TN","TR","TW","UA","US","UY","VN","XK","ZA"],"type":"album","images":[{"width":640,"url":"https:\/\/i.scdn.co\/image\/ab67616d0000b2731e72f2d32dcc4786cb191168","height":640},{"width":300,"url":"https:\/\/i.scdn.co\/image\/ab67616d00001e021e72f2d32dcc4786cb191168","height":300},{"width":64,"url":"https:\/\/i.scdn.co\/image\/ab67616d000048511e72f2d32dcc4786cb191168","height":64}],"release_date":"2013-11-15","external_urls":{"spotify":"https:\/\/open.spotify.com\/album\/0uORJJ9IgCGASl7FhP9OyQ"},"name":"2 Demos"},"track_number":10,"uri":"spotify:track:6avSsDAt7hVTDLeqCBfXH5","artists":[{"type":"artist","id":"3Sz7ZnJQBIHsXLUSo0OQtM","external_urls":{"spotify":"https:\/\/open.spotify.com\/artist\/3Sz7ZnJQBIHsXLUSo0OQtM"},"name":"Mac DeMarco","uri":"spotify:artist:3Sz7ZnJQBIHsXLUSo0OQtM","href":"https:\/\/api.spotify.com\/v1\/artists\/3Sz7ZnJQBIHsXLUSo0OQtM"}],"href":"https:\/\/api.spotify.com\/v1\/tracks\/6avSsDAt7hVTDLeqCBfXH5","is_local":false,"popularity":43,"available_markets":["AD","AE","AL","AR","AT","AU","BA","BE","BG","BH","BO","BR","BY","CA","CH","CL","CO","CR","CY","CZ","DE","DK","DO","DZ","EC","EE","EG","ES","FI","FR","GB","GR","GT","HK","HN","HR","HU","ID","IE","IL","IN","IS","IT","JO","JP","KW","KZ","LB","LI","LT","LU","LV","MA","MC","MD","ME","MK","MT","MX","MY","NI","NL","NO","NZ","OM","PA","PE","PH","PL","PS","PT","PY","QA","RO","RS","RU","SA","SE","SG","SI","SK","SV","TH","TN","TR","TW","UA","US","UY","VN","XK","ZA"],"disc_number":1,"type":"track","explicit":false,"preview_url":"https:\/\/p.scdn.co\/mp3-preview\/fca31078961499364ef1db2be5afd4b1ca80fa01?cid=f9b05de1274c4851a2293a540cb8705e","duration_ms":103506,"name":"Dreamin' Fast","external_urls":{"spotify":"https:\/\/open.spotify.com\/track\/6avSsDAt7hVTDLeqCBfXH5"}}},{"added_at":"2017-04-11T17:38:50Z","added_by":{"id":"","external_urls":{"spotify":"https:\/\/open.spotify.com\/user\/"},"href":"https:\/\/api.spotify.com\/v1\/users\/","uri":"spotify:user:","type":"user"},"is_local":false,"track":{"id":"7kpafSrf0xBPFSyR1AziSO","external_ids":{"isrc":"QMMZN1300878"},"album":{"id":"73A5i6uEMBa2qpGDKdZu3u","uri":"spotify:album:73A5i6uEMBa2qpGDKdZu3u","href":"https:\/\/api.spotify.com\/v1\/albums\/73A5i6uEMBa2qpGDKdZu3u","album_type":"album","artists":[{"type":"artist","id":"3Sz7ZnJQBIHsXLUSo0OQtM","external_urls":{"spotify":"https:\/\/open.spotify.com\/artist\/3Sz7ZnJQBIHsXLUSo0OQtM"},"name":"Mac DeMarco","uri":"spotify:artist:3Sz7ZnJQBIHsXLUSo0OQtM","href":"https:\/\/api.spotify.com\/v1\/artists\/3Sz7ZnJQBIHsXLUSo0OQtM"}],"release_date_precision":"day","available_markets":["AU"],"type":"album","images":[{"width":640,"url":"https:\/\/i.scdn.co\/image\/ab67616d0000b27340f63022508f00ea22a12baf","height":640},{"width":300,"url":"https:\/\/i.scdn.co\/image\/ab67616d00001e0240f63022508f00ea22a12baf","height":300},{"width":64,"url":"https:\/\/i.scdn.co\/image\/ab67616d0000485140f63022508f00ea22a12baf","height":64}],"release_date":"2015-07-08","external_urls":{"spotify":"https:\/\/open.spotify.com\/album\/73A5i6uEMBa2qpGDKdZu3u"},"name":"Another One"},"track_number":7,"uri":"spotify:track:7kpafSrf0xBPFSyR1AziSO","artists":[{"type":"artist","id":"3Sz7ZnJQBIHsXLUSo0OQtM","external_urls":{"spotify":"https:\/\/open.spotify.com\/artist\/3Sz7ZnJQBIHsXLUSo0OQtM"},"name":"Mac DeMarco","uri":"spotify:artist:3Sz7ZnJQBIHsXLUSo0OQtM","href":"https:\/\/api.spotify.com\/v1\/artists\/3Sz7ZnJQBIHsXLUSo0OQtM"}],"href":"https:\/\/api.spotify.com\/v1\/tracks\/7kpafSrf0xBPFSyR1AziSO","is_local":false,"popularity":28,"available_markets":["AU"],"disc_number":1,"type":"track","explicit":false,"preview_url":"https:\/\/p.scdn.co\/mp3-preview\/691ab85d6a823336dd4c1968031b4125f22c041f?cid=f9b05de1274c4851a2293a540cb8705e","duration_ms":177196,"name":"Without Me","external_urls":{"spotify":"https:\/\/open.spotify.com\/track\/7kpafSrf0xBPFSyR1AziSO"}}}],"href":"https:\/\/api.spotify.com\/v1\/playlists\/37i9dQZF1DXe8E8oqpmTDI\/tracks?offset=0&limit=100&additional_types=track","offset":0,"limit":100}