{"id":"3TO7bbrUKrOSPGRTB5MeCz","name":"Time","album":{"images":[{"width":640,"url":"https:\/\/i.scdn.co\/image\/ab67616d0000b273f05e5ac32fdd79d100315a20","height":640},{"width":300,"url":"https:\/\/i.scdn.co\/image\/ab67616d00001e02f05e5ac32fdd79d100315a20","height":300},{"width":64,"url":"https:\/\/i.scdn.co\/image\/ab67616d00004851f05e5ac32fdd79d100315a20","height":64}],"release_date_precision":"day","release_date":"1973-03-01","id":"4LH4d3cOWNNsVw41Gqt2kv","uri":"spotify:album:4LH4d3cOWNNsVw41Gqt2kv","external_urls":{"spotify":"https:\/\/open.spotify.com\/album\/4LH4d3cOWNNsVw41Gqt2kv"},"href":"https:\/\/api.spotify.com\/v1\/albums\/4LH4d3cOWNNsVw41Gqt2kv","available_markets":["AE","AR","AU","BH","BO","BR","CA","CL","CO","CR","DO","EC","EG","GT","HK","HN","ID","IL","IN","JO","JP","KW","LB","MX","MY","NI","NZ","OM","PA","PE","PH","PS","PY","QA","SA","SG","SV","TH","TN","TW","US","UY","VN","ZA"],"type":"album","name":"The Dark Side of the Moon","artists":[{"type":"artist","id":"0k17h0D3J5VfsdmQ1iZtE9","external_urls":{"spotify":"https:\/\/open.spotify.com\/artist\/0k17h0D3J5VfsdmQ1iZtE9"},"name":"Pink Floyd","uri":"spotify:artist:0k17h0D3J5VfsdmQ1iZtE9","href":"https:\/\/api.spotify.com\/v1\/artists\/0k17h0D3J5VfsdmQ1iZtE9"}]},"disc_number":1,"uri":"spotify:track:3TO7bbrUKrOSPGRTB5MeCz","artists":[{"type":"artist","id":"0k17h0D3J5VfsdmQ1iZtE9","external_urls":{"spotify":"https:\/\/open.spotify.com\/artist\/0k17h0D3J5VfsdmQ1iZtE9"},"name":"Pink Floyd","uri":"spotify:artist:0k17h0D3J5VfsdmQ1iZtE9","href":"https:\/\/api.spotify.com\/v1\/artists\/0k17h0D3J5VfsdmQ1iZtE9"}],"href":"https:\/\/api.spotify.com\/v1\/tracks\/3TO7bbrUKrOSPGRTB5MeCz","is_local":false,"popularity":70,"available_markets":["AE","AR","AU","BH","BO","BR","CA","CL","CO","CR","DO","EC","EG","GT","HK","HN","ID","IL","IN","JO","JP","KW","LB","MX","MY","NI","NZ","OM","PA","PE","PH","PS","PY","QA","SA","SG","SV","TH","TN","TW","US","UY","VN","ZA"],"type":"track","explicit":false,"duration_ms":413947,"external_urls":{"spotify":"https:\/\/open.spotify.com\/track\/3TO7bbrUKrOSPGRTB5MeCz"},"external_ids":{"isrc":"GBN9Y1100079"}}