{"id":"1rxoyGj1QuPoVi8fOft1Kt","name":"Because - Remastered 2009","album":{"images":[{"width":640,"url":"https:\/\/i.scdn.co\/image\/ab67616d0000b273dc30583ba717007b00cceb25","height":640},{"width":300,"url":"https:\/\/i.scdn.co\/image\/ab67616d00001e02dc30583ba717007b00cceb25","height":300},{"width":64,"url":"https:\/\/i.scdn.co\/image\/ab67616d00004851dc30583ba717007b00cceb25","height":64}],"release_date_precision":"day","release_date":"1969-09-26","id":"0ETFjACtuP2ADo6LFhL6HN","uri":"spotify:album:0ETFjACtuP2ADo6LFhL6HN","external_urls":{"spotify":"https:\/\/open.spotify.com\/album\/0ETFjACtuP2ADo6LFhL6HN"},"href":"https:\/\/api.spotify.com\/v1\/albums\/0ETFjACtuP2ADo6LFhL6HN","available_markets":["AD","AE","AL","AR","AT","AU","BA","BE","BG","BH","BO","BR","BY","CA","CH","CL","CO","CR","CY","CZ","DE","DK","DO","DZ","EC","EE","EG","ES","FI","FR","GB","GR","GT","HK","HN","HR","HU","ID","IE","IL","IN","IS","IT","JO","JP","KW","KZ","LB","LI","LT","LU","LV","MA","MC","MD","ME","MK","MT","MX","MY","NI","NL","NO","NZ","OM","PA","PE","PH","PL","PS","PT","PY","QA","RO","RS","RU","SA","SE","SG","SI","SK","SV","TH","TN","TR","TW","UA","US","UY","VN","XK","ZA"],"type":"album","name":"Abbey Road (Remastered)","artists":[{"type":"artist","id":"3WrFJ7ztbogyGnTHbHJFl2","external_urls":{"spotify":"https:\/\/open.spotify.com\/artist\/3WrFJ7ztbogyGnTHbHJFl2"},"name":"The Beatles","uri":"spotify:artist:3WrFJ7ztbogyGnTHbHJFl2","href":"https:\/\/api.spotify.com\/v1\/artists\/3WrFJ7ztbogyGnTHbHJFl2"}]},"disc_number":1,"uri":"spotify:track:1rxoyGj1QuPoVi8fOft1Kt","artists":[{"type":"artist","id":"3WrFJ7ztbogyGnTHbHJFl2","external_urls":{"spotify":"https:\/\/open.spotify.com\/artist\/3WrFJ7ztbogyGnTHbHJFl2"},"name":"The Beatles","uri":"spotify:artist:3WrFJ7ztbogyGnTHbHJFl2","href":"https:\/\/api.spotify.com\/v1\/artists\/3WrFJ7ztbogyGnTHbHJFl2"}],"href":"https:\/\/api.spotify.com\/v1\/tracks\/1rxoyGj1QuPoVi8fOft1Kt","is_local":false,"popularity":59,"available_markets":["AD","AE","AL","AR","AT","AU","BA","BE","BG","BH","BO","BR","BY","CA","CH","CL","CO","CR","CY","CZ","DE","DK","DO","DZ","EC","EE","EG","ES","FI","FR","GB","GR","GT","HK","HN","HR","HU","ID","IE","IL","IN","IS","IT","JO","JP","KW","KZ","LB","LI","LT","LU","LV","MA","MC","MD","ME","MK","MT","MX","MY","NI","NL","NO","NZ","OM","PA","PE","PH","PL","PS","PT","PY","QA","RO","RS","RU","SA","SE","SG","SI","SK","SV","TH","TN","TR","TW","UA","US","UY","VN","XK","ZA"],"type":"track","explicit":false,"duration_ms":165666,"external_urls":{"spotify":"https:\/\/open.spotify.com\/track\/1rxoyGj1QuPoVi8fOft1Kt"},"external_ids":{"isrc":"GBAYE0601697"}}