{"images":[{"width":640,"url":"https:\/\/i.scdn.co\/image\/f70c7ab74ab6fc16db4d0b959d1788708dddb6d5","height":640},{"width":320,"url":"https:\/\/i.scdn.co\/image\/519f3363e78956d993204662ce4561da56e0fb1e","height":320},{"width":160,"url":"https:\/\/i.scdn.co\/image\/ce91d71ba7022e0330a2b1ae7d4eeb5b5ec0ad9b","height":160}],"genres":["indie garage rock","neo-psychedelic"],"id":"4kSGbjWGxTchKpIxXPJv0B","external_urls":{"spotify":"https:\/\/open.spotify.com\/artist\/4kSGbjWGxTchKpIxXPJv0B"},"popularity":64,"followers":{"total":255317},"href":"https:\/\/api.spotify.com\/v1\/artists\/4kSGbjWGxTchKpIxXPJv0B","type":"artist","name":"Crumb","uri":"spotify:artist:4kSGbjWGxTchKpIxXPJv0B"}