{"external_urls":{"spotify":"https:\/\/open.spotify.com\/playlist\/33yLOStnp2emkEA76ew1Dz"},"id":"33yLOStnp2emkEA76ew1Dz","description":"","tracks":{"total":15,"items":[{"added_at":"2020-09-11T09:28:15Z","added_by":{"id":"petervschorn","external_urls":{"spotify":"https:\/\/open.spotify.com\/user\/petervschorn"},"href":"https:\/\/api.spotify.com\/v1\/users\/petervschorn","uri":"spotify:user:petervschorn","type":"user"},"is_local":false,"track":{"id":"4HDLmWf73mge8isanCASnU","external_ids":{"isrc":"TCAEC1957424"},"album":{"id":"3vukTUpiENDHDoYTVrwqtz","uri":"spotify:album:3vukTUpiENDHDoYTVrwqtz","href":"https:\/\/api.spotify.com\/v1\/albums\/3vukTUpiENDHDoYTVrwqtz","album_type":"album","artists":[{"type":"artist","id":"4kSGbjWGxTchKpIxXPJv0B","external_urls":{"spotify":"https:\/\/open.spotify.com\/artist\/4kSGbjWGxTchKpIxXPJv0B"},"name":"Crumb","uri":"spotify:artist:4kSGbjWGxTchKpIxXPJv0B","href":"https:\/\/api.spotify.com\/v1\/artists\/4kSGbjWGxTchKpIxXPJv0B"}],"release_date_precision":"day","available_markets":["AD","AE","AL","AR","AT","AU","BA","BE","BG","BH","BO","BR","BY","CA","CH","CL","CO","CR","CY","CZ","DE","DK","DO","DZ","EC","EE","EG","ES","FI","FR","GB","GR","GT","HK","HN","HR","HU","ID","IE","IL","IN","IS","IT","JO","JP","KW","KZ","LB","LI","LT","LU","LV","MA","MC","MD","ME","MK","MT","MX","MY","NI","NL","NO","NZ","OM","PA","PE","PH","PL","PS","PT","PY","QA","RO","RS","RU","SA","SE","SG","SI","SK","SV","TH","TN","TR","TW","UA","US","UY","VN","XK","ZA"],"type":"album","images":[{"width":640,"url":"https:\/\/i.scdn.co\/image\/ab67616d0000b2739d45a127005f8a96652280bd","height":640},{"width":300,"url":"https:\/\/i.scdn.co\/image\/ab67616d00001e029d45a127005f8a96652280bd","height":300},{"width":64,"url":"https:\/\/i.scdn.co\/image\/ab67616d000048519d45a127005f8a96652280bd","height":64}],"release_date":"2019-06-14","external_urls":{"spotify":"https:\/\/open.spotify.com\/album\/3vukTUpiENDHDoYTVrwqtz"},"name":"Jinx"},"track_number":7,"uri":"spotify:track:4HDLmWf73mge8isanCASnU","artists":[{"type":"artist","id":"4kSGbjWGxTchKpIxXPJv0B","external_urls":{"spotify":"https:\/\/open.spotify.com\/artist\/4kSGbjWGxTchKpIxXPJv0B"},"name":"Crumb","uri":"spotify:artist:4kSGbjWGxTchKpIxXPJv0B","href":"https:\/\/api.spotify.com\/v1\/artists\/4kSGbjWGxTchKpIxXPJv0B"}],"href":"https:\/\/api.spotify.com\/v1\/tracks\/4HDLmWf73mge8isanCASnU","is_local":false,"popularity":55,"available_markets":["AD","AE","AL","AR","AT","AU","BA","BE","BG","BH","BO","BR","BY","CA","CH","CL","CO","CR","CY","CZ","DE","DK","DO","DZ","EC","EE","EG","ES","FI","FR","GB","GR","GT","HK","HN","HR","HU","ID","IE","IL","IN","IS","IT","JO","JP","KW","KZ","LB","LI","LT","LU","LV","MA","MC","MD","ME","MK","MT","MX","MY","NI","NL","NO","NZ","OM","PA","PE","PH","PL","PS","PT","PY","QA","RO","RS","RU","SA","SE","SG","SI","SK","SV","TH","TN","TR","TW","UA","US","UY","VN","XK","ZA"],"disc_number":1,"type":"track","explicit":false,"preview_url":"https:\/\/p.scdn.co\/mp3-preview\/8c09ab2e58ea0619eaa81bd79c1774fc995fce0b?cid=f9b05de1274c4851a2293a540cb8705e","duration_ms":222920,"name":"Part III","external_urls":{"spotify":"https:\/\/open.spotify.com\/track\/4HDLmWf73mge8isanCASnU"}}},{"added_at":"2020-01-04T11:02:06Z","added_by":{"id":"petervschorn","external_urls":{"spotify":"https:\/\/open.spotify.com\/user\/petervschorn"},"href":"https:\/\/api.spotify.com\/v1\/users\/petervschorn","uri":"spotify:user:petervschorn","type":"user"},"is_local":false,"track":{"id":"2cOzI3LOIkRIKEidcGZ1Bc","external_ids":{"isrc":"TCADB1785722"},"album":{"id":"2Q61Zm3rOli876QegmVY50","uri":"spotify:album:2Q61Zm3rOli876QegmVY50","href":"https:\/\/api.spotify.com\/v1\/albums\/2Q61Zm3rOli876QegmVY50","album_type":"single","artists":[{"type":"artist","id":"4kSGbjWGxTchKpIxXPJv0B","external_urls":{"spotify":"https:\/\/open.spotify.com\/artist\/4kSGbjWGxTchKpIxXPJv0B"},"name":"Crumb","uri":"spotify:artist:4kSGbjWGxTchKpIxXPJv0B","href":"https:\/\/api.spotify.com\/v1\/artists\/4kSGbjWGxTchKpIxXPJv0B"}],"release_date_precision":"day","available_markets":["AD","AE","AL","AR","AT","AU","BA","BE","BG","BH","BO","BR","BY","CA","CH","CL","CO","CR","CY","CZ","DE","DK","DO","DZ","EC","EE","EG","ES","FI","FR","GB","GR","GT","HK","HN","HR","HU","ID","IE","IL","IN","IS","IT","JO","JP","KW","KZ","LB","LI","LT","LU","LV","MA","MC","MD","ME","MK","MT","MX","MY","NI","NL","NO","NZ","OM","PA","PE","PH","PL","PS","PT","PY","QA","RO","RS","RU","SA","SE","SG","SI","SK","SV","TH","TN","TR","TW","UA","US","UY","VN","XK","ZA"],"type":"album","images":[{"width":640,"url":"https:\/\/i.scdn.co\/image\/ab67616d0000b2736147b24815415ae922d2a88f","height":640},{"width":300,"url":"https:\/\/i.scdn.co\/image\/ab67616d00001e026147b24815415ae922d2a88f","height":300},{"width":64,"url":"https:\/\/i.scdn.co\/image\/ab67616d000048516147b24815415ae922d2a88f","height":64}],"release_date":"2017-06-23","external_urls":{"spotify":"https:\/\/open.spotify.com\/album\/2Q61Zm3rOli876QegmVY50"},"name":"Locket"},"track_number":1,"uri":"spotify:track:2cOzI3LOIkRIKEidcGZ1Bc","artists":[{"type":"artist","id":"4kSGbjWGxTchKpIxXPJv0B","external_urls":{"spotify":"https:\/\/open.spotify.com\/artist\/4kSGbjWGxTchKpIxXPJv0B"},"name":"Crumb","uri":"spotify:artist:4kSGbjWGxTchKpIxXPJv0B","href":"https:\/\/api.spotify.com\/v1\/artists\/4kSGbjWGxTchKpIxXPJv0B"}],"href":"https:\/\/api.spotify.com\/v1\/tracks\/2cOzI3LOIkRIKEidcGZ1Bc","is_local":false,"popularity":61,"available_markets":["AD","AE","AL","AR","AT","AU","BA","BE","BG","BH","BO","BR","BY","CA","CH","CL","CO","CR","CY","CZ","DE","DK","DO","DZ","EC","EE","EG","ES","FI","FR","GB","GR","GT","HK","HN","HR","HU","ID","IE","IL","IN","IS","IT","JO","JP","KW","KZ","LB","LI","LT","LU","LV","MA","MC","MD","ME","MK","MT","MX","MY","NI","NL","NO","NZ","OM","PA","PE","PH","PL","PS","PT","PY","QA","RO","RS","RU","SA","SE","SG","SI","SK","SV","TH","TN","TR","TW","UA","US","UY","VN","XK","ZA"],"disc_number":1,"type":"track","explicit":false,"preview_url":"https:\/\/p.scdn.co\/mp3-preview\/dea3a279c3079829e8a238739ee34f441822031c?cid=f9b05de1274c4851a2293a540cb8705e","duration_ms":191904,"name":"Plants","external_urls":{"spotify":"https:\/\/open.spotify.com\/track\/2cOzI3LOIkRIKEidcGZ1Bc"}}},{"added_at":"2020-01-04T11:02:18Z","added_by":{"id":"petervschorn","external_urls":{"spotify":"https:\/\/open.spotify.com\/user\/petervschorn"},"href":"https:\/\/api.spotify.com\/v1\/users\/petervschorn","uri":"spotify:user:petervschorn","type":"user"},"is_local":false,"track":{"id":"0bxcUgWlOURkU6lZt4zog0","external_ids":{"isrc":"TCADC1793184"},"album":{"id":"2Q61Zm3rOli876QegmVY50","uri":"spotify:album:2Q61Zm3rOli876QegmVY50","href":"https:\/\/api.spotify.com\/v1\/albums\/2Q61Zm3rOli876QegmVY50","album_type":"single","artists":[{"type":"artist","id":"4kSGbjWGxTchKpIxXPJv0B","external_urls":{"spotify":"https:\/\/open.spotify.com\/artist\/4kSGbjWGxTchKpIxXPJv0B"},"name":"Crumb","uri":"spotify:artist:4kSGbjWGxTchKpIxXPJv0B","href":"https:\/\/api.spotify.com\/v1\/artists\/4kSGbjWGxTchKpIxXPJv0B"}],"release_date_precision":"day","available_markets":["AD","AE","AL","AR","AT","AU","BA","BE","BG","BH","BO","BR","BY","CA","CH","CL","CO","CR","CY","CZ","DE","DK","DO","DZ","EC","EE","EG","ES","FI","FR","GB","GR","GT","HK","HN","HR","HU","ID","IE","IL","IN","IS","IT","JO","JP","KW","KZ","LB","LI","LT","LU","LV","MA","MC","MD","ME","MK","MT","MX","MY","NI","NL","NO","NZ","OM","PA","PE","PH","PL","PS","PT","PY","QA","RO","RS","RU","SA","SE","SG","SI","SK","SV","TH","TN","TR","TW","UA","US","UY","VN","XK","ZA"],"type":"album","images":[{"width":640,"url":"https:\/\/i.scdn.co\/image\/ab67616d0000b2736147b24815415ae922d2a88f","height":640},{"width":300,"url":"https:\/\/i.scdn.co\/image\/ab67616d00001e026147b24815415ae922d2a88f","height":300},{"width":64,"url":"https:\/\/i.scdn.co\/image\/ab67616d000048516147b24815415ae922d2a88f","height":64}],"release_date":"2017-06-23","external_urls":{"spotify":"https:\/\/open.spotify.com\/album\/2Q61Zm3rOli876QegmVY50"},"name":"Locket"},"track_number":4,"uri":"spotify:track:0bxcUgWlOURkU6lZt4zog0","artists":[{"type":"artist","id":"4kSGbjWGxTchKpIxXPJv0B","external_urls":{"spotify":"https:\/\/open.spotify.com\/artist\/4kSGbjWGxTchKpIxXPJv0B"},"name":"Crumb","uri":"spotify:artist:4kSGbjWGxTchKpIxXPJv0B","href":"https:\/\/api.spotify.com\/v1\/artists\/4kSGbjWGxTchKpIxXPJv0B"}],"href":"https:\/\/api.spotify.com\/v1\/tracks\/0bxcUgWlOURkU6lZt4zog0","is_local":false,"popularity":68,"available_markets":["AD","AE","AL","AR","AT","AU","BA","BE","BG","BH","BO","BR","BY","CA","CH","CL","CO","CR","CY","CZ","DE","DK","DO","DZ","EC","EE","EG","ES","FI","FR","GB","GR","GT","HK","HN","HR","HU","ID","IE","IL","IN","IS","IT","JO","JP","KW","KZ","LB","LI","LT","LU","LV","MA","MC","MD","ME","MK","MT","MX","MY","NI","NL","NO","NZ","OM","PA","PE","PH","PL","PS","PT","PY","QA","RO","RS","RU","SA","SE","SG","SI","SK","SV","TH","TN","TR","TW","UA","US","UY","VN","XK","ZA"],"disc_number":1,"type":"track","explicit":false,"preview_url":"https:\/\/p.scdn.co\/mp3-preview\/9dd2e34ad180cb46e40b1b11aca987b345a60372?cid=f9b05de1274c4851a2293a540cb8705e","duration_ms":318378,"name":"Locket","external_urls":{"spotify":"https:\/\/open.spotify.com\/track\/0bxcUgWlOURkU6lZt4zog0"}}},{"added_at":"2020-01-04T11:12:28Z","added_by":{"id":"petervschorn","external_urls":{"spotify":"https:\/\/open.spotify.com\/user\/petervschorn"},"href":"https:\/\/api.spotify.com\/v1\/users\/petervschorn","uri":"spotify:user:petervschorn","type":"user"},"is_local":false,"track":{"id":"6pMNKv4Ad6gSsoKGA4fkct","external_ids":{"isrc":"QMB621900202"},"album":{"id":"3vukTUpiENDHDoYTVrwqtz","uri":"spotify:album:3vukTUpiENDHDoYTVrwqtz","href":"https:\/\/api.spotify.com\/v1\/albums\/3vukTUpiENDHDoYTVrwqtz","album_type":"album","artists":[{"type":"artist","id":"4kSGbjWGxTchKpIxXPJv0B","external_urls":{"spotify":"https:\/\/open.spotify.com\/artist\/4kSGbjWGxTchKpIxXPJv0B"},"name":"Crumb","uri":"spotify:artist:4kSGbjWGxTchKpIxXPJv0B","href":"https:\/\/api.spotify.com\/v1\/artists\/4kSGbjWGxTchKpIxXPJv0B"}],"release_date_precision":"day","available_markets":["AD","AE","AL","AR","AT","AU","BA","BE","BG","BH","BO","BR","BY","CA","CH","CL","CO","CR","CY","CZ","DE","DK","DO","DZ","EC","EE","EG","ES","FI","FR","GB","GR","GT","HK","HN","HR","HU","ID","IE","IL","IN","IS","IT","JO","JP","KW","KZ","LB","LI","LT","LU","LV","MA","MC","MD","ME","MK","MT","MX","MY","NI","NL","NO","NZ","OM","PA","PE","PH","PL","PS","PT","PY","QA","RO","RS","RU","SA","SE","SG","SI","SK","SV","TH","TN","TR","TW","UA","US","UY","VN","XK","ZA"],"type":"album","images":[{"width":640,"url":"https:\/\/i.scdn.co\/image\/ab67616d0000b2739d45a127005f8a96652280bd","height":640},{"width":300,"url":"https:\/\/i.scdn.co\/image\/ab67616d00001e029d45a127005f8a96652280bd","height":300},{"width":64,"url":"https:\/\/i.scdn.co\/image\/ab67616d000048519d45a127005f8a96652280bd","height":64}],"release_date":"2019-06-14","external_urls":{"spotify":"https:\/\/open.spotify.com\/album\/3vukTUpiENDHDoYTVrwqtz"},"name":"Jinx"},"track_number":2,"uri":"spotify:track:6pMNKv4Ad6gSsoKGA4fkct","artists":[{"type":"artist","id":"4kSGbjWGxTchKpIxXPJv0B","external_urls":{"spotify":"https:\/\/open.spotify.com\/artist\/4kSGbjWGxTchKpIxXPJv0B"},"name":"Crumb","uri":"spotify:artist:4kSGbjWGxTchKpIxXPJv0B","href":"https:\/\/api.spotify.com\/v1\/artists\/4kSGbjWGxTchKpIxXPJv0B"}],"href":"https:\/\/api.spotify.com\/v1\/tracks\/6pMNKv4Ad6gSsoKGA4fkct","is_local":false,"popularity":52,"available_markets":["AD","AE","AL","AR","AT","AU","BA","BE","BG","BH","BO","BR","BY","CA","CH","CL","CO","CR","CY","CZ","DE","DK","DO","DZ","EC","EE","EG","ES","FI","FR","GB","GR","GT","HK","HN","HR","HU","ID","IE","IL","IN","IS","IT","JO","JP","KW","KZ","LB","LI","LT","LU","LV","MA","MC","MD","ME","MK","MT","MX","MY","NI","NL","NO","NZ","OM","PA","PE","PH","PL","PS","PT","PY","QA","RO","RS","RU","SA","SE","SG","SI","SK","SV","TH","TN","TR","TW","UA","US","UY","VN","XK","ZA"],"disc_number":1,"type":"track","explicit":false,"preview_url":"https:\/\/p.scdn.co\/mp3-preview\/21c7c5df74303eb1be7db94466e1f3ad95199eb5?cid=f9b05de1274c4851a2293a540cb8705e","duration_ms":200280,"name":"Nina","external_urls":{"spotify":"https:\/\/open.spotify.com\/track\/6pMNKv4Ad6gSsoKGA4fkct"}}},{"added_at":"2020-01-04T11:47:25Z","added_by":{"id":"petervschorn","external_urls":{"spotify":"https:\/\/open.spotify.com\/user\/petervschorn"},"href":"https:\/\/api.spotify.com\/v1\/users\/petervschorn","uri":"spotify:user:petervschorn","type":"user"},"is_local":false,"track":{"id":"7qAy6TR1MrSeUV8OpMlNS1","external_ids":{"isrc":"QMB621900210"},"album":{"id":"3vukTUpiENDHDoYTVrwqtz","uri":"spotify:album:3vukTUpiENDHDoYTVrwqtz","href":"https:\/\/api.spotify.com\/v1\/albums\/3vukTUpiENDHDoYTVrwqtz","album_type":"album","artists":[{"type":"artist","id":"4kSGbjWGxTchKpIxXPJv0B","external_urls":{"spotify":"https:\/\/open.spotify.com\/artist\/4kSGbjWGxTchKpIxXPJv0B"},"name":"Crumb","uri":"spotify:artist:4kSGbjWGxTchKpIxXPJv0B","href":"https:\/\/api.spotify.com\/v1\/artists\/4kSGbjWGxTchKpIxXPJv0B"}],"release_date_precision":"day","available_markets":["AD","AE","AL","AR","AT","AU","BA","BE","BG","BH","BO","BR","BY","CA","CH","CL","CO","CR","CY","CZ","DE","DK","DO","DZ","EC","EE","EG","ES","FI","FR","GB","GR","GT","HK","HN","HR","HU","ID","IE","IL","IN","IS","IT","JO","JP","KW","KZ","LB","LI","LT","LU","LV","MA","MC","MD","ME","MK","MT","MX","MY","NI","NL","NO","NZ","OM","PA","PE","PH","PL","PS","PT","PY","QA","RO","RS","RU","SA","SE","SG","SI","SK","SV","TH","TN","TR","TW","UA","US","UY","VN","XK","ZA"],"type":"album","images":[{"width":640,"url":"https:\/\/i.scdn.co\/image\/ab67616d0000b2739d45a127005f8a96652280bd","height":640},{"width":300,"url":"https:\/\/i.scdn.co\/image\/ab67616d00001e029d45a127005f8a96652280bd","height":300},{"width":64,"url":"https:\/\/i.scdn.co\/image\/ab67616d000048519d45a127005f8a96652280bd","height":64}],"release_date":"2019-06-14","external_urls":{"spotify":"https:\/\/open.spotify.com\/album\/3vukTUpiENDHDoYTVrwqtz"},"name":"Jinx"},"track_number":10,"uri":"spotify:track:7qAy6TR1MrSeUV8OpMlNS1","artists":[{"type":"artist","id":"4kSGbjWGxTchKpIxXPJv0B","external_urls":{"spotify":"https:\/\/open.spotify.com\/artist\/4kSGbjWGxTchKpIxXPJv0B"},"name":"Crumb","uri":"spotify:artist:4kSGbjWGxTchKpIxXPJv0B","href":"https:\/\/api.spotify.com\/v1\/artists\/4kSGbjWGxTchKpIxXPJv0B"}],"href":"https:\/\/api.spotify.com\/v1\/tracks\/7qAy6TR1MrSeUV8OpMlNS1","is_local":false,"popularity":45,"available_markets":["AD","AE","AL","AR","AT","AU","BA","BE","BG","BH","BO","BR","BY","CA","CH","CL","CO","CR","CY","CZ","DE","DK","DO","DZ","EC","EE","EG","ES","FI","FR","GB","GR","GT","HK","HN","HR","HU","ID","IE","IL","IN","IS","IT","JO","JP","KW","KZ","LB","LI","LT","LU","LV","MA","MC","MD","ME","MK","MT","MX","MY","NI","NL","NO","NZ","OM","PA","PE","PH","PL","PS","PT","PY","QA","RO","RS","RU","SA","SE","SG","SI","SK","SV","TH","TN","TR","TW","UA","US","UY","VN","XK","ZA"],"disc_number":1,"type":"track","explicit":false,"preview_url":"https:\/\/p.scdn.co\/mp3-preview\/30c56e23b8aa73c2e8201d49c3f1ea1086d41412?cid=f9b05de1274c4851a2293a540cb8705e","duration_ms":161653,"name":"Jinx","external_urls":{"spotify":"https:\/\/open.spotify.com\/track\/7qAy6TR1MrSeUV8OpMlNS1"}}},{"added_at":"2020-01-04T11:56:14Z","added_by":{"id":"petervschorn","external_urls":{"spotify":"https:\/\/open.spotify.com\/user\/petervschorn"},"href":"https:\/\/api.spotify.com\/v1\/users\/petervschorn","uri":"spotify:user:petervschorn","type":"user"},"is_local":false,"track":{"id":"0GDHyRVlxRVxofJfrw3aVF","external_ids":{"isrc":"QMB621900205"},"album":{"id":"3vukTUpiENDHDoYTVrwqtz","uri":"spotify:album:3vukTUpiENDHDoYTVrwqtz","href":"https:\/\/api.spotify.com\/v1\/albums\/3vukTUpiENDHDoYTVrwqtz","album_type":"album","artists":[{"type":"artist","id":"4kSGbjWGxTchKpIxXPJv0B","external_urls":{"spotify":"https:\/\/open.spotify.com\/artist\/4kSGbjWGxTchKpIxXPJv0B"},"name":"Crumb","uri":"spotify:artist:4kSGbjWGxTchKpIxXPJv0B","href":"https:\/\/api.spotify.com\/v1\/artists\/4kSGbjWGxTchKpIxXPJv0B"}],"release_date_precision":"day","available_markets":["AD","AE","AL","AR","AT","AU","BA","BE","BG","BH","BO","BR","BY","CA","CH","CL","CO","CR","CY","CZ","DE","DK","DO","DZ","EC","EE","EG","ES","FI","FR","GB","GR","GT","HK","HN","HR","HU","ID","IE","IL","IN","IS","IT","JO","JP","KW","KZ","LB","LI","LT","LU","LV","MA","MC","MD","ME","MK","MT","MX","MY","NI","NL","NO","NZ","OM","PA","PE","PH","PL","PS","PT","PY","QA","RO","RS","RU","SA","SE","SG","SI","SK","SV","TH","TN","TR","TW","UA","US","UY","VN","XK","ZA"],"type":"album","images":[{"width":640,"url":"https:\/\/i.scdn.co\/image\/ab67616d0000b2739d45a127005f8a96652280bd","height":640},{"width":300,"url":"https:\/\/i.scdn.co\/image\/ab67616d00001e029d45a127005f8a96652280bd","height":300},{"width":64,"url":"https:\/\/i.scdn.co\/image\/ab67616d000048519d45a127005f8a96652280bd","height":64}],"release_date":"2019-06-14","external_urls":{"spotify":"https:\/\/open.spotify.com\/album\/3vukTUpiENDHDoYTVrwqtz"},"name":"Jinx"},"track_number":5,"uri":"spotify:track:0GDHyRVlxRVxofJfrw3aVF","artists":[{"type":"artist","id":"4kSGbjWGxTchKpIxXPJv0B","external_urls":{"spotify":"https:\/\/open.spotify.com\/artist\/4kSGbjWGxTchKpIxXPJv0B"},"name":"Crumb","uri":"spotify:artist:4kSGbjWGxTchKpIxXPJv0B","href":"https:\/\/api.spotify.com\/v1\/artists\/4kSGbjWGxTchKpIxXPJv0B"}],"href":"https:\/\/api.spotify.com\/v1\/tracks\/0GDHyRVlxRVxofJfrw3aVF","is_local":false,"popularity":47,"available_markets":["AD","AE","AL","AR","AT","AU","BA","BE","BG","BH","BO","BR","BY","CA","CH","CL","CO","CR","CY","CZ","DE","DK","DO","DZ","EC","EE","EG","ES","FI","FR","GB","GR","GT","HK","HN","HR","HU","ID","IE","IL","IN","IS","IT","JO","JP","KW","KZ","LB","LI","LT","LU","LV","MA","MC","MD","ME","MK","MT","MX","MY","NI","NL","NO","NZ","OM","PA","PE","PH","PL","PS","PT","PY","QA","RO","RS","RU","SA","SE","SG","SI","SK","SV","TH","TN","TR","TW","UA","US","UY","VN","XK","ZA"],"disc_number":1,"type":"track","explicit":false,"preview_url":"https:\/\/p.scdn.co\/mp3-preview\/701b1940e1be4041ebd4a49ddb0cf61076070983?cid=f9b05de1274c4851a2293a540cb8705e","duration_ms":217853,"name":"M.R.","external_urls":{"spotify":"https:\/\/open.spotify.com\/track\/0GDHyRVlxRVxofJfrw3aVF"}}},{"added_at":"2020-01-04T11:58:22Z","added_by":{"id":"petervschorn","external_urls":{"spotify":"https:\/\/open.spotify.com\/user\/petervschorn"},"href":"https:\/\/api.spotify.com\/v1\/users\/petervschorn","uri":"spotify:user:petervschorn","type":"user"},"is_local":false,"track":{"id":"00kOafrPnrR7jQhxYYg777","external_ids":{"isrc":"QMB621900208"},"album":{"id":"3vukTUpiENDHDoYTVrwqtz","uri":"spotify:album:3vukTUpiENDHDoYTVrwqtz","href":"https:\/\/api.spotify.com\/v1\/albums\/3vukTUpiENDHDoYTVrwqtz","album_type":"album","artists":[{"type":"artist","id":"4kSGbjWGxTchKpIxXPJv0B","external_urls":{"spotify":"https:\/\/open.spotify.com\/artist\/4kSGbjWGxTchKpIxXPJv0B"},"name":"Crumb","uri":"spotify:artist:4kSGbjWGxTchKpIxXPJv0B","href":"https:\/\/api.spotify.com\/v1\/artists\/4kSGbjWGxTchKpIxXPJv0B"}],"release_date_precision":"day","available_markets":["AD","AE","AL","AR","AT","AU","BA","BE","BG","BH","BO","BR","BY","CA","CH","CL","CO","CR","CY","CZ","DE","DK","DO","DZ","EC","EE","EG","ES","FI","FR","GB","GR","GT","HK","HN","HR","HU","ID","IE","IL","IN","IS","IT","JO","JP","KW","KZ","LB","LI","LT","LU","LV","MA","MC","MD","ME","MK","MT","MX","MY","NI","NL","NO","NZ","OM","PA","PE","PH","PL","PS","PT","PY","QA","RO","RS","RU","SA","SE","SG","SI","SK","SV","TH","TN","TR","TW","UA","US","UY","VN","XK","ZA"],"type":"album","images":[{"width":640,"url":"https:\/\/i.scdn.co\/image\/ab67616d0000b2739d45a127005f8a96652280bd","height":640},{"width":300,"url":"https:\/\/i.scdn.co\/image\/ab67616d00001e029d45a127005f8a96652280bd","height":300},{"width":64,"url":"https:\/\/i.scdn.co\/image\/ab67616d000048519d45a127005f8a96652280bd","height":64}],"release_date":"2019-06-14","external_urls":{"spotify":"https:\/\/open.spotify.com\/album\/3vukTUpiENDHDoYTVrwqtz"},"name":"Jinx"},"track_number":8,"uri":"spotify:track:00kOafrPnrR7jQhxYYg777","artists":[{"type":"artist","id":"4kSGbjWGxTchKpIxXPJv0B","external_urls":{"spotify":"https:\/\/open.spotify.com\/artist\/4kSGbjWGxTchKpIxXPJv0B"},"name":"Crumb","uri":"spotify:artist:4kSGbjWGxTchKpIxXPJv0B","href":"https:\/\/api.spotify.com\/v1\/artists\/4kSGbjWGxTchKpIxXPJv0B"}],"href":"https:\/\/api.spotify.com\/v1\/tracks\/00kOafrPnrR7jQhxYYg777","is_local":false,"popularity":44,"available_markets":["AD","AE","AL","AR","AT","AU","BA","BE","BG","BH","BO","BR","BY","CA","CH","CL","CO","CR","CY","CZ","DE","DK","DO","DZ","EC","EE","EG","ES","FI","FR","GB","GR","GT","HK","HN","HR","HU","ID","IE","IL","IN","IS","IT","JO","JP","KW","KZ","LB","LI","LT","LU","LV","MA","MC","MD","ME","MK","MT","MX","MY","NI","NL","NO","NZ","OM","PA","PE","PH","PL","PS","PT","PY","QA","RO","RS","RU","SA","SE","SG","SI","SK","SV","TH","TN","TR","TW","UA","US","UY","VN","XK","ZA"],"disc_number":1,"type":"track","explicit":false,"preview_url":"https:\/\/p.scdn.co\/mp3-preview\/cdefecf1121abf2be417c563b5a8e4e210d26dfc?cid=f9b05de1274c4851a2293a540cb8705e","duration_ms":173333,"name":"And It Never Ends","external_urls":{"spotify":"https:\/\/open.spotify.com\/track\/00kOafrPnrR7jQhxYYg777"}}},{"added_at":"2020-01-04T16:54:06Z","added_by":{"id":"petervschorn","external_urls":{"spotify":"https:\/\/open.spotify.com\/user\/petervschorn"},"href":"https:\/\/api.spotify.com\/v1\/users\/petervschorn","uri":"spotify:user:petervschorn","type":"user"},"is_local":false,"track":{"id":"5h05V8HzaUBIEVlEnrzKDo","external_ids":{"isrc":"TCADC1793182"},"album":{"id":"2Q61Zm3rOli876QegmVY50","uri":"spotify:album:2Q61Zm3rOli876QegmVY50","href":"https:\/\/api.spotify.com\/v1\/albums\/2Q61Zm3rOli876QegmVY50","album_type":"single","artists":[{"type":"artist","id":"4kSGbjWGxTchKpIxXPJv0B","external_urls":{"spotify":"https:\/\/open.spotify.com\/artist\/4kSGbjWGxTchKpIxXPJv0B"},"name":"Crumb","uri":"spotify:artist:4kSGbjWGxTchKpIxXPJv0B","href":"https:\/\/api.spotify.com\/v1\/artists\/4kSGbjWGxTchKpIxXPJv0B"}],"release_date_precision":"day","available_markets":["AD","AE","AL","AR","AT","AU","BA","BE","BG","BH","BO","BR","BY","CA","CH","CL","CO","CR","CY","CZ","DE","DK","DO","DZ","EC","EE","EG","ES","FI","FR","GB","GR","GT","HK","HN","HR","HU","ID","IE","IL","IN","IS","IT","JO","JP","KW","KZ","LB","LI","LT","LU","LV","MA","MC","MD","ME","MK","MT","MX","MY","NI","NL","NO","NZ","OM","PA","PE","PH","PL","PS","PT","PY","QA","RO","RS","RU","SA","SE","SG","SI","SK","SV","TH","TN","TR","TW","UA","US","UY","VN","XK","ZA"],"type":"album","images":[{"width":640,"url":"https:\/\/i.scdn.co\/image\/ab67616d0000b2736147b24815415ae922d2a88f","height":640},{"width":300,"url":"https:\/\/i.scdn.co\/image\/ab67616d00001e026147b24815415ae922d2a88f","height":300},{"width":64,"url":"https:\/\/i.scdn.co\/image\/ab67616d000048516147b24815415ae922d2a88f","height":64}],"release_date":"2017-06-23","external_urls":{"spotify":"https:\/\/open.spotify.com\/album\/2Q61Zm3rOli876QegmVY50"},"name":"Locket"},"track_number":3,"uri":"spotify:track:5h05V8HzaUBIEVlEnrzKDo","artists":[{"type":"artist","id":"4kSGbjWGxTchKpIxXPJv0B","external_urls":{"spotify":"https:\/\/open.spotify.com\/artist\/4kSGbjWGxTchKpIxXPJv0B"},"name":"Crumb","uri":"spotify:artist:4kSGbjWGxTchKpIxXPJv0B","href":"https:\/\/api.spotify.com\/v1\/artists\/4kSGbjWGxTchKpIxXPJv0B"}],"href":"https:\/\/api.spotify.com\/v1\/tracks\/5h05V8HzaUBIEVlEnrzKDo","is_local":false,"popularity":46,"available_markets":["AD","AE","AL","AR","AT","AU","BA","BE","BG","BH","BO","BR","BY","CA","CH","CL","CO","CR","CY","CZ","DE","DK","DO","DZ","EC","EE","EG","ES","FI","FR","GB","GR","GT","HK","HN","HR","HU","ID","IE","IL","IN","IS","IT","JO","JP","KW","KZ","LB","LI","LT","LU","LV","MA","MC","MD","ME","MK","MT","MX","MY","NI","NL","NO","NZ","OM","PA","PE","PH","PL","PS","PT","PY","QA","RO","RS","RU","SA","SE","SG","SI","SK","SV","TH","TN","TR","TW","UA","US","UY","VN","XK","ZA"],"disc_number":1,"type":"track","explicit":false,"preview_url":"https:\/\/p.scdn.co\/mp3-preview\/57e410de49aac4e45e4cb980a56d222631210b76?cid=f9b05de1274c4851a2293a540cb8705e","duration_ms":279428,"name":"Thirty-Nine","external_urls":{"spotify":"https:\/\/open.spotify.com\/track\/5h05V8HzaUBIEVlEnrzKDo"}}},{"added_at":"2020-02-01T10:19:26Z","added_by":{"id":"petervschorn","external_urls":{"spotify":"https:\/\/open.spotify.com\/user\/petervschorn"},"href":"https:\/\/api.spotify.com\/v1\/users\/petervschorn","uri":"spotify:user:petervschorn","type":"user"},"is_local":false,"track":{"id":"4A4RgEk7hEFKwk9IUKdB8a","external_ids":{"isrc":"QMB621900201"},"album":{"id":"3vukTUpiENDHDoYTVrwqtz","uri":"spotify:album:3vukTUpiENDHDoYTVrwqtz","href":"https:\/\/api.spotify.com\/v1\/albums\/3vukTUpiENDHDoYTVrwqtz","album_type":"album","artists":[{"type":"artist","id":"4kSGbjWGxTchKpIxXPJv0B","external_urls":{"spotify":"https:\/\/open.spotify.com\/artist\/4kSGbjWGxTchKpIxXPJv0B"},"name":"Crumb","uri":"spotify:artist:4kSGbjWGxTchKpIxXPJv0B","href":"https:\/\/api.spotify.com\/v1\/artists\/4kSGbjWGxTchKpIxXPJv0B"}],"release_date_precision":"day","available_markets":["AD","AE","AL","AR","AT","AU","BA","BE","BG","BH","BO","BR","BY","CA","CH","CL","CO","CR","CY","CZ","DE","DK","DO","DZ","EC","EE","EG","ES","FI","FR","GB","GR","GT","HK","HN","HR","HU","ID","IE","IL","IN","IS","IT","JO","JP","KW","KZ","LB","LI","LT","LU","LV","MA","MC","MD","ME","MK","MT","MX","MY","NI","NL","NO","NZ","OM","PA","PE","PH","PL","PS","PT","PY","QA","RO","RS","RU","SA","SE","SG","SI","SK","SV","TH","TN","TR","TW","UA","US","UY","VN","XK","ZA"],"type":"album","images":[{"width":640,"url":"https:\/\/i.scdn.co\/image\/ab67616d0000b2739d45a127005f8a96652280bd","height":640},{"width":300,"url":"https:\/\/i.scdn.co\/image\/ab67616d00001e029d45a127005f8a96652280bd","height":300},{"width":64,"url":"https:\/\/i.scdn.co\/image\/ab67616d000048519d45a127005f8a96652280bd","height":64}],"release_date":"2019-06-14","external_urls":{"spotify":"https:\/\/open.spotify.com\/album\/3vukTUpiENDHDoYTVrwqtz"},"name":"Jinx"},"track_number":1,"uri":"spotify:track:4A4RgEk7hEFKwk9IUKdB8a","artists":[{"type":"artist","id":"4kSGbjWGxTchKpIxXPJv0B","external_urls":{"spotify":"https:\/\/open.spotify.com\/artist\/4kSGbjWGxTchKpIxXPJv0B"},"name":"Crumb","uri":"spotify:artist:4kSGbjWGxTchKpIxXPJv0B","href":"https:\/\/api.spotify.com\/v1\/artists\/4kSGbjWGxTchKpIxXPJv0B"}],"href":"https:\/\/api.spotify.com\/v1\/tracks\/4A4RgEk7hEFKwk9IUKdB8a","is_local":false,"popularity":47,"available_markets":["AD","AE","AL","AR","AT","AU","BA","BE","BG","BH","BO","BR","BY","CA","CH","CL","CO","CR","CY","CZ","DE","DK","DO","DZ","EC","EE","EG","ES","FI","FR","GB","GR","GT","HK","HN","HR","HU","ID","IE","IL","IN","IS","IT","JO","JP","KW","KZ","LB","LI","LT","LU","LV","MA","MC","MD","ME","MK","MT","MX","MY","NI","NL","NO","NZ","OM","PA","PE","PH","PL","PS","PT","PY","QA","RO","RS","RU","SA","SE","SG","SI","SK","SV","TH","TN","TR","TW","UA","US","UY","VN","XK","ZA"],"disc_number":1,"type":"track","explicit":false,"preview_url":"https:\/\/p.scdn.co\/mp3-preview\/a99f87f103f38e0aa4ff48583f0b085b2b867388?cid=f9b05de1274c4851a2293a540cb8705e","duration_ms":111986,"name":"Cracking","external_urls":{"spotify":"https:\/\/open.spotify.com\/track\/4A4RgEk7hEFKwk9IUKdB8a"}}},{"added_at":"2020-02-03T00:54:47Z","added_by":{"id":"petervschorn","external_urls":{"spotify":"https:\/\/open.spotify.com\/user\/petervschorn"},"href":"https:\/\/api.spotify.com\/v1\/users\/petervschorn","uri":"spotify:user:petervschorn","type":"user"},"is_local":false,"track":{"id":"0N4ptfvrXtSe0rJ3VkmNmD","external_ids":{"isrc":"TCADC1793176"},"album":{"id":"2Q61Zm3rOli876QegmVY50","uri":"spotify:album:2Q61Zm3rOli876QegmVY50","href":"https:\/\/api.spotify.com\/v1\/albums\/2Q61Zm3rOli876QegmVY50","album_type":"single","artists":[{"type":"artist","id":"4kSGbjWGxTchKpIxXPJv0B","external_urls":{"spotify":"https:\/\/open.spotify.com\/artist\/4kSGbjWGxTchKpIxXPJv0B"},"name":"Crumb","uri":"spotify:artist:4kSGbjWGxTchKpIxXPJv0B","href":"https:\/\/api.spotify.com\/v1\/artists\/4kSGbjWGxTchKpIxXPJv0B"}],"release_date_precision":"day","available_markets":["AD","AE","AL","AR","AT","AU","BA","BE","BG","BH","BO","BR","BY","CA","CH","CL","CO","CR","CY","CZ","DE","DK","DO","DZ","EC","EE","EG","ES","FI","FR","GB","GR","GT","HK","HN","HR","HU","ID","IE","IL","IN","IS","IT","JO","JP","KW","KZ","LB","LI","LT","LU","LV","MA","MC","MD","ME","MK","MT","MX","MY","NI","NL","NO","NZ","OM","PA","PE","PH","PL","PS","PT","PY","QA","RO","RS","RU","SA","SE","SG","SI","SK","SV","TH","TN","TR","TW","UA","US","UY","VN","XK","ZA"],"type":"album","images":[{"width":640,"url":"https:\/\/i.scdn.co\/image\/ab67616d0000b2736147b24815415ae922d2a88f","height":640},{"width":300,"url":"https:\/\/i.scdn.co\/image\/ab67616d00001e026147b24815415ae922d2a88f","height":300},{"width":64,"url":"https:\/\/i.scdn.co\/image\/ab67616d000048516147b24815415ae922d2a88f","height":64}],"release_date":"2017-06-23","external_urls":{"spotify":"https:\/\/open.spotify.com\/album\/2Q61Zm3rOli876QegmVY50"},"name":"Locket"},"track_number":2,"uri":"spotify:track:0N4ptfvrXtSe0rJ3VkmNmD","artists":[{"type":"artist","id":"4kSGbjWGxTchKpIxXPJv0B","external_urls":{"spotify":"https:\/\/open.spotify.com\/artist\/4kSGbjWGxTchKpIxXPJv0B"},"name":"Crumb","uri":"spotify:artist:4kSGbjWGxTchKpIxXPJv0B","href":"https:\/\/api.spotify.com\/v1\/artists\/4kSGbjWGxTchKpIxXPJv0B"}],"href":"https:\/\/api.spotify.com\/v1\/tracks\/0N4ptfvrXtSe0rJ3VkmNmD","is_local":false,"popularity":50,"available_markets":["AD","AE","AL","AR","AT","AU","BA","BE","BG","BH","BO","BR","BY","CA","CH","CL","CO","CR","CY","CZ","DE","DK","DO","DZ","EC","EE","EG","ES","FI","FR","GB","GR","GT","HK","HN","HR","HU","ID","IE","IL","IN","IS","IT","JO","JP","KW","KZ","LB","LI","LT","LU","LV","MA","MC","MD","ME","MK","MT","MX","MY","NI","NL","NO","NZ","OM","PA","PE","PH","PL","PS","PT","PY","QA","RO","RS","RU","SA","SE","SG","SI","SK","SV","TH","TN","TR","TW","UA","US","UY","VN","XK","ZA"],"disc_number":1,"type":"track","explicit":false,"preview_url":"https:\/\/p.scdn.co\/mp3-preview\/86133e5d79f0268c369ce2e68702384f00ee704d?cid=f9b05de1274c4851a2293a540cb8705e","duration_ms":120454,"name":"Recently Played","external_urls":{"spotify":"https:\/\/open.spotify.com\/track\/0N4ptfvrXtSe0rJ3VkmNmD"}}},{"added_at":"2020-02-06T21:58:38Z","added_by":{"id":"petervschorn","external_urls":{"spotify":"https:\/\/open.spotify.com\/user\/petervschorn"},"href":"https:\/\/api.spotify.com\/v1\/users\/petervschorn","uri":"spotify:user:petervschorn","type":"user"},"is_local":false,"track":{"id":"4jV8ThgB8B7BB4zBFH7rNe","external_ids":{"isrc":"TCACR1635433"},"album":{"id":"61ewOkUPN4Ry8VaWlheFo3","uri":"spotify:album:61ewOkUPN4Ry8VaWlheFo3","href":"https:\/\/api.spotify.com\/v1\/albums\/61ewOkUPN4Ry8VaWlheFo3","album_type":"single","artists":[{"type":"artist","id":"4kSGbjWGxTchKpIxXPJv0B","external_urls":{"spotify":"https:\/\/open.spotify.com\/artist\/4kSGbjWGxTchKpIxXPJv0B"},"name":"Crumb","uri":"spotify:artist:4kSGbjWGxTchKpIxXPJv0B","href":"https:\/\/api.spotify.com\/v1\/artists\/4kSGbjWGxTchKpIxXPJv0B"}],"release_date_precision":"day","available_markets":["AD","AE","AL","AR","AT","AU","BA","BE","BG","BH","BO","BR","BY","CA","CH","CL","CO","CR","CY","CZ","DE","DK","DO","DZ","EC","EE","EG","ES","FI","FR","GB","GR","GT","HK","HN","HR","HU","ID","IE","IL","IN","IS","IT","JO","JP","KW","KZ","LB","LI","LT","LU","LV","MA","MC","MD","ME","MK","MT","MX","MY","NI","NL","NO","NZ","OM","PA","PE","PH","PL","PS","PT","PY","QA","RO","RS","RU","SA","SE","SG","SI","SK","SV","TH","TN","TR","TW","UA","US","UY","VN","XK","ZA"],"type":"album","images":[{"width":640,"url":"https:\/\/i.scdn.co\/image\/ab67616d0000b273864a5a2cf9f14df77fb7892a","height":640},{"width":300,"url":"https:\/\/i.scdn.co\/image\/ab67616d00001e02864a5a2cf9f14df77fb7892a","height":300},{"width":64,"url":"https:\/\/i.scdn.co\/image\/ab67616d00004851864a5a2cf9f14df77fb7892a","height":64}],"release_date":"2016-09-06","external_urls":{"spotify":"https:\/\/open.spotify.com\/album\/61ewOkUPN4Ry8VaWlheFo3"},"name":"Crumb"},"track_number":2,"uri":"spotify:track:4jV8ThgB8B7BB4zBFH7rNe","artists":[{"type":"artist","id":"4kSGbjWGxTchKpIxXPJv0B","external_urls":{"spotify":"https:\/\/open.spotify.com\/artist\/4kSGbjWGxTchKpIxXPJv0B"},"name":"Crumb","uri":"spotify:artist:4kSGbjWGxTchKpIxXPJv0B","href":"https:\/\/api.spotify.com\/v1\/artists\/4kSGbjWGxTchKpIxXPJv0B"}],"href":"https:\/\/api.spotify.com\/v1\/tracks\/4jV8ThgB8B7BB4zBFH7rNe","is_local":false,"popularity":53,"available_markets":["AD","AE","AL","AR","AT","AU","BA","BE","BG","BH","BO","BR","BY","CA","CH","CL","CO","CR","CY","CZ","DE","DK","DO","DZ","EC","EE","EG","ES","FI","FR","GB","GR","GT","HK","HN","HR","HU","ID","IE","IL","IN","IS","IT","JO","JP","KW","KZ","LB","LI","LT","LU","LV","MA","MC","MD","ME","MK","MT","MX","MY","NI","NL","NO","NZ","OM","PA","PE","PH","PL","PS","PT","PY","QA","RO","RS","RU","SA","SE","SG","SI","SK","SV","TH","TN","TR","TW","UA","US","UY","VN","XK","ZA"],"disc_number":1,"type":"track","explicit":false,"preview_url":"https:\/\/p.scdn.co\/mp3-preview\/a58f9ad06dc22a3b7015247ab86fe8f3fe2777dc?cid=f9b05de1274c4851a2293a540cb8705e","duration_ms":299970,"name":"Vinta","external_urls":{"spotify":"https:\/\/open.spotify.com\/track\/4jV8ThgB8B7BB4zBFH7rNe"}}},{"added_at":"2020-09-15T05:20:15Z","added_by":{"id":"petervschorn","external_urls":{"spotify":"https:\/\/open.spotify.com\/user\/petervschorn"},"href":"https:\/\/api.spotify.com\/v1\/users\/petervschorn","uri":"spotify:user:petervschorn","type":"user"},"is_local":false,"track":{"id":"1u7LOyLuApChbPeqMfXFKC","external_ids":{"isrc":"QMB621900209"},"album":{"id":"3vukTUpiENDHDoYTVrwqtz","uri":"spotify:album:3vukTUpiENDHDoYTVrwqtz","href":"https:\/\/api.spotify.com\/v1\/albums\/3vukTUpiENDHDoYTVrwqtz","album_type":"album","artists":[{"type":"artist","id":"4kSGbjWGxTchKpIxXPJv0B","external_urls":{"spotify":"https:\/\/open.spotify.com\/artist\/4kSGbjWGxTchKpIxXPJv0B"},"name":"Crumb","uri":"spotify:artist:4kSGbjWGxTchKpIxXPJv0B","href":"https:\/\/api.spotify.com\/v1\/artists\/4kSGbjWGxTchKpIxXPJv0B"}],"release_date_precision":"day","available_markets":["AD","AE","AL","AR","AT","AU","BA","BE","BG","BH","BO","BR","BY","CA","CH","CL","CO","CR","CY","CZ","DE","DK","DO","DZ","EC","EE","EG","ES","FI","FR","GB","GR","GT","HK","HN","HR","HU","ID","IE","IL","IN","IS","IT","JO","JP","KW","KZ","LB","LI","LT","LU","LV","MA","MC","MD","ME","MK","MT","MX","MY","NI","NL","NO","NZ","OM","PA","PE","PH","PL","PS","PT","PY","QA","RO","RS","RU","SA","SE","SG","SI","SK","SV","TH","TN","TR","TW","UA","US","UY","VN","XK","ZA"],"type":"album","images":[{"width":640,"url":"https:\/\/i.scdn.co\/image\/ab67616d0000b2739d45a127005f8a96652280bd","height":640},{"width":300,"url":"https:\/\/i.scdn.co\/image\/ab67616d00001e029d45a127005f8a96652280bd","height":300},{"width":64,"url":"https:\/\/i.scdn.co\/image\/ab67616d000048519d45a127005f8a96652280bd","height":64}],"release_date":"2019-06-14","external_urls":{"spotify":"https:\/\/open.spotify.com\/album\/3vukTUpiENDHDoYTVrwqtz"},"name":"Jinx"},"track_number":9,"uri":"spotify:track:1u7LOyLuApChbPeqMfXFKC","artists":[{"type":"artist","id":"4kSGbjWGxTchKpIxXPJv0B","external_urls":{"spotify":"https:\/\/open.spotify.com\/artist\/4kSGbjWGxTchKpIxXPJv0B"},"name":"Crumb","uri":"spotify:artist:4kSGbjWGxTchKpIxXPJv0B","href":"https:\/\/api.spotify.com\/v1\/artists\/4kSGbjWGxTchKpIxXPJv0B"}],"href":"https:\/\/api.spotify.com\/v1\/tracks\/1u7LOyLuApChbPeqMfXFKC","is_local":false,"popularity":44,"available_markets":["AD","AE","AL","AR","AT","AU","BA","BE","BG","BH","BO","BR","BY","CA","CH","CL","CO","CR","CY","CZ","DE","DK","DO","DZ","EC","EE","EG","ES","FI","FR","GB","GR","GT","HK","HN","HR","HU","ID","IE","IL","IN","IS","IT","JO","JP","KW","KZ","LB","LI","LT","LU","LV","MA","MC","MD","ME","MK","MT","MX","MY","NI","NL","NO","NZ","OM","PA","PE","PH","PL","PS","PT","PY","QA","RO","RS","RU","SA","SE","SG","SI","SK","SV","TH","TN","TR","TW","UA","US","UY","VN","XK","ZA"],"disc_number":1,"type":"track","explicit":false,"preview_url":"https:\/\/p.scdn.co\/mp3-preview\/b7b72e365f1e6f8b92b3b2f3269da5e578ffaf04?cid=f9b05de1274c4851a2293a540cb8705e","duration_ms":129293,"name":"Faces","external_urls":{"spotify":"https:\/\/open.spotify.com\/track\/1u7LOyLuApChbPeqMfXFKC"}}},{"added_at":"2020-09-15T05:19:59Z","added_by":{"id":"petervschorn","external_urls":{"spotify":"https:\/\/open.spotify.com\/user\/petervschorn"},"href":"https:\/\/api.spotify.com\/v1\/users\/petervschorn","uri":"spotify:user:petervschorn","type":"user"},"is_local":false,"track":{"id":"476QHG5G8xxNI9VHTBFfjp","external_ids":{"isrc":"QMB621900203"},"album":{"id":"3vukTUpiENDHDoYTVrwqtz","uri":"spotify:album:3vukTUpiENDHDoYTVrwqtz","href":"https:\/\/api.spotify.com\/v1\/albums\/3vukTUpiENDHDoYTVrwqtz","album_type":"album","artists":[{"type":"artist","id":"4kSGbjWGxTchKpIxXPJv0B","external_urls":{"spotify":"https:\/\/open.spotify.com\/artist\/4kSGbjWGxTchKpIxXPJv0B"},"name":"Crumb","uri":"spotify:artist:4kSGbjWGxTchKpIxXPJv0B","href":"https:\/\/api.spotify.com\/v1\/artists\/4kSGbjWGxTchKpIxXPJv0B"}],"release_date_precision":"day","available_markets":["AD","AE","AL","AR","AT","AU","BA","BE","BG","BH","BO","BR","BY","CA","CH","CL","CO","CR","CY","CZ","DE","DK","DO","DZ","EC","EE","EG","ES","FI","FR","GB","GR","GT","HK","HN","HR","HU","ID","IE","IL","IN","IS","IT","JO","JP","KW","KZ","LB","LI","LT","LU","LV","MA","MC","MD","ME","MK","MT","MX","MY","NI","NL","NO","NZ","OM","PA","PE","PH","PL","PS","PT","PY","QA","RO","RS","RU","SA","SE","SG","SI","SK","SV","TH","TN","TR","TW","UA","US","UY","VN","XK","ZA"],"type":"album","images":[{"width":640,"url":"https:\/\/i.scdn.co\/image\/ab67616d0000b2739d45a127005f8a96652280bd","height":640},{"width":300,"url":"https:\/\/i.scdn.co\/image\/ab67616d00001e029d45a127005f8a96652280bd","height":300},{"width":64,"url":"https:\/\/i.scdn.co\/image\/ab67616d000048519d45a127005f8a96652280bd","height":64}],"release_date":"2019-06-14","external_urls":{"spotify":"https:\/\/open.spotify.com\/album\/3vukTUpiENDHDoYTVrwqtz"},"name":"Jinx"},"track_number":3,"uri":"spotify:track:476QHG5G8xxNI9VHTBFfjp","artists":[{"type":"artist","id":"4kSGbjWGxTchKpIxXPJv0B","external_urls":{"spotify":"https:\/\/open.spotify.com\/artist\/4kSGbjWGxTchKpIxXPJv0B"},"name":"Crumb","uri":"spotify:artist:4kSGbjWGxTchKpIxXPJv0B","href":"https:\/\/api.spotify.com\/v1\/artists\/4kSGbjWGxTchKpIxXPJv0B"}],"href":"https:\/\/api.spotify.com\/v1\/tracks\/476QHG5G8xxNI9VHTBFfjp","is_local":false,"popularity":62,"available_markets":["AD","AE","AL","AR","AT","AU","BA","BE","BG","BH","BO","BR","BY","CA","CH","CL","CO","CR","CY","CZ","DE","DK","DO","DZ","EC","EE","EG","ES","FI","FR","GB","GR","GT","HK","HN","HR","HU","ID","IE","IL","IN","IS","IT","JO","JP","KW","KZ","LB","LI","LT","LU","LV","MA","MC","MD","ME","MK","MT","MX","MY","NI","NL","NO","NZ","OM","PA","PE","PH","PL","PS","PT","PY","QA","RO","RS","RU","SA","SE","SG","SI","SK","SV","TH","TN","TR","TW","UA","US","UY","VN","XK","ZA"],"disc_number":1,"type":"track","explicit":false,"preview_url":"https:\/\/p.scdn.co\/mp3-preview\/39b895b094de987211e243f209d0865b054fcdb2?cid=f9b05de1274c4851a2293a540cb8705e","duration_ms":126120,"name":"Ghostride","external_urls":{"spotify":"https:\/\/open.spotify.com\/track\/476QHG5G8xxNI9VHTBFfjp"}}},{"added_at":"2020-09-11T10:55:45Z","added_by":{"id":"petervschorn","external_urls":{"spotify":"https:\/\/open.spotify.com\/user\/petervschorn"},"href":"https:\/\/api.spotify.com\/v1\/users\/petervschorn","uri":"spotify:user:petervschorn","type":"user"},"is_local":false,"track":{"id":"4rL1OrbBCOD5hDgXWPCqW3","external_ids":{"isrc":"TCACR1635419"},"album":{"id":"61ewOkUPN4Ry8VaWlheFo3","uri":"spotify:album:61ewOkUPN4Ry8VaWlheFo3","href":"https:\/\/api.spotify.com\/v1\/albums\/61ewOkUPN4Ry8VaWlheFo3","album_type":"single","artists":[{"type":"artist","id":"4kSGbjWGxTchKpIxXPJv0B","external_urls":{"spotify":"https:\/\/open.spotify.com\/artist\/4kSGbjWGxTchKpIxXPJv0B"},"name":"Crumb","uri":"spotify:artist:4kSGbjWGxTchKpIxXPJv0B","href":"https:\/\/api.spotify.com\/v1\/artists\/4kSGbjWGxTchKpIxXPJv0B"}],"release_date_precision":"day","available_markets":["AD","AE","AL","AR","AT","AU","BA","BE","BG","BH","BO","BR","BY","CA","CH","CL","CO","CR","CY","CZ","DE","DK","DO","DZ","EC","EE","EG","ES","FI","FR","GB","GR","GT","HK","HN","HR","HU","ID","IE","IL","IN","IS","IT","JO","JP","KW","KZ","LB","LI","LT","LU","LV","MA","MC","MD","ME","MK","MT","MX","MY","NI","NL","NO","NZ","OM","PA","PE","PH","PL","PS","PT","PY","QA","RO","RS","RU","SA","SE","SG","SI","SK","SV","TH","TN","TR","TW","UA","US","UY","VN","XK","ZA"],"type":"album","images":[{"width":640,"url":"https:\/\/i.scdn.co\/image\/ab67616d0000b273864a5a2cf9f14df77fb7892a","height":640},{"width":300,"url":"https:\/\/i.scdn.co\/image\/ab67616d00001e02864a5a2cf9f14df77fb7892a","height":300},{"width":64,"url":"https:\/\/i.scdn.co\/image\/ab67616d00004851864a5a2cf9f14df77fb7892a","height":64}],"release_date":"2016-09-06","external_urls":{"spotify":"https:\/\/open.spotify.com\/album\/61ewOkUPN4Ry8VaWlheFo3"},"name":"Crumb"},"track_number":1,"uri":"spotify:track:4rL1OrbBCOD5hDgXWPCqW3","artists":[{"type":"artist","id":"4kSGbjWGxTchKpIxXPJv0B","external_urls":{"spotify":"https:\/\/open.spotify.com\/artist\/4kSGbjWGxTchKpIxXPJv0B"},"name":"Crumb","uri":"spotify:artist:4kSGbjWGxTchKpIxXPJv0B","href":"https:\/\/api.spotify.com\/v1\/artists\/4kSGbjWGxTchKpIxXPJv0B"}],"href":"https:\/\/api.spotify.com\/v1\/tracks\/4rL1OrbBCOD5hDgXWPCqW3","is_local":false,"popularity":58,"available_markets":["AD","AE","AL","AR","AT","AU","BA","BE","BG","BH","BO","BR","BY","CA","CH","CL","CO","CR","CY","CZ","DE","DK","DO","DZ","EC","EE","EG","ES","FI","FR","GB","GR","GT","HK","HN","HR","HU","ID","IE","IL","IN","IS","IT","JO","JP","KW","KZ","LB","LI","LT","LU","LV","MA","MC","MD","ME","MK","MT","MX","MY","NI","NL","NO","NZ","OM","PA","PE","PH","PL","PS","PT","PY","QA","RO","RS","RU","SA","SE","SG","SI","SK","SV","TH","TN","TR","TW","UA","US","UY","VN","XK","ZA"],"disc_number":1,"type":"track","explicit":false,"preview_url":"https:\/\/p.scdn.co\/mp3-preview\/fb2d7cb916057c6b1be69f908fc19c6be845cfe1?cid=f9b05de1274c4851a2293a540cb8705e","duration_ms":193981,"name":"Bones","external_urls":{"spotify":"https:\/\/open.spotify.com\/track\/4rL1OrbBCOD5hDgXWPCqW3"}}},{"added_at":"2020-09-11T10:37:23Z","added_by":{"id":"petervschorn","external_urls":{"spotify":"https:\/\/open.spotify.com\/user\/petervschorn"},"href":"https:\/\/api.spotify.com\/v1\/users\/petervschorn","uri":"spotify:user:petervschorn","type":"user"},"is_local":false,"track":{"id":"6IqcbrxCPlbXaQuNoQMB8v","external_ids":{"isrc":"QMB621900204"},"album":{"id":"3vukTUpiENDHDoYTVrwqtz","uri":"spotify:album:3vukTUpiENDHDoYTVrwqtz","href":"https:\/\/api.spotify.com\/v1\/albums\/3vukTUpiENDHDoYTVrwqtz","album_type":"album","artists":[{"type":"artist","id":"4kSGbjWGxTchKpIxXPJv0B","external_urls":{"spotify":"https:\/\/open.spotify.com\/artist\/4kSGbjWGxTchKpIxXPJv0B"},"name":"Crumb","uri":"spotify:artist:4kSGbjWGxTchKpIxXPJv0B","href":"https:\/\/api.spotify.com\/v1\/artists\/4kSGbjWGxTchKpIxXPJv0B"}],"release_date_precision":"day","available_markets":["AD","AE","AL","AR","AT","AU","BA","BE","BG","BH","BO","BR","BY","CA","CH","CL","CO","CR","CY","CZ","DE","DK","DO","DZ","EC","EE","EG","ES","FI","FR","GB","GR","GT","HK","HN","HR","HU","ID","IE","IL","IN","IS","IT","JO","JP","KW","KZ","LB","LI","LT","LU","LV","MA","MC","MD","ME","MK","MT","MX","MY","NI","NL","NO","NZ","OM","PA","PE","PH","PL","PS","PT","PY","QA","RO","RS","RU","SA","SE","SG","SI","SK","SV","TH","TN","TR","TW","UA","US","UY","VN","XK","ZA"],"type":"album","images":[{"width":640,"url":"https:\/\/i.scdn.co\/image\/ab67616d0000b2739d45a127005f8a96652280bd","height":640},{"width":300,"url":"https:\/\/i.scdn.co\/image\/ab67616d00001e029d45a127005f8a96652280bd","height":300},{"width":64,"url":"https:\/\/i.scdn.co\/image\/ab67616d000048519d45a127005f8a96652280bd","height":64}],"release_date":"2019-06-14","external_urls":{"spotify":"https:\/\/open.spotify.com\/album\/3vukTUpiENDHDoYTVrwqtz"},"name":"Jinx"},"track_number":4,"uri":"spotify:track:6IqcbrxCPlbXaQuNoQMB8v","artists":[{"type":"artist","id":"4kSGbjWGxTchKpIxXPJv0B","external_urls":{"spotify":"https:\/\/open.spotify.com\/artist\/4kSGbjWGxTchKpIxXPJv0B"},"name":"Crumb","uri":"spotify:artist:4kSGbjWGxTchKpIxXPJv0B","href":"https:\/\/api.spotify.com\/v1\/artists\/4kSGbjWGxTchKpIxXPJv0B"}],"href":"https:\/\/api.spotify.com\/v1\/tracks\/6IqcbrxCPlbXaQuNoQMB8v","is_local":false,"popularity":50,"available_markets":["AD","AE","AL","AR","AT","AU","BA","BE","BG","BH","BO","BR","BY","CA","CH","CL","CO","CR","CY","CZ","DE","DK","DO","DZ","EC","EE","EG","ES","FI","FR","GB","GR","GT","HK","HN","HR","HU","ID","IE","IL","IN","IS","IT","JO","JP","KW","KZ","LB","LI","LT","LU","LV","MA","MC","MD","ME","MK","MT","MX","MY","NI","NL","NO","NZ","OM","PA","PE","PH","PL","PS","PT","PY","QA","RO","RS","RU","SA","SE","SG","SI","SK","SV","TH","TN","TR","TW","UA","US","UY","VN","XK","ZA"],"disc_number":1,"type":"track","explicit":false,"preview_url":"https:\/\/p.scdn.co\/mp3-preview\/77eef65ecda04a1f7de019a8f671068bacd8d0f7?cid=f9b05de1274c4851a2293a540cb8705e","duration_ms":173000,"name":"Fall Down","external_urls":{"spotify":"https:\/\/open.spotify.com\/track\/6IqcbrxCPlbXaQuNoQMB8v"}}}],"href":"https:\/\/api.spotify.com\/v1\/playlists\/33yLOStnp2emkEA76ew1Dz\/tracks?offset=0&limit=100&additional_types=track,episode","offset":0,"limit":100},"uri":"spotify:playlist:33yLOStnp2emkEA76ew1Dz","href":"https:\/\/api.spotify.com\/v1\/playlists\/33yLOStnp2emkEA76ew1Dz?additional_types=track,episode","owner":{"id":"petervschorn","display_name":"petervschorn","external_urls":{"spotify":"https:\/\/open.spotify.com\/user\/petervschorn"},"href":"https:\/\/api.spotify.com\/v1\/users\/petervschorn","uri":"spotify:user:petervschorn","type":"user"},"name":"Crumb","collaborative":false,"images":[{"url":"https:\/\/i.scdn.co\/image\/ab67706c0000bebbf61e7477acefd870ab26cc7a"}],"followers":{"total":0},"public":true,"snapshot_id":"NTg5LDBmMGUxNDhkZmZjODU3ZDRmODA1MGQ4YTEwY2JiYTNiNjdmNTA1YjY=","type":"playlist"}