{
    "country": "US",
    "display_name": "petervschorn",
    "email": "youalmostgotme@gmail.com",
    "explicit_content": {
        "filter_enabled": false,
        "filter_locked": false
    },
    "external_urls": {
        "spotify": "https://open.spotify.com/user/petervschorn"
    },
    "followers": {
        "href": null,
        "total": 2
    },
    "href": "https://api.spotify.com/v1/users/petervschorn",
    "id": "petervschorn",
    "images": [],
    "product": "premium",
    "type": "user",
    "uri": "spotify:user:petervschorn"
}
