{"device":{"name":"Peter’s MacBook Pro","id":"ced8d42d0a3830065dfbf4800352d23a96b76fd4","is_private_session":false,"type":"Computer","volume_percent":89,"is_active":true,"is_restricted":false},"is_playing":false,"item":{"id":"1cxegHCKLxQrcxsBzXmWpB","name":"Meet You in the Dark","album":{"images":[{"width":640,"url":"https:\/\/i.scdn.co\/image\/ab67616d0000b273cd0066c0f22dd3cab836fcf9","height":640},{"width":300,"url":"https:\/\/i.scdn.co\/image\/ab67616d00001e02cd0066c0f22dd3cab836fcf9","height":300},{"width":64,"url":"https:\/\/i.scdn.co\/image\/ab67616d00004851cd0066c0f22dd3cab836fcf9","height":64}],"release_date_precision":"day","release_date":"2020-04-16","id":"3fdj5y1QH4yT1Z5lYxKAFL","uri":"spotify:album:3fdj5y1QH4yT1Z5lYxKAFL","external_urls":{"spotify":"https:\/\/open.spotify.com\/album\/3fdj5y1QH4yT1Z5lYxKAFL"},"href":"https:\/\/api.spotify.com\/v1\/albums\/3fdj5y1QH4yT1Z5lYxKAFL","available_markets":["AD","AE","AL","AR","AT","AU","BA","BE","BG","BH","BO","BR","BY","CA","CH","CL","CO","CR","CY","CZ","DE","DK","DO","DZ","EC","EE","EG","ES","FI","FR","GB","GR","GT","HK","HN","HR","HU","ID","IE","IL","IN","IS","IT","JO","JP","KW","KZ","LB","LI","LT","LU","LV","MA","MC","MD","ME","MK","MT","MX","MY","NI","NL","NO","NZ","OM","PA","PE","PH","PL","PS","PT","PY","QA","RO","RS","RU","SA","SE","SG","SI","SK","SV","TH","TN","TR","TW","UA","US","UY","VN","XK","ZA"],"type":"album","name":"Where I Live","artists":[{"type":"artist","id":"7pE9Rkb1GpfiociOILnA1j","external_urls":{"spotify":"https:\/\/open.spotify.com\/artist\/7pE9Rkb1GpfiociOILnA1j"},"name":"Das Kope","uri":"spotify:artist:7pE9Rkb1GpfiociOILnA1j","href":"https:\/\/api.spotify.com\/v1\/artists\/7pE9Rkb1GpfiociOILnA1j"}]},"disc_number":1,"uri":"spotify:track:1cxegHCKLxQrcxsBzXmWpB","artists":[{"type":"artist","id":"7pE9Rkb1GpfiociOILnA1j","external_urls":{"spotify":"https:\/\/open.spotify.com\/artist\/7pE9Rkb1GpfiociOILnA1j"},"name":"Das Kope","uri":"spotify:artist:7pE9Rkb1GpfiociOILnA1j","href":"https:\/\/api.spotify.com\/v1\/artists\/7pE9Rkb1GpfiociOILnA1j"}],"href":"https:\/\/api.spotify.com\/v1\/tracks\/1cxegHCKLxQrcxsBzXmWpB","is_local":false,"popularity":37,"available_markets":["AD","AE","AL","AR","AT","AU","BA","BE","BG","BH","BO","BR","BY","CA","CH","CL","CO","CR","CY","CZ","DE","DK","DO","DZ","EC","EE","EG","ES","FI","FR","GB","GR","GT","HK","HN","HR","HU","ID","IE","IL","IN","IS","IT","JO","JP","KW","KZ","LB","LI","LT","LU","LV","MA","MC","MD","ME","MK","MT","MX","MY","NI","NL","NO","NZ","OM","PA","PE","PH","PL","PS","PT","PY","QA","RO","RS","RU","SA","SE","SG","SI","SK","SV","TH","TN","TR","TW","UA","US","UY","VN","XK","ZA"],"type":"track","explicit":false,"duration_ms":175008,"external_urls":{"spotify":"https:\/\/open.spotify.com\/track\/1cxegHCKLxQrcxsBzXmWpB"},"external_ids":{"isrc":"GBKPL1824417"}},"currently_playing_type":"track","actions":{"disallows":{"pausing":true}},"context":{"uri":"spotify:playlist:5MlKAGFZNoN2d0Up8sQc0N","href":"https:\/\/api.spotify.com\/v1\/playlists\/5MlKAGFZNoN2d0Up8sQc0N","type":"playlist"},"progress_ms":28514,"timestamp":1600724902701,"repeat_state":"context","shuffle_state":false}