{
  "album": {
    "album_type": "album",
    "artists": [
      {
        "external_urls": {
          "spotify": "https://open.spotify.com/artist/4kSGbjWGxTchKpIxXPJv0B"
        },
        "href": "https://api.spotify.com/v1/artists/4kSGbjWGxTchKpIxXPJv0B",
        "id": "4kSGbjWGxTchKpIxXPJv0B",
        "name": "Crumb",
        "type": "artist",
        "uri": "spotify:artist:4kSGbjWGxTchKpIxXPJv0B"
      }
    ],
    "available_markets": [
      "AD",
      "AE",
      "AL",
      "AR",
      "AT",
      "AU",
      "BA",
      "BE",
      "BG",
      "BH",
      "BO",
      "BR",
      "BY",
      "CA",
      "CH",
      "CL",
      "CO",
      "CR",
      "CY",
      "CZ",
      "DE",
      "DK",
      "DO",
      "DZ",
      "EC",
      "EE",
      "EG",
      "ES",
      "FI",
      "FR",
      "GB",
      "GR",
      "GT",
      "HK",
      "HN",
      "HR",
      "HU",
      "ID",
      "IE",
      "IL",
      "IN",
      "IS",
      "IT",
      "JO",
      "JP",
      "KW",
      "KZ",
      "LB",
      "LI",
      "LT",
      "LU",
      "LV",
      "MA",
      "MC",
      "MD",
      "ME",
      "MK",
      "MT",
      "MX",
      "MY",
      "NI",
      "NL",
      "NO",
      "NZ",
      "OM",
      "PA",
      "PE",
      "PH",
      "PL",
      "PS",
      "PT",
      "PY",
      "QA",
      "RO",
      "RS",
      "RU",
      "SA",
      "SE",
      "SG",
      "SI",
      "SK",
      "SV",
      "TH",
      "TN",
      "TR",
      "TW",
      "UA",
      "US",
      "UY",
      "VN",
      "XK",
      "ZA"
    ],
    "external_urls": {
      "spotify": "https://open.spotify.com/album/3vukTUpiENDHDoYTVrwqtz"
    },
    "href": "https://api.spotify.com/v1/albums/3vukTUpiENDHDoYTVrwqtz",
    "id": "3vukTUpiENDHDoYTVrwqtz",
    "images": [
      {
        "height": 640,
        "url": "https://i.scdn.co/image/ab67616d0000b2739d45a127005f8a96652280bd",
        "width": 640
      },
      {
        "height": 300,
        "url": "https://i.scdn.co/image/ab67616d00001e029d45a127005f8a96652280bd",
        "width": 300
      },
      {
        "height": 64,
        "url": "https://i.scdn.co/image/ab67616d000048519d45a127005f8a96652280bd",
        "width": 64
      }
    ],
    "name": "Jinx",
    "release_date": "2019-06-14",
    "release_date_precision": "day",
    "total_tracks": 10,
    "type": "album",
    "uri": "spotify:album:3vukTUpiENDHDoYTVrwqtz"
  },
  "artists": [
    {
      "external_urls": {
        "spotify": "https://open.spotify.com/artist/4kSGbjWGxTchKpIxXPJv0B"
      },
      "href": "https://api.spotify.com/v1/artists/4kSGbjWGxTchKpIxXPJv0B",
      "id": "4kSGbjWGxTchKpIxXPJv0B",
      "name": "Crumb",
      "type": "artist",
      "uri": "spotify:artist:4kSGbjWGxTchKpIxXPJv0B"
    }
  ],
  "available_markets": [
    "AD",
    "AE",
    "AL",
    "AR",
    "AT",
    "AU",
    "BA",
    "BE",
    "BG",
    "BH",
    "BO",
    "BR",
    "BY",
    "CA",
    "CH",
    "CL",
    "CO",
    "CR",
    "CY",
    "CZ",
    "DE",
    "DK",
    "DO",
    "DZ",
    "EC",
    "EE",
    "EG",
    "ES",
    "FI",
    "FR",
    "GB",
    "GR",
    "GT",
    "HK",
    "HN",
    "HR",
    "HU",
    "ID",
    "IE",
    "IL",
    "IN",
    "IS",
    "IT",
    "JO",
    "JP",
    "KW",
    "KZ",
    "LB",
    "LI",
    "LT",
    "LU",
    "LV",
    "MA",
    "MC",
    "MD",
    "ME",
    "MK",
    "MT",
    "MX",
    "MY",
    "NI",
    "NL",
    "NO",
    "NZ",
    "OM",
    "PA",
    "PE",
    "PH",
    "PL",
    "PS",
    "PT",
    "PY",
    "QA",
    "RO",
    "RS",
    "RU",
    "SA",
    "SE",
    "SG",
    "SI",
    "SK",
    "SV",
    "TH",
    "TN",
    "TR",
    "TW",
    "UA",
    "US",
    "UY",
    "VN",
    "XK",
    "ZA"
  ],
  "disc_number": 1,
  "duration_ms": 129293,
  "explicit": false,
  "external_ids": {
    "isrc": "QMB621900209"
  },
  "external_urls": {
    "spotify": "https://open.spotify.com/track/1u7LOyLuApChbPeqMfXFKC"
  },
  "href": "https://api.spotify.com/v1/tracks/1u7LOyLuApChbPeqMfXFKC",
  "id": "1u7LOyLuApChbPeqMfXFKC",
  "is_local": false,
  "name": "Faces",
  "popularity": 44,
  "preview_url": "https://p.scdn.co/mp3-preview/b7b72e365f1e6f8b92b3b2f3269da5e578ffaf04?cid=774b29d4f13844c495f206cafdad9c86",
  "track_number": 9,
  "type": "track",
  "uri": "spotify:track:1u7LOyLuApChbPeqMfXFKC"
}
