{"message":"Editor's picks","playlists":{"previous":"https://api.spotify.com/v1/browse/featured-playlists?locale=en_gb&timestamp=2020-09-21T16%3A51%3A49&offset=0&limit=10","total":12,"items":[{"tracks":{"total":20,"href":"https://api.spotify.com/v1/playlists/37i9dQZF1DXaz7CcPuNVXF/tracks"},"owner":{"id":"spotify","display_name":"Spotify","external_urls":{"spotify":"https://open.spotify.com/user/spotify"},"href":"https://api.spotify.com/v1/users/spotify","uri":"spotify:user:spotify","type":"user"},"uri":"spotify:playlist:37i9dQZF1DXaz7CcPuNVXF","snapshot_id":"MTU2ODAyMDE3MiwwMDAwMDAxZTAwMDAwMTY0NWExZDA3YWMwMDAwMDE2ZDE1NDkwZTVm","external_urls":{"spotify":"https://open.spotify.com/playlist/37i9dQZF1DXaz7CcPuNVXF"},"id":"37i9dQZF1DXaz7CcPuNVXF","href":"https://api.spotify.com/v1/playlists/37i9dQZF1DXaz7CcPuNVXF","images":[{"url":"https://i.scdn.co/image/ab67706f00000003f8e1cf45ec2e9a50256e2058"}],"description":"Stay relaxed with these timeless easy-listening songs.","name":"No Stress!","collaborative":false,"type":"playlist"},{"tracks":{"total":100,"href":"https://api.spotify.com/v1/playlists/37i9dQZF1DXdPec7aLTmlC/tracks"},"owner":{"id":"spotify","display_name":"Spotify","external_urls":{"spotify":"https://open.spotify.com/user/spotify"},"href":"https://api.spotify.com/v1/users/spotify","uri":"spotify:user:spotify","type":"user"},"uri":"spotify:playlist:37i9dQZF1DXdPec7aLTmlC","snapshot_id":"MTYwMDcyNTEwOSwwMDAwMDAwMGQ0MWQ4Y2Q5OGYwMGIyMDRlOTgwMDk5OGVjZjg0Mjdl","external_urls":{"spotify":"https://open.spotify.com/playlist/37i9dQZF1DXdPec7aLTmlC"},"id":"37i9dQZF1DXdPec7aLTmlC","href":"https://api.spotify.com/v1/playlists/37i9dQZF1DXdPec7aLTmlC","images":[{"url":"https://i.scdn.co/image/ab67706f000000035af1070c80cd50dbbb4cfa19"}],"description":"Hits to boost your mood and fill you with happiness!","name":"Happy Hits!","collaborative":false,"type":"playlist"}],"href":"https://api.spotify.com/v1/browse/featured-playlists?locale=en_gb&timestamp=2020-09-21T16%3A51%3A49&offset=10&limit=10","offset":10,"limit":10}}