{"id":"7vuVUQV0dDnjXUyLPzJLPi","name":"Ill Wind","album":{"images":[{"width":640,"url":"https:\/\/i.scdn.co\/image\/ab67616d0000b273b7d453c7d8ed94a7335c3615","height":640},{"width":300,"url":"https:\/\/i.scdn.co\/image\/ab67616d00001e02b7d453c7d8ed94a7335c3615","height":300},{"width":64,"url":"https:\/\/i.scdn.co\/image\/ab67616d00004851b7d453c7d8ed94a7335c3615","height":64}],"release_date_precision":"day","release_date":"2019-01-11","id":"6R24VVwZeZzUVgi85oT7en","uri":"spotify:album:6R24VVwZeZzUVgi85oT7en","external_urls":{"spotify":"https:\/\/open.spotify.com\/album\/6R24VVwZeZzUVgi85oT7en"},"href":"https:\/\/api.spotify.com\/v1\/albums\/6R24VVwZeZzUVgi85oT7en","available_markets":["AD","AE","AL","AR","AT","AU","BA","BE","BG","BH","BO","BR","BY","CA","CH","CL","CO","CR","CY","CZ","DE","DK","DO","DZ","EC","EE","EG","ES","FI","FR","GB","GR","GT","HK","HN","HR","HU","ID","IE","IL","IN","IS","IT","JO","JP","KW","KZ","LB","LI","LT","LU","LV","MA","MC","MD","ME","MK","MT","MX","MY","NI","NL","NO","NZ","OM","PA","PE","PH","PL","PS","PT","PY","QA","RO","RS","RU","SA","SE","SG","SI","SK","SV","TH","TN","TR","TW","UA","US","UY","VN","XK","ZA"],"type":"album","name":"Ill Wind","artists":[{"type":"artist","id":"4Z8W4fKeB5YxbusRsdQVPb","external_urls":{"spotify":"https:\/\/open.spotify.com\/artist\/4Z8W4fKeB5YxbusRsdQVPb"},"name":"Radiohead","uri":"spotify:artist:4Z8W4fKeB5YxbusRsdQVPb","href":"https:\/\/api.spotify.com\/v1\/artists\/4Z8W4fKeB5YxbusRsdQVPb"}]},"disc_number":1,"uri":"spotify:track:7vuVUQV0dDnjXUyLPzJLPi","artists":[{"type":"artist","id":"4Z8W4fKeB5YxbusRsdQVPb","external_urls":{"spotify":"https:\/\/open.spotify.com\/artist\/4Z8W4fKeB5YxbusRsdQVPb"},"name":"Radiohead","uri":"spotify:artist:4Z8W4fKeB5YxbusRsdQVPb","href":"https:\/\/api.spotify.com\/v1\/artists\/4Z8W4fKeB5YxbusRsdQVPb"}],"href":"https:\/\/api.spotify.com\/v1\/tracks\/7vuVUQV0dDnjXUyLPzJLPi","is_local":false,"popularity":47,"available_markets":["AD","AE","AL","AR","AT","AU","BA","BE","BG","BH","BO","BR","BY","CA","CH","CL","CO","CR","CY","CZ","DE","DK","DO","DZ","EC","EE","EG","ES","FI","FR","GB","GR","GT","HK","HN","HR","HU","ID","IE","IL","IN","IS","IT","JO","JP","KW","KZ","LB","LI","LT","LU","LV","MA","MC","MD","ME","MK","MT","MX","MY","NI","NL","NO","NZ","OM","PA","PE","PH","PL","PS","PT","PY","QA","RO","RS","RU","SA","SE","SG","SI","SK","SV","TH","TN","TR","TW","UA","US","UY","VN","XK","ZA"],"type":"track","explicit":false,"duration_ms":254113,"external_urls":{"spotify":"https:\/\/open.spotify.com\/track\/7vuVUQV0dDnjXUyLPzJLPi"},"external_ids":{"isrc":"GBBKS1600107"}}