{"id":"3vukTUpiENDHDoYTVrwqtz","external_ids":{"upc":"656605343648"},"label":"Crumb Records","tracks":{"total":10,"items":[{"id":"4A4RgEk7hEFKwk9IUKdB8a","disc_number":1,"uri":"spotify:track:4A4RgEk7hEFKwk9IUKdB8a","artists":[{"type":"artist","id":"4kSGbjWGxTchKpIxXPJv0B","external_urls":{"spotify":"https:\/\/open.spotify.com\/artist\/4kSGbjWGxTchKpIxXPJv0B"},"name":"Crumb","uri":"spotify:artist:4kSGbjWGxTchKpIxXPJv0B","href":"https:\/\/api.spotify.com\/v1\/artists\/4kSGbjWGxTchKpIxXPJv0B"}],"href":"https:\/\/api.spotify.com\/v1\/tracks\/4A4RgEk7hEFKwk9IUKdB8a","is_local":false,"available_markets":["AD","AE","AL","AR","AT","AU","BA","BE","BG","BH","BO","BR","BY","CA","CH","CL","CO","CR","CY","CZ","DE","DK","DO","DZ","EC","EE","EG","ES","FI","FR","GB","GR","GT","HK","HN","HR","HU","ID","IE","IL","IN","IS","IT","JO","JP","KW","KZ","LB","LI","LT","LU","LV","MA","MC","MD","ME","MK","MT","MX","MY","NI","NL","NO","NZ","OM","PA","PE","PH","PL","PS","PT","PY","QA","RO","RS","RU","SA","SE","SG","SI","SK","SV","TH","TN","TR","TW","UA","US","UY","VN","XK","ZA"],"type":"track","explicit":false,"duration_ms":111986,"external_urls":{"spotify":"https:\/\/open.spotify.com\/track\/4A4RgEk7hEFKwk9IUKdB8a"},"name":"Cracking"},{"id":"6pMNKv4Ad6gSsoKGA4fkct","disc_number":1,"uri":"spotify:track:6pMNKv4Ad6gSsoKGA4fkct","artists":[{"type":"artist","id":"4kSGbjWGxTchKpIxXPJv0B","external_urls":{"spotify":"https:\/\/open.spotify.com\/artist\/4kSGbjWGxTchKpIxXPJv0B"},"name":"Crumb","uri":"spotify:artist:4kSGbjWGxTchKpIxXPJv0B","href":"https:\/\/api.spotify.com\/v1\/artists\/4kSGbjWGxTchKpIxXPJv0B"}],"href":"https:\/\/api.spotify.com\/v1\/tracks\/6pMNKv4Ad6gSsoKGA4fkct","is_local":false,"available_markets":["AD","AE","AL","AR","AT","AU","BA","BE","BG","BH","BO","BR","BY","CA","CH","CL","CO","CR","CY","CZ","DE","DK","DO","DZ","EC","EE","EG","ES","FI","FR","GB","GR","GT","HK","HN","HR","HU","ID","IE","IL","IN","IS","IT","JO","JP","KW","KZ","LB","LI","LT","LU","LV","MA","MC","MD","ME","MK","MT","MX","MY","NI","NL","NO","NZ","OM","PA","PE","PH","PL","PS","PT","PY","QA","RO","RS","RU","SA","SE","SG","SI","SK","SV","TH","TN","TR","TW","UA","US","UY","VN","XK","ZA"],"type":"track","explicit":false,"duration_ms":200280,"external_urls":{"spotify":"https:\/\/open.spotify.com\/track\/6pMNKv4Ad6gSsoKGA4fkct"},"name":"Nina"},{"id":"476QHG5G8xxNI9VHTBFfjp","disc_number":1,"uri":"spotify:track:476QHG5G8xxNI9VHTBFfjp","artists":[{"type":"artist","id":"4kSGbjWGxTchKpIxXPJv0B","external_urls":{"spotify":"https:\/\/open.spotify.com\/artist\/4kSGbjWGxTchKpIxXPJv0B"},"name":"Crumb","uri":"spotify:artist:4kSGbjWGxTchKpIxXPJv0B","href":"https:\/\/api.spotify.com\/v1\/artists\/4kSGbjWGxTchKpIxXPJv0B"}],"href":"https:\/\/api.spotify.com\/v1\/tracks\/476QHG5G8xxNI9VHTBFfjp","is_local":false,"available_markets":["AD","AE","AL","AR","AT","AU","BA","BE","BG","BH","BO","BR","BY","CA","CH","CL","CO","CR","CY","CZ","DE","DK","DO","DZ","EC","EE","EG","ES","FI","FR","GB","GR","GT","HK","HN","HR","HU","ID","IE","IL","IN","IS","IT","JO","JP","KW","KZ","LB","LI","LT","LU","LV","MA","MC","MD","ME","MK","MT","MX","MY","NI","NL","NO","NZ","OM","PA","PE","PH","PL","PS","PT","PY","QA","RO","RS","RU","SA","SE","SG","SI","SK","SV","TH","TN","TR","TW","UA","US","UY","VN","XK","ZA"],"type":"track","explicit":false,"duration_ms":126120,"external_urls":{"spotify":"https:\/\/open.spotify.com\/track\/476QHG5G8xxNI9VHTBFfjp"},"name":"Ghostride"},{"id":"6IqcbrxCPlbXaQuNoQMB8v","disc_number":1,"uri":"spotify:track:6IqcbrxCPlbXaQuNoQMB8v","artists":[{"type":"artist","id":"4kSGbjWGxTchKpIxXPJv0B","external_urls":{"spotify":"https:\/\/open.spotify.com\/artist\/4kSGbjWGxTchKpIxXPJv0B"},"name":"Crumb","uri":"spotify:artist:4kSGbjWGxTchKpIxXPJv0B","href":"https:\/\/api.spotify.com\/v1\/artists\/4kSGbjWGxTchKpIxXPJv0B"}],"href":"https:\/\/api.spotify.com\/v1\/tracks\/6IqcbrxCPlbXaQuNoQMB8v","is_local":false,"available_markets":["AD","AE","AL","AR","AT","AU","BA","BE","BG","BH","BO","BR","BY","CA","CH","CL","CO","CR","CY","CZ","DE","DK","DO","DZ","EC","EE","EG","ES","FI","FR","GB","GR","GT","HK","HN","HR","HU","ID","IE","IL","IN","IS","IT","JO","JP","KW","KZ","LB","LI","LT","LU","LV","MA","MC","MD","ME","MK","MT","MX","MY","NI","NL","NO","NZ","OM","PA","PE","PH","PL","PS","PT","PY","QA","RO","RS","RU","SA","SE","SG","SI","SK","SV","TH","TN","TR","TW","UA","US","UY","VN","XK","ZA"],"type":"track","explicit":false,"duration_ms":173000,"external_urls":{"spotify":"https:\/\/open.spotify.com\/track\/6IqcbrxCPlbXaQuNoQMB8v"},"name":"Fall Down"},{"id":"0GDHyRVlxRVxofJfrw3aVF","disc_number":1,"uri":"spotify:track:0GDHyRVlxRVxofJfrw3aVF","artists":[{"type":"artist","id":"4kSGbjWGxTchKpIxXPJv0B","external_urls":{"spotify":"https:\/\/open.spotify.com\/artist\/4kSGbjWGxTchKpIxXPJv0B"},"name":"Crumb","uri":"spotify:artist:4kSGbjWGxTchKpIxXPJv0B","href":"https:\/\/api.spotify.com\/v1\/artists\/4kSGbjWGxTchKpIxXPJv0B"}],"href":"https:\/\/api.spotify.com\/v1\/tracks\/0GDHyRVlxRVxofJfrw3aVF","is_local":false,"available_markets":["AD","AE","AL","AR","AT","AU","BA","BE","BG","BH","BO","BR","BY","CA","CH","CL","CO","CR","CY","CZ","DE","DK","DO","DZ","EC","EE","EG","ES","FI","FR","GB","GR","GT","HK","HN","HR","HU","ID","IE","IL","IN","IS","IT","JO","JP","KW","KZ","LB","LI","LT","LU","LV","MA","MC","MD","ME","MK","MT","MX","MY","NI","NL","NO","NZ","OM","PA","PE","PH","PL","PS","PT","PY","QA","RO","RS","RU","SA","SE","SG","SI","SK","SV","TH","TN","TR","TW","UA","US","UY","VN","XK","ZA"],"type":"track","explicit":false,"duration_ms":217853,"external_urls":{"spotify":"https:\/\/open.spotify.com\/track\/0GDHyRVlxRVxofJfrw3aVF"},"name":"M.R."},{"id":"0UUP7ADHBTUMbDw31mcZPZ","disc_number":1,"uri":"spotify:track:0UUP7ADHBTUMbDw31mcZPZ","artists":[{"type":"artist","id":"4kSGbjWGxTchKpIxXPJv0B","external_urls":{"spotify":"https:\/\/open.spotify.com\/artist\/4kSGbjWGxTchKpIxXPJv0B"},"name":"Crumb","uri":"spotify:artist:4kSGbjWGxTchKpIxXPJv0B","href":"https:\/\/api.spotify.com\/v1\/artists\/4kSGbjWGxTchKpIxXPJv0B"}],"href":"https:\/\/api.spotify.com\/v1\/tracks\/0UUP7ADHBTUMbDw31mcZPZ","is_local":false,"available_markets":["AD","AE","AL","AR","AT","AU","BA","BE","BG","BH","BO","BR","BY","CA","CH","CL","CO","CR","CY","CZ","DE","DK","DO","DZ","EC","EE","EG","ES","FI","FR","GB","GR","GT","HK","HN","HR","HU","ID","IE","IL","IN","IS","IT","JO","JP","KW","KZ","LB","LI","LT","LU","LV","MA","MC","MD","ME","MK","MT","MX","MY","NI","NL","NO","NZ","OM","PA","PE","PH","PL","PS","PT","PY","QA","RO","RS","RU","SA","SE","SG","SI","SK","SV","TH","TN","TR","TW","UA","US","UY","VN","XK","ZA"],"type":"track","explicit":false,"duration_ms":125600,"external_urls":{"spotify":"https:\/\/open.spotify.com\/track\/0UUP7ADHBTUMbDw31mcZPZ"},"name":"The Letter"},{"id":"4HDLmWf73mge8isanCASnU","disc_number":1,"uri":"spotify:track:4HDLmWf73mge8isanCASnU","artists":[{"type":"artist","id":"4kSGbjWGxTchKpIxXPJv0B","external_urls":{"spotify":"https:\/\/open.spotify.com\/artist\/4kSGbjWGxTchKpIxXPJv0B"},"name":"Crumb","uri":"spotify:artist:4kSGbjWGxTchKpIxXPJv0B","href":"https:\/\/api.spotify.com\/v1\/artists\/4kSGbjWGxTchKpIxXPJv0B"}],"href":"https:\/\/api.spotify.com\/v1\/tracks\/4HDLmWf73mge8isanCASnU","is_local":false,"available_markets":["AD","AE","AL","AR","AT","AU","BA","BE","BG","BH","BO","BR","BY","CA","CH","CL","CO","CR","CY","CZ","DE","DK","DO","DZ","EC","EE","EG","ES","FI","FR","GB","GR","GT","HK","HN","HR","HU","ID","IE","IL","IN","IS","IT","JO","JP","KW","KZ","LB","LI","LT","LU","LV","MA","MC","MD","ME","MK","MT","MX","MY","NI","NL","NO","NZ","OM","PA","PE","PH","PL","PS","PT","PY","QA","RO","RS","RU","SA","SE","SG","SI","SK","SV","TH","TN","TR","TW","UA","US","UY","VN","XK","ZA"],"type":"track","explicit":false,"duration_ms":222920,"external_urls":{"spotify":"https:\/\/open.spotify.com\/track\/4HDLmWf73mge8isanCASnU"},"name":"Part III"},{"id":"00kOafrPnrR7jQhxYYg777","disc_number":1,"uri":"spotify:track:00kOafrPnrR7jQhxYYg777","artists":[{"type":"artist","id":"4kSGbjWGxTchKpIxXPJv0B","external_urls":{"spotify":"https:\/\/open.spotify.com\/artist\/4kSGbjWGxTchKpIxXPJv0B"},"name":"Crumb","uri":"spotify:artist:4kSGbjWGxTchKpIxXPJv0B","href":"https:\/\/api.spotify.com\/v1\/artists\/4kSGbjWGxTchKpIxXPJv0B"}],"href":"https:\/\/api.spotify.com\/v1\/tracks\/00kOafrPnrR7jQhxYYg777","is_local":false,"available_markets":["AD","AE","AL","AR","AT","AU","BA","BE","BG","BH","BO","BR","BY","CA","CH","CL","CO","CR","CY","CZ","DE","DK","DO","DZ","EC","EE","EG","ES","FI","FR","GB","GR","GT","HK","HN","HR","HU","ID","IE","IL","IN","IS","IT","JO","JP","KW","KZ","LB","LI","LT","LU","LV","MA","MC","MD","ME","MK","MT","MX","MY","NI","NL","NO","NZ","OM","PA","PE","PH","PL","PS","PT","PY","QA","RO","RS","RU","SA","SE","SG","SI","SK","SV","TH","TN","TR","TW","UA","US","UY","VN","XK","ZA"],"type":"track","explicit":false,"duration_ms":173333,"external_urls":{"spotify":"https:\/\/open.spotify.com\/track\/00kOafrPnrR7jQhxYYg777"},"name":"And It Never Ends"},{"id":"1u7LOyLuApChbPeqMfXFKC","disc_number":1,"uri":"spotify:track:1u7LOyLuApChbPeqMfXFKC","artists":[{"type":"artist","id":"4kSGbjWGxTchKpIxXPJv0B","external_urls":{"spotify":"https:\/\/open.spotify.com\/artist\/4kSGbjWGxTchKpIxXPJv0B"},"name":"Crumb","uri":"spotify:artist:4kSGbjWGxTchKpIxXPJv0B","href":"https:\/\/api.spotify.com\/v1\/artists\/4kSGbjWGxTchKpIxXPJv0B"}],"href":"https:\/\/api.spotify.com\/v1\/tracks\/1u7LOyLuApChbPeqMfXFKC","is_local":false,"available_markets":["AD","AE","AL","AR","AT","AU","BA","BE","BG","BH","BO","BR","BY","CA","CH","CL","CO","CR","CY","CZ","DE","DK","DO","DZ","EC","EE","EG","ES","FI","FR","GB","GR","GT","HK","HN","HR","HU","ID","IE","IL","IN","IS","IT","JO","JP","KW","KZ","LB","LI","LT","LU","LV","MA","MC","MD","ME","MK","MT","MX","MY","NI","NL","NO","NZ","OM","PA","PE","PH","PL","PS","PT","PY","QA","RO","RS","RU","SA","SE","SG","SI","SK","SV","TH","TN","TR","TW","UA","US","UY","VN","XK","ZA"],"type":"track","explicit":false,"duration_ms":129293,"external_urls":{"spotify":"https:\/\/open.spotify.com\/track\/1u7LOyLuApChbPeqMfXFKC"},"name":"Faces"},{"id":"7qAy6TR1MrSeUV8OpMlNS1","disc_number":1,"uri":"spotify:track:7qAy6TR1MrSeUV8OpMlNS1","artists":[{"type":"artist","id":"4kSGbjWGxTchKpIxXPJv0B","external_urls":{"spotify":"https:\/\/open.spotify.com\/artist\/4kSGbjWGxTchKpIxXPJv0B"},"name":"Crumb","uri":"spotify:artist:4kSGbjWGxTchKpIxXPJv0B","href":"https:\/\/api.spotify.com\/v1\/artists\/4kSGbjWGxTchKpIxXPJv0B"}],"href":"https:\/\/api.spotify.com\/v1\/tracks\/7qAy6TR1MrSeUV8OpMlNS1","is_local":false,"available_markets":["AD","AE","AL","AR","AT","AU","BA","BE","BG","BH","BO","BR","BY","CA","CH","CL","CO","CR","CY","CZ","DE","DK","DO","DZ","EC","EE","EG","ES","FI","FR","GB","GR","GT","HK","HN","HR","HU","ID","IE","IL","IN","IS","IT","JO","JP","KW","KZ","LB","LI","LT","LU","LV","MA","MC","MD","ME","MK","MT","MX","MY","NI","NL","NO","NZ","OM","PA","PE","PH","PL","PS","PT","PY","QA","RO","RS","RU","SA","SE","SG","SI","SK","SV","TH","TN","TR","TW","UA","US","UY","VN","XK","ZA"],"type":"track","explicit":false,"duration_ms":161653,"external_urls":{"spotify":"https:\/\/open.spotify.com\/track\/7qAy6TR1MrSeUV8OpMlNS1"},"name":"Jinx"}],"href":"https:\/\/api.spotify.com\/v1\/albums\/3vukTUpiENDHDoYTVrwqtz\/tracks?offset=0&limit=50","offset":0,"limit":50},"uri":"spotify:album:3vukTUpiENDHDoYTVrwqtz","href":"https:\/\/api.spotify.com\/v1\/albums\/3vukTUpiENDHDoYTVrwqtz","artists":[{"type":"artist","id":"4kSGbjWGxTchKpIxXPJv0B","external_urls":{"spotify":"https:\/\/open.spotify.com\/artist\/4kSGbjWGxTchKpIxXPJv0B"},"name":"Crumb","uri":"spotify:artist:4kSGbjWGxTchKpIxXPJv0B","href":"https:\/\/api.spotify.com\/v1\/artists\/4kSGbjWGxTchKpIxXPJv0B"}],"popularity":64,"release_date_precision":"day","available_markets":["AD","AE","AL","AR","AT","AU","BA","BE","BG","BH","BO","BR","BY","CA","CH","CL","CO","CR","CY","CZ","DE","DK","DO","DZ","EC","EE","EG","ES","FI","FR","GB","GR","GT","HK","HN","HR","HU","ID","IE","IL","IN","IS","IT","JO","JP","KW","KZ","LB","LI","LT","LU","LV","MA","MC","MD","ME","MK","MT","MX","MY","NI","NL","NO","NZ","OM","PA","PE","PH","PL","PS","PT","PY","QA","RO","RS","RU","SA","SE","SG","SI","SK","SV","TH","TN","TR","TW","UA","US","UY","VN","XK","ZA"],"copyrights":[{"type":"C","text":"2019 Crumb Records"},{"type":"P","text":"2019 Crumb Records"}],"type":"album","release_date":"2019-06-14","images":[{"width":640,"url":"https:\/\/i.scdn.co\/image\/ab67616d0000b2739d45a127005f8a96652280bd","height":640},{"width":300,"url":"https:\/\/i.scdn.co\/image\/ab67616d00001e029d45a127005f8a96652280bd","height":300},{"width":64,"url":"https:\/\/i.scdn.co\/image\/ab67616d000048519d45a127005f8a96652280bd","height":64}],"genres":[],"name":"Jinx","external_urls":{"spotify":"https:\/\/open.spotify.com\/album\/3vukTUpiENDHDoYTVrwqtz"}}