{"languages":["en-US"],"id":"4rOoJ6Egrf8K2IrywzwOMk","description":"The official podcast of comedian Joe Rogan. Follow The Joe Rogan Clips show page for some of the best moments from the episodes.","uri":"spotify:show:4rOoJ6Egrf8K2IrywzwOMk","href":"https:\/\/api.spotify.com\/v1\/shows\/4rOoJ6Egrf8K2IrywzwOMk","media_type":"mixed","episodes":{"offset":0,"total":1705,"items":[{"id":"3z58RgmzyxqqNjrUdA0pA9","description":"Writer, journalist, and political commentator Douglas Murray is the author of The Madness of Crowds: Gender, Race and Identity, now available in a newly expanded paperback edition from Bloomsbury Publishing. Also look for The Strange Death of Europe available everywhere. ","languages":["en-US"],"is_playable":true,"uri":"spotify:episode:3z58RgmzyxqqNjrUdA0pA9","href":"https:\/\/api.spotify.com\/v1\/episodes\/3z58RgmzyxqqNjrUdA0pA9","release_date_precision":"day","is_externally_hosted":false,"type":"episode","audio_preview_url":"https:\/\/p.scdn.co\/mp3-preview\/44710ca8469c3e665f8ce1951e227b26524e7e15","resume_point":{"resume_position_ms":0,"fully_played":false},"explicit":true,"duration_ms":8144917,"release_date":"2020-09-17","images":[{"width":640,"url":"https:\/\/i.scdn.co\/image\/a205420a1a38d0df36d88e9a686396306d5928a3","height":640},{"width":640,"url":"https:\/\/i.scdn.co\/image\/a205420a1a38d0df36d88e9a686396306d5928a3","height":640},{"width":300,"url":"https:\/\/i.scdn.co\/image\/1d6381bc0b9b5ae61e29b4a0323e8c80db6866b6","height":300},{"width":64,"url":"https:\/\/i.scdn.co\/image\/64f941e214225c24de872189912eec83fb07c5cd","height":64}],"name":"#1538 - Douglas Murray","external_urls":{"spotify":"https:\/\/open.spotify.com\/episode\/3z58RgmzyxqqNjrUdA0pA9"}},{"id":"0JpkOdEp5Yv9M4xXHOLyWi","description":"Scientist Lex Fridman researches human-centered artificial intelligence and autonomous vehicles at MIT, and studies Brazilian Jiu-Jitsu in his spare time. Check out his podcast “Lex Fridman Podcast”, available now on Spotify. ","languages":["en-US"],"is_playable":true,"uri":"spotify:episode:0JpkOdEp5Yv9M4xXHOLyWi","href":"https:\/\/api.spotify.com\/v1\/episodes\/0JpkOdEp5Yv9M4xXHOLyWi","release_date_precision":"day","is_externally_hosted":false,"type":"episode","audio_preview_url":"https:\/\/p.scdn.co\/mp3-preview\/e085e752bbe3b7c30e72d846eb57f6909e455a79","resume_point":{"resume_position_ms":0,"fully_played":false},"explicit":true,"duration_ms":10882155,"release_date":"2020-09-16","images":[{"width":640,"url":"https:\/\/i.scdn.co\/image\/c41c3b76f5a5ce6a64f17c632f383eeb17f17e9d","height":640},{"width":640,"url":"https:\/\/i.scdn.co\/image\/c41c3b76f5a5ce6a64f17c632f383eeb17f17e9d","height":640},{"width":300,"url":"https:\/\/i.scdn.co\/image\/76d94cf1200cd9db1cf3d08a84a2645447f1f3e0","height":300},{"width":64,"url":"https:\/\/i.scdn.co\/image\/38f952b3634a8f9ced242616cc69699c9d97901f","height":64}],"name":"#1537 - Lex Fridman","external_urls":{"spotify":"https:\/\/open.spotify.com\/episode\/0JpkOdEp5Yv9M4xXHOLyWi"}},{"id":"5sNggu9wR9lF84tf7VnxDL","description":"Former CIA contractor turned whistleblower Edward Snowden shocked the world when he revealed the misdeeds of the US intelligence community and its allies. Now living in Russia, he is a noted privacy advocate and author who serves as president of the Freedom of the Press Foundation. His book, Permanent Record, is now available in paperback from Henry Holt and Company. ","languages":["en-US"],"is_playable":true,"uri":"spotify:episode:5sNggu9wR9lF84tf7VnxDL","href":"https:\/\/api.spotify.com\/v1\/episodes\/5sNggu9wR9lF84tf7VnxDL","release_date_precision":"day","is_externally_hosted":false,"type":"episode","audio_preview_url":"https:\/\/p.scdn.co\/mp3-preview\/65ac85b7f3a1232c06ebb275d45a2a819f324db2","resume_point":{"resume_position_ms":0,"fully_played":false},"explicit":true,"duration_ms":8919957,"release_date":"2020-09-15","images":[{"width":640,"url":"https:\/\/i.scdn.co\/image\/b7324abc74a5c442e99aa279ecce9595921b8b17","height":640},{"width":640,"url":"https:\/\/i.scdn.co\/image\/b7324abc74a5c442e99aa279ecce9595921b8b17","height":640},{"width":300,"url":"https:\/\/i.scdn.co\/image\/a4f5319f963a0d1cbeee5bfbb42d02fcbc12ca93","height":300},{"width":64,"url":"https:\/\/i.scdn.co\/image\/209f9929f0983f93dd9e89626932217cd92bcf22","height":64}],"name":"#1536 - Edward Snowden","external_urls":{"spotify":"https:\/\/open.spotify.com\/episode\/5sNggu9wR9lF84tf7VnxDL"}},{"id":"3zf2RC8AxxOhtBDftnmtLa","description":"New episodes will be exclusively on Spotify starting December 1st, 2020. ","languages":["en-US"],"is_playable":true,"uri":"spotify:episode:3zf2RC8AxxOhtBDftnmtLa","href":"https:\/\/api.spotify.com\/v1\/episodes\/3zf2RC8AxxOhtBDftnmtLa","release_date_precision":"day","is_externally_hosted":false,"type":"episode","audio_preview_url":"https:\/\/p.scdn.co\/mp3-preview\/e41bfa2b797b5ebbf9772803cac369f14b7b20e6","resume_point":{"resume_position_ms":0,"fully_played":false},"explicit":true,"duration_ms":52821,"release_date":"2020-09-11","images":[{"width":640,"url":"https:\/\/i.scdn.co\/image\/90ce446d01cb94ce4a539dd6fee0b18cdce9c554","height":640},{"width":640,"url":"https:\/\/i.scdn.co\/image\/90ce446d01cb94ce4a539dd6fee0b18cdce9c554","height":640},{"width":300,"url":"https:\/\/i.scdn.co\/image\/44e12be8defcf44efd0792bb73e36acbca155883","height":300},{"width":64,"url":"https:\/\/i.scdn.co\/image\/ea6630abc8abda0daf6197645b90acba8afab097","height":64}],"name":"Welcome To The Joe Rogan Experience","external_urls":{"spotify":"https:\/\/open.spotify.com\/episode\/3zf2RC8AxxOhtBDftnmtLa"}},{"id":"6SeHbFUG4TYkVqjoNozas8","description":"Special Forces operator and retired UFC fighter Tim Kennedy is the founder of Sheepdog Response, a training program aimed at giving law enforcement, military, and others the tools they need to quickly and effectively respond to violent threats. ","languages":["en-US"],"is_playable":true,"uri":"spotify:episode:6SeHbFUG4TYkVqjoNozas8","href":"https:\/\/api.spotify.com\/v1\/episodes\/6SeHbFUG4TYkVqjoNozas8","release_date_precision":"day","is_externally_hosted":false,"type":"episode","audio_preview_url":"https:\/\/p.scdn.co\/mp3-preview\/97cdf95fc9c7155b918a180dd21262790834354c","resume_point":{"resume_position_ms":0,"fully_played":false},"explicit":true,"duration_ms":10833408,"release_date":"2020-09-11","images":[{"width":640,"url":"https:\/\/i.scdn.co\/image\/3ef1c58d3a25984b39955dcac107d581eedb1527","height":640},{"width":640,"url":"https:\/\/i.scdn.co\/image\/3ef1c58d3a25984b39955dcac107d581eedb1527","height":640},{"width":300,"url":"https:\/\/i.scdn.co\/image\/cb09df7a5dceb44552cd151157cd6803c0d5c4e2","height":300},{"width":64,"url":"https:\/\/i.scdn.co\/image\/5752c743a484ecac2b1334e31bbd295a54e2e0de","height":64}],"name":"#1535 - Tim Kennedy","external_urls":{"spotify":"https:\/\/open.spotify.com\/episode\/6SeHbFUG4TYkVqjoNozas8"}},{"id":"26IY1n5lqfNZwkStD44EqP","description":"Ron White is a stand up comedian and actor, best known as a charter member of the Blue Collar Comedy Tour. His special “If You Quit Listening, I’ll Shut Up” is now streaming on Netflix. ","languages":["en-US"],"is_playable":true,"uri":"spotify:episode:26IY1n5lqfNZwkStD44EqP","href":"https:\/\/api.spotify.com\/v1\/episodes\/26IY1n5lqfNZwkStD44EqP","release_date_precision":"day","is_externally_hosted":false,"type":"episode","audio_preview_url":"https:\/\/p.scdn.co\/mp3-preview\/b51847c9addcacb42d05b0d310618b6b2c653d64","resume_point":{"resume_position_ms":0,"fully_played":false},"explicit":true,"duration_ms":10422293,"release_date":"2020-09-09","images":[{"width":640,"url":"https:\/\/i.scdn.co\/image\/dfdbfc092e14c1091b44e5c7c492afa279e86d08","height":640},{"width":640,"url":"https:\/\/i.scdn.co\/image\/dfdbfc092e14c1091b44e5c7c492afa279e86d08","height":640},{"width":300,"url":"https:\/\/i.scdn.co\/image\/24e27ef4e91a9b6449dba9fd682126cb9530a226","height":300},{"width":64,"url":"https:\/\/i.scdn.co\/image\/737b3f5daa4fa9f1d049b10e2e360b0fa6a082be","height":64}],"name":"#1534 - Ron White","external_urls":{"spotify":"https:\/\/open.spotify.com\/episode\/26IY1n5lqfNZwkStD44EqP"}},{"id":"6jZw42qq8zFqIHFooJqwhm","description":"Adam Curry is a podcaster, announcer, internet entrepreneur and media personality, known for his stint as VJ on MTV and being one of the first celebrities personally to create and administer Web sites. Check out his podcast “No Agenda” with new shows available every Sunday and Thursday on Spotify. http:\/\/www.noagendashow.com\/ ","languages":["en-US"],"is_playable":true,"uri":"spotify:episode:6jZw42qq8zFqIHFooJqwhm","href":"https:\/\/api.spotify.com\/v1\/episodes\/6jZw42qq8zFqIHFooJqwhm","release_date_precision":"day","is_externally_hosted":false,"type":"episode","audio_preview_url":"https:\/\/p.scdn.co\/mp3-preview\/95a3b4221dd1c72527ede447dd96870cfd73806f","resume_point":{"resume_position_ms":0,"fully_played":false},"explicit":true,"duration_ms":11902741,"release_date":"2020-09-08","images":[{"width":640,"url":"https:\/\/i.scdn.co\/image\/f1e8cbecaef9237ac0102c9a337f57f8e12c46ce","height":640},{"width":640,"url":"https:\/\/i.scdn.co\/image\/f1e8cbecaef9237ac0102c9a337f57f8e12c46ce","height":640},{"width":300,"url":"https:\/\/i.scdn.co\/image\/acb9cbbbf6608b17b74550b63674b6bec53132ea","height":300},{"width":64,"url":"https:\/\/i.scdn.co\/image\/4ed880d33478ef34e6f295f7198feda099de9d35","height":64}],"name":"#1533 - Adam Curry","external_urls":{"spotify":"https:\/\/open.spotify.com\/episode\/6jZw42qq8zFqIHFooJqwhm"}},{"id":"5IWyuOmaNzb0MpI8RnG3I7","description":"Mike Tyson is the former undisputed heavyweight boxing champion of the world. Check out his new podcast called “Hotboxin’ with Mike Tyson” on Spotify. www.TysonOnTriller.com ","languages":["en-US"],"is_playable":true,"uri":"spotify:episode:5IWyuOmaNzb0MpI8RnG3I7","href":"https:\/\/api.spotify.com\/v1\/episodes\/5IWyuOmaNzb0MpI8RnG3I7","release_date_precision":"day","is_externally_hosted":false,"type":"episode","audio_preview_url":"https:\/\/p.scdn.co\/mp3-preview\/af891aee880260d2e74bf6c08224ceff36de81bd","resume_point":{"resume_position_ms":0,"fully_played":false},"explicit":true,"duration_ms":7451092,"release_date":"2020-09-04","images":[{"width":640,"url":"https:\/\/i.scdn.co\/image\/3be6c2cd136ec3ad87a63689ac54a662558f7919","height":640},{"width":640,"url":"https:\/\/i.scdn.co\/image\/3be6c2cd136ec3ad87a63689ac54a662558f7919","height":640},{"width":300,"url":"https:\/\/i.scdn.co\/image\/babe11cd13ad027da58a2fa09023fdf503a262a0","height":300},{"width":64,"url":"https:\/\/i.scdn.co\/image\/8e974e3e4dbba0166eb0b8f6b5cb368db333429b","height":64}],"name":"#1532 - Mike Tyson","external_urls":{"spotify":"https:\/\/open.spotify.com\/episode\/5IWyuOmaNzb0MpI8RnG3I7"}},{"id":"0ZEDvQuPtAEBnXE37slSoX","description":"Miley Cyrus is a singer-songwriter, actress, and record producer. http:\/\/mileyl.ink\/midnightsky ","languages":["en-US"],"is_playable":true,"uri":"spotify:episode:0ZEDvQuPtAEBnXE37slSoX","href":"https:\/\/api.spotify.com\/v1\/episodes\/0ZEDvQuPtAEBnXE37slSoX","release_date_precision":"day","is_externally_hosted":false,"type":"episode","audio_preview_url":"https:\/\/p.scdn.co\/mp3-preview\/27f429885eb56a9cb50a6ae40891420ce51a111e","resume_point":{"resume_position_ms":0,"fully_played":false},"explicit":true,"duration_ms":7591593,"release_date":"2020-09-02","images":[{"width":640,"url":"https:\/\/i.scdn.co\/image\/c5295165553575f3369e0fd35306c98463fc8576","height":640},{"width":640,"url":"https:\/\/i.scdn.co\/image\/c5295165553575f3369e0fd35306c98463fc8576","height":640},{"width":300,"url":"https:\/\/i.scdn.co\/image\/59df5f48f927ce02ecfef608a127a1a44fa62173","height":300},{"width":64,"url":"https:\/\/i.scdn.co\/image\/a15d49e7ca490adacbb707aa605f5de0b141777c","height":64}],"name":"#1531 - Miley Cyrus","external_urls":{"spotify":"https:\/\/open.spotify.com\/episode\/0ZEDvQuPtAEBnXE37slSoX"}},{"id":"4N8VtcWq3A2FSCiFrexzHl","description":"Duncan Trussell is a stand-up comedian, and host of his own podcast “The Duncan Trussell Family Hour”. His new show “The Midnight Gospel” is now streaming only on Netflix. ","languages":["en-US"],"is_playable":true,"uri":"spotify:episode:4N8VtcWq3A2FSCiFrexzHl","href":"https:\/\/api.spotify.com\/v1\/episodes\/4N8VtcWq3A2FSCiFrexzHl","release_date_precision":"day","is_externally_hosted":false,"type":"episode","audio_preview_url":"https:\/\/p.scdn.co\/mp3-preview\/7e3af2c98e1b31ba9f36f5514f2c86830faad705","resume_point":{"resume_position_ms":0,"fully_played":false},"explicit":true,"duration_ms":19188820,"release_date":"2020-08-31","images":[{"width":640,"url":"https:\/\/i.scdn.co\/image\/eb0f8902afe43bd47b1e6050f3883e623437f67a","height":640},{"width":640,"url":"https:\/\/i.scdn.co\/image\/eb0f8902afe43bd47b1e6050f3883e623437f67a","height":640},{"width":300,"url":"https:\/\/i.scdn.co\/image\/6ab6145be517b47b877ed14512bb7e8b7ce49295","height":300},{"width":64,"url":"https:\/\/i.scdn.co\/image\/ae9d2d17ee7ae7119a46663dcd3f85628b9aa458","height":64}],"name":"#1530 - Duncan Trussell","external_urls":{"spotify":"https:\/\/open.spotify.com\/episode\/4N8VtcWq3A2FSCiFrexzHl"}},{"id":"5hAD0CiOyqY5tk0hiWd67k","description":"Whitney Cummings is a stand up comedian, actress, writer, and producer. Check out her new podcast “Good For You” on Spotify.  Annie Lederman is a stand up comedian. She is also the host of “MEANSPIRATION” podcast on All Things Comedy. ","languages":["en-US"],"is_playable":true,"uri":"spotify:episode:5hAD0CiOyqY5tk0hiWd67k","href":"https:\/\/api.spotify.com\/v1\/episodes\/5hAD0CiOyqY5tk0hiWd67k","release_date_precision":"day","is_externally_hosted":false,"type":"episode","audio_preview_url":"https:\/\/p.scdn.co\/mp3-preview\/372ffe712c869d3e0865692a3d8bf85ae8cbb113","resume_point":{"resume_position_ms":0,"fully_played":false},"explicit":true,"duration_ms":11370367,"release_date":"2020-08-21","images":[{"width":640,"url":"https:\/\/i.scdn.co\/image\/f540d1009c00abb3ebc00ba40e3eccf55e422b09","height":640},{"width":640,"url":"https:\/\/i.scdn.co\/image\/f540d1009c00abb3ebc00ba40e3eccf55e422b09","height":640},{"width":300,"url":"https:\/\/i.scdn.co\/image\/e0dc3ecddee8a4790e4e8e9a553cd5335998a0a2","height":300},{"width":64,"url":"https:\/\/i.scdn.co\/image\/7a2d3adba2888733ff4ebe3532188806ef84bbf7","height":64}],"name":"#1529 - Whitney Cummings & Annie Lederman","external_urls":{"spotify":"https:\/\/open.spotify.com\/episode\/5hAD0CiOyqY5tk0hiWd67k"}},{"id":"7dSvypjRYgXBVGzGzZ9RRi","description":"Nikki Glaser is an American stand-up comedian, podcast host, and television host. Look for her podcast \"You Up with Nikki Glaser\" available on Spotify. ","languages":["en-US"],"is_playable":true,"uri":"spotify:episode:7dSvypjRYgXBVGzGzZ9RRi","href":"https:\/\/api.spotify.com\/v1\/episodes\/7dSvypjRYgXBVGzGzZ9RRi","release_date_precision":"day","is_externally_hosted":false,"type":"episode","audio_preview_url":"https:\/\/p.scdn.co\/mp3-preview\/89bcfc3fc569a2069525c1af347104c0dd264c6a","resume_point":{"resume_position_ms":0,"fully_played":false},"explicit":true,"duration_ms":9172500,"release_date":"2020-08-20","images":[{"width":640,"url":"https:\/\/i.scdn.co\/image\/f540d1009c00abb3ebc00ba40e3eccf55e422b09","height":640},{"width":640,"url":"https:\/\/i.scdn.co\/image\/f540d1009c00abb3ebc00ba40e3eccf55e422b09","height":640},{"width":300,"url":"https:\/\/i.scdn.co\/image\/e0dc3ecddee8a4790e4e8e9a553cd5335998a0a2","height":300},{"width":64,"url":"https:\/\/i.scdn.co\/image\/7a2d3adba2888733ff4ebe3532188806ef84bbf7","height":64}],"name":"#1528 - Nikki Glaser","external_urls":{"spotify":"https:\/\/open.spotify.com\/episode\/7dSvypjRYgXBVGzGzZ9RRi"}},{"id":"1saFhnv5h33EWizm2yKECl","description":"David Blaine is an illusionist, endurance artist, and extreme performer. He is best known for his high-profile feats of endurance and has set and broken several world records. His new special \"Ascension\" premieres on YouTube live on August 31. ","languages":["en-US"],"is_playable":true,"uri":"spotify:episode:1saFhnv5h33EWizm2yKECl","href":"https:\/\/api.spotify.com\/v1\/episodes\/1saFhnv5h33EWizm2yKECl","release_date_precision":"day","is_externally_hosted":false,"type":"episode","audio_preview_url":"https:\/\/p.scdn.co\/mp3-preview\/6f457a98a8a202631d3716be404d802f11ac386f","resume_point":{"resume_position_ms":0,"fully_played":false},"explicit":true,"duration_ms":8511721,"release_date":"2020-08-18","images":[{"width":640,"url":"https:\/\/i.scdn.co\/image\/f540d1009c00abb3ebc00ba40e3eccf55e422b09","height":640},{"width":640,"url":"https:\/\/i.scdn.co\/image\/f540d1009c00abb3ebc00ba40e3eccf55e422b09","height":640},{"width":300,"url":"https:\/\/i.scdn.co\/image\/e0dc3ecddee8a4790e4e8e9a553cd5335998a0a2","height":300},{"width":64,"url":"https:\/\/i.scdn.co\/image\/7a2d3adba2888733ff4ebe3532188806ef84bbf7","height":64}],"name":"#1527 - David Blaine","external_urls":{"spotify":"https:\/\/open.spotify.com\/episode\/1saFhnv5h33EWizm2yKECl"}},{"id":"3pUFtQGLe8hYwK31uKAiXE","description":"Ali Macofsky is an actress, writer, and standup comedian. Checkout her podcast \"Resting Bitch\" available on Spotify. ","languages":["en-US"],"is_playable":true,"uri":"spotify:episode:3pUFtQGLe8hYwK31uKAiXE","href":"https:\/\/api.spotify.com\/v1\/episodes\/3pUFtQGLe8hYwK31uKAiXE","release_date_precision":"day","is_externally_hosted":false,"type":"episode","audio_preview_url":"https:\/\/p.scdn.co\/mp3-preview\/d45b988a292041510847d318ba0820f852b58f61","resume_point":{"resume_position_ms":0,"fully_played":false},"explicit":true,"duration_ms":9149460,"release_date":"2020-08-15","images":[{"width":640,"url":"https:\/\/i.scdn.co\/image\/f540d1009c00abb3ebc00ba40e3eccf55e422b09","height":640},{"width":640,"url":"https:\/\/i.scdn.co\/image\/f540d1009c00abb3ebc00ba40e3eccf55e422b09","height":640},{"width":300,"url":"https:\/\/i.scdn.co\/image\/e0dc3ecddee8a4790e4e8e9a553cd5335998a0a2","height":300},{"width":64,"url":"https:\/\/i.scdn.co\/image\/7a2d3adba2888733ff4ebe3532188806ef84bbf7","height":64}],"name":"#1526 - Ali Macofsky","external_urls":{"spotify":"https:\/\/open.spotify.com\/episode\/3pUFtQGLe8hYwK31uKAiXE"}},{"id":"67xnQXPd5WD4EbelRLaUjq","description":"Tim Dillon is a comedian, tour guide, and host. His podcast “The Tim Dillon Show” is available on Spotify. ","languages":["en-US"],"is_playable":true,"uri":"spotify:episode:67xnQXPd5WD4EbelRLaUjq","href":"https:\/\/api.spotify.com\/v1\/episodes\/67xnQXPd5WD4EbelRLaUjq","release_date_precision":"day","is_externally_hosted":false,"type":"episode","audio_preview_url":"https:\/\/p.scdn.co\/mp3-preview\/ca7ff3311180d7436610cf349f5fc3be8b927b94","resume_point":{"resume_position_ms":0,"fully_played":false},"explicit":true,"duration_ms":8209343,"release_date":"2020-08-14","images":[{"width":640,"url":"https:\/\/i.scdn.co\/image\/f540d1009c00abb3ebc00ba40e3eccf55e422b09","height":640},{"width":640,"url":"https:\/\/i.scdn.co\/image\/f540d1009c00abb3ebc00ba40e3eccf55e422b09","height":640},{"width":300,"url":"https:\/\/i.scdn.co\/image\/e0dc3ecddee8a4790e4e8e9a553cd5335998a0a2","height":300},{"width":64,"url":"https:\/\/i.scdn.co\/image\/7a2d3adba2888733ff4ebe3532188806ef84bbf7","height":64}],"name":"#1525 - Tim Dillon","external_urls":{"spotify":"https:\/\/open.spotify.com\/episode\/67xnQXPd5WD4EbelRLaUjq"}},{"id":"1FRyEa1WSqbzeQawGgPQi6","description":"Ron Funches is a comedian, actor and writer. His podcast \"Gettin' Better\" is available on Spotify. On September 5, his live stand up event \"Awakening\" will be streaming on YouTube and tickets are now available here: eventbrite.com\/e\/ron-funches-awakening-tickets-113410704470 ","languages":["en-US"],"is_playable":true,"uri":"spotify:episode:1FRyEa1WSqbzeQawGgPQi6","href":"https:\/\/api.spotify.com\/v1\/episodes\/1FRyEa1WSqbzeQawGgPQi6","release_date_precision":"day","is_externally_hosted":false,"type":"episode","audio_preview_url":"https:\/\/p.scdn.co\/mp3-preview\/35c71e1878c5f162b5936882298898f3a986e827","resume_point":{"resume_position_ms":0,"fully_played":false},"explicit":true,"duration_ms":7953855,"release_date":"2020-08-13","images":[{"width":640,"url":"https:\/\/i.scdn.co\/image\/f540d1009c00abb3ebc00ba40e3eccf55e422b09","height":640},{"width":640,"url":"https:\/\/i.scdn.co\/image\/f540d1009c00abb3ebc00ba40e3eccf55e422b09","height":640},{"width":300,"url":"https:\/\/i.scdn.co\/image\/e0dc3ecddee8a4790e4e8e9a553cd5335998a0a2","height":300},{"width":64,"url":"https:\/\/i.scdn.co\/image\/7a2d3adba2888733ff4ebe3532188806ef84bbf7","height":64}],"name":"#1524 - Ron Funches","external_urls":{"spotify":"https:\/\/open.spotify.com\/episode\/1FRyEa1WSqbzeQawGgPQi6"}},{"id":"4n9HEu1fIiteqxZ6qpwqwX","description":"Joey “CoCo” Diaz is a Cuban-American stand up comedian and actor. Joey also hosts his own podcast called “The Church of What’s Happening Now\", available on Spotify. Brian Redban is a comedian and the founder of the Deathsquad podcast network. Also look for him on “Kill Tony\". ","languages":["en-US"],"is_playable":true,"uri":"spotify:episode:4n9HEu1fIiteqxZ6qpwqwX","href":"https:\/\/api.spotify.com\/v1\/episodes\/4n9HEu1fIiteqxZ6qpwqwX","release_date_precision":"day","is_externally_hosted":false,"type":"episode","audio_preview_url":"https:\/\/p.scdn.co\/mp3-preview\/d09ffedcba1efc001ba5b4eefee61fe52b230cda","resume_point":{"resume_position_ms":0,"fully_played":false},"explicit":true,"duration_ms":12709844,"release_date":"2020-08-12","images":[{"width":640,"url":"https:\/\/i.scdn.co\/image\/f540d1009c00abb3ebc00ba40e3eccf55e422b09","height":640},{"width":640,"url":"https:\/\/i.scdn.co\/image\/f540d1009c00abb3ebc00ba40e3eccf55e422b09","height":640},{"width":300,"url":"https:\/\/i.scdn.co\/image\/e0dc3ecddee8a4790e4e8e9a553cd5335998a0a2","height":300},{"width":64,"url":"https:\/\/i.scdn.co\/image\/7a2d3adba2888733ff4ebe3532188806ef84bbf7","height":64}],"name":"#1523 - Joey Diaz & Brian Redban","external_urls":{"spotify":"https:\/\/open.spotify.com\/episode\/4n9HEu1fIiteqxZ6qpwqwX"}},{"id":"3T2a2knsZE6Fa4GyhRdAqe","description":"Rob Lowe is an actor, producer, and director. His new podcast \"Literally! with Rob Lowe\" is available on Spotify. ","languages":["en-US"],"is_playable":true,"uri":"spotify:episode:3T2a2knsZE6Fa4GyhRdAqe","href":"https:\/\/api.spotify.com\/v1\/episodes\/3T2a2knsZE6Fa4GyhRdAqe","release_date_precision":"day","is_externally_hosted":false,"type":"episode","audio_preview_url":"https:\/\/p.scdn.co\/mp3-preview\/67d07b2aed98f1caa8ef35f9ee2763d042f7a6b3","resume_point":{"resume_position_ms":0,"fully_played":false},"explicit":true,"duration_ms":10330260,"release_date":"2020-08-07","images":[{"width":640,"url":"https:\/\/i.scdn.co\/image\/f540d1009c00abb3ebc00ba40e3eccf55e422b09","height":640},{"width":640,"url":"https:\/\/i.scdn.co\/image\/f540d1009c00abb3ebc00ba40e3eccf55e422b09","height":640},{"width":300,"url":"https:\/\/i.scdn.co\/image\/e0dc3ecddee8a4790e4e8e9a553cd5335998a0a2","height":300},{"width":64,"url":"https:\/\/i.scdn.co\/image\/7a2d3adba2888733ff4ebe3532188806ef84bbf7","height":64}],"name":"#1522 - Rob Lowe","external_urls":{"spotify":"https:\/\/open.spotify.com\/episode\/3T2a2knsZE6Fa4GyhRdAqe"}},{"id":"6Ev4gmWsNrBn8gSPomXrhK","description":"Josh Dubin is an Innocence Project Ambassador Advisor & President of Dubin Research and Consulting, Inc. He also hosts a podcast called \"Wrongful Conviction: Junk Science\" available on Spotify. Jason Flom is an Innocence Project Board Member, CEO of Lava Media, and host of the \"Wrongful Conviction with Jason Flom\", available on Spotify. ","languages":["en-US"],"is_playable":true,"uri":"spotify:episode:6Ev4gmWsNrBn8gSPomXrhK","href":"https:\/\/api.spotify.com\/v1\/episodes\/6Ev4gmWsNrBn8gSPomXrhK","release_date_precision":"day","is_externally_hosted":false,"type":"episode","audio_preview_url":"https:\/\/p.scdn.co\/mp3-preview\/ec9d40595aac219180e1082aacd13b24710aecff","resume_point":{"resume_position_ms":0,"fully_played":false},"explicit":true,"duration_ms":10466175,"release_date":"2020-08-06","images":[{"width":640,"url":"https:\/\/i.scdn.co\/image\/f540d1009c00abb3ebc00ba40e3eccf55e422b09","height":640},{"width":640,"url":"https:\/\/i.scdn.co\/image\/f540d1009c00abb3ebc00ba40e3eccf55e422b09","height":640},{"width":300,"url":"https:\/\/i.scdn.co\/image\/e0dc3ecddee8a4790e4e8e9a553cd5335998a0a2","height":300},{"width":64,"url":"https:\/\/i.scdn.co\/image\/7a2d3adba2888733ff4ebe3532188806ef84bbf7","height":64}],"name":"#1521 - Josh Dubin & Jason Flom","external_urls":{"spotify":"https:\/\/open.spotify.com\/episode\/6Ev4gmWsNrBn8gSPomXrhK"}},{"id":"4LPSLCuyfNeKtThjJAATiE","description":"Dr. Debra Soh is a former sex researcher, neuroscientist, columnist, and podcast host. Her new book The End of Gender: Debunking the Myths about Sex and Identity in Our Society is now available. ","languages":["en-US"],"is_playable":true,"uri":"spotify:episode:4LPSLCuyfNeKtThjJAATiE","href":"https:\/\/api.spotify.com\/v1\/episodes\/4LPSLCuyfNeKtThjJAATiE","release_date_precision":"day","is_externally_hosted":false,"type":"episode","audio_preview_url":"https:\/\/p.scdn.co\/mp3-preview\/cf3623188ee8ad2d1eb1a5f562693688c706730b","resume_point":{"resume_position_ms":0,"fully_played":false},"explicit":true,"duration_ms":7310016,"release_date":"2020-08-05","images":[{"width":640,"url":"https:\/\/i.scdn.co\/image\/f540d1009c00abb3ebc00ba40e3eccf55e422b09","height":640},{"width":640,"url":"https:\/\/i.scdn.co\/image\/f540d1009c00abb3ebc00ba40e3eccf55e422b09","height":640},{"width":300,"url":"https:\/\/i.scdn.co\/image\/e0dc3ecddee8a4790e4e8e9a553cd5335998a0a2","height":300},{"width":64,"url":"https:\/\/i.scdn.co\/image\/7a2d3adba2888733ff4ebe3532188806ef84bbf7","height":64}],"name":"#1520 - Dr. Debra Soh","external_urls":{"spotify":"https:\/\/open.spotify.com\/episode\/4LPSLCuyfNeKtThjJAATiE"}},{"id":"775wRD0pCMuVYlQGOmQh8q","description":"Mike Baker is a former CIA covert operations officer. Currently he is the president of Diligence LLC, a global intelligence and security firm. His new show \"Black Files Declassified\" is now available on the Science Channel. ","languages":["en-US"],"is_playable":true,"uri":"spotify:episode:775wRD0pCMuVYlQGOmQh8q","href":"https:\/\/api.spotify.com\/v1\/episodes\/775wRD0pCMuVYlQGOmQh8q","release_date_precision":"day","is_externally_hosted":false,"type":"episode","audio_preview_url":"https:\/\/p.scdn.co\/mp3-preview\/00f07065373efb8408be1a531bfeea829aa5acc9","resume_point":{"resume_position_ms":0,"fully_played":false},"explicit":true,"duration_ms":9889897,"release_date":"2020-08-04","images":[{"width":640,"url":"https:\/\/i.scdn.co\/image\/f540d1009c00abb3ebc00ba40e3eccf55e422b09","height":640},{"width":640,"url":"https:\/\/i.scdn.co\/image\/f540d1009c00abb3ebc00ba40e3eccf55e422b09","height":640},{"width":300,"url":"https:\/\/i.scdn.co\/image\/e0dc3ecddee8a4790e4e8e9a553cd5335998a0a2","height":300},{"width":64,"url":"https:\/\/i.scdn.co\/image\/7a2d3adba2888733ff4ebe3532188806ef84bbf7","height":64}],"name":"#1519 - Mike Baker","external_urls":{"spotify":"https:\/\/open.spotify.com\/episode\/775wRD0pCMuVYlQGOmQh8q"}},{"id":"0Or5eC0ReXHrLgf3X6Olg4","description":"David Choe is an American painter, muralist, explorer, adventurer, podcaster, graffiti artist and graphic novelist from Los Angeles, CA. ","languages":["en-US"],"is_playable":true,"uri":"spotify:episode:0Or5eC0ReXHrLgf3X6Olg4","href":"https:\/\/api.spotify.com\/v1\/episodes\/0Or5eC0ReXHrLgf3X6Olg4","release_date_precision":"day","is_externally_hosted":false,"type":"episode","audio_preview_url":"https:\/\/p.scdn.co\/mp3-preview\/42051faaef01ba249edb9f6cab652b155cdb61a0","resume_point":{"resume_position_ms":0,"fully_played":false},"explicit":true,"duration_ms":13898153,"release_date":"2020-07-31","images":[{"width":640,"url":"https:\/\/i.scdn.co\/image\/f540d1009c00abb3ebc00ba40e3eccf55e422b09","height":640},{"width":640,"url":"https:\/\/i.scdn.co\/image\/f540d1009c00abb3ebc00ba40e3eccf55e422b09","height":640},{"width":300,"url":"https:\/\/i.scdn.co\/image\/e0dc3ecddee8a4790e4e8e9a553cd5335998a0a2","height":300},{"width":64,"url":"https:\/\/i.scdn.co\/image\/7a2d3adba2888733ff4ebe3532188806ef84bbf7","height":64}],"name":"#1518 - David Choe","external_urls":{"spotify":"https:\/\/open.spotify.com\/episode\/0Or5eC0ReXHrLgf3X6Olg4"}},{"id":"01A5ICPmRS5edQeMIB71wn","description":"Nancy Panza, Ph.D, is a Professor of Psychology at Cal State Fullerton. She has also worked within county, state, and federal facilities providing clinical and forensic services for juvenile and adult offenders and has provided services for police departments in New York City, Alabama, and Southern California. ","languages":["en-US"],"is_playable":true,"uri":"spotify:episode:01A5ICPmRS5edQeMIB71wn","href":"https:\/\/api.spotify.com\/v1\/episodes\/01A5ICPmRS5edQeMIB71wn","release_date_precision":"day","is_externally_hosted":false,"type":"episode","audio_preview_url":"https:\/\/p.scdn.co\/mp3-preview\/23d6e73e8745022c53a767040180895cf796e430","resume_point":{"resume_position_ms":0,"fully_played":false},"explicit":true,"duration_ms":6892457,"release_date":"2020-07-30","images":[{"width":640,"url":"https:\/\/i.scdn.co\/image\/f540d1009c00abb3ebc00ba40e3eccf55e422b09","height":640},{"width":640,"url":"https:\/\/i.scdn.co\/image\/f540d1009c00abb3ebc00ba40e3eccf55e422b09","height":640},{"width":300,"url":"https:\/\/i.scdn.co\/image\/e0dc3ecddee8a4790e4e8e9a553cd5335998a0a2","height":300},{"width":64,"url":"https:\/\/i.scdn.co\/image\/7a2d3adba2888733ff4ebe3532188806ef84bbf7","height":64}],"name":"#1517 - Nancy Panza","external_urls":{"spotify":"https:\/\/open.spotify.com\/episode\/01A5ICPmRS5edQeMIB71wn"}},{"id":"4AXFY38xsny7zkvPiOC0AE","description":"Post Malone is a singer-songwriter, rapper and record producer. ","languages":["en-US"],"is_playable":true,"uri":"spotify:episode:4AXFY38xsny7zkvPiOC0AE","href":"https:\/\/api.spotify.com\/v1\/episodes\/4AXFY38xsny7zkvPiOC0AE","release_date_precision":"day","is_externally_hosted":false,"type":"episode","audio_preview_url":"https:\/\/p.scdn.co\/mp3-preview\/364d67c81967c6db0d0eeb558f7626a9447298dc","resume_point":{"resume_position_ms":0,"fully_played":false},"explicit":true,"duration_ms":3439956,"release_date":"2020-07-29","images":[{"width":640,"url":"https:\/\/i.scdn.co\/image\/f540d1009c00abb3ebc00ba40e3eccf55e422b09","height":640},{"width":640,"url":"https:\/\/i.scdn.co\/image\/f540d1009c00abb3ebc00ba40e3eccf55e422b09","height":640},{"width":300,"url":"https:\/\/i.scdn.co\/image\/e0dc3ecddee8a4790e4e8e9a553cd5335998a0a2","height":300},{"width":64,"url":"https:\/\/i.scdn.co\/image\/7a2d3adba2888733ff4ebe3532188806ef84bbf7","height":64}],"name":"#1516 - Post Malone","external_urls":{"spotify":"https:\/\/open.spotify.com\/episode\/4AXFY38xsny7zkvPiOC0AE"}},{"id":"5tGqvxmKwyQO9N2RiD5HOo","description":"Dr. Bradley Garrett is an American social and cultural geographer at University College Dublin in Ireland and a writer for The Guardian newspaper in the United Kingdom. His new book \"Bunker: Building for the End Times\" is now available. ","languages":["en-US"],"is_playable":true,"uri":"spotify:episode:5tGqvxmKwyQO9N2RiD5HOo","href":"https:\/\/api.spotify.com\/v1\/episodes\/5tGqvxmKwyQO9N2RiD5HOo","release_date_precision":"day","is_externally_hosted":false,"type":"episode","audio_preview_url":"https:\/\/p.scdn.co\/mp3-preview\/3971b3b981b6a5617feb12d7f5f38da558061175","resume_point":{"resume_position_ms":0,"fully_played":false},"explicit":true,"duration_ms":9750015,"release_date":"2020-07-28","images":[{"width":640,"url":"https:\/\/i.scdn.co\/image\/f540d1009c00abb3ebc00ba40e3eccf55e422b09","height":640},{"width":640,"url":"https:\/\/i.scdn.co\/image\/f540d1009c00abb3ebc00ba40e3eccf55e422b09","height":640},{"width":300,"url":"https:\/\/i.scdn.co\/image\/e0dc3ecddee8a4790e4e8e9a553cd5335998a0a2","height":300},{"width":64,"url":"https:\/\/i.scdn.co\/image\/7a2d3adba2888733ff4ebe3532188806ef84bbf7","height":64}],"name":"#1515 - Dr. Bradley Garrett","external_urls":{"spotify":"https:\/\/open.spotify.com\/episode\/5tGqvxmKwyQO9N2RiD5HOo"}},{"id":"5OwcTg3qUWupSHKgjQaarf","description":"Joe De Sena is the CEO and founder of \"Spartan\" and the \"Death Race\". He is also a NY Times best selling author of \"Spartan Up\", \"Spartan Fit\" and \"The Spartan Way\". ","languages":["en-US"],"is_playable":true,"uri":"spotify:episode:5OwcTg3qUWupSHKgjQaarf","href":"https:\/\/api.spotify.com\/v1\/episodes\/5OwcTg3qUWupSHKgjQaarf","release_date_precision":"day","is_externally_hosted":false,"type":"episode","audio_preview_url":"https:\/\/p.scdn.co\/mp3-preview\/a3d183121cbddf448961900cfbd5e44399c9cbe5","resume_point":{"resume_position_ms":0,"fully_played":false},"explicit":true,"duration_ms":8953919,"release_date":"2020-07-24","images":[{"width":640,"url":"https:\/\/i.scdn.co\/image\/f540d1009c00abb3ebc00ba40e3eccf55e422b09","height":640},{"width":640,"url":"https:\/\/i.scdn.co\/image\/f540d1009c00abb3ebc00ba40e3eccf55e422b09","height":640},{"width":300,"url":"https:\/\/i.scdn.co\/image\/e0dc3ecddee8a4790e4e8e9a553cd5335998a0a2","height":300},{"width":64,"url":"https:\/\/i.scdn.co\/image\/7a2d3adba2888733ff4ebe3532188806ef84bbf7","height":64}],"name":"#1514 - Joe De Sena","external_urls":{"spotify":"https:\/\/open.spotify.com\/episode\/5OwcTg3qUWupSHKgjQaarf"}},{"id":"1HnJSVAxlfZVREkojSJ39c","description":"Andrew Huberman is a neuroscientist and tenured professor in the Department of Neurobiology at the Stanford University School of Medicine. He has made numerous important contributions to the fields of brain development, brain plasticity, and neural regeneration and repair. ","languages":["en-US"],"is_playable":true,"uri":"spotify:episode:1HnJSVAxlfZVREkojSJ39c","href":"https:\/\/api.spotify.com\/v1\/episodes\/1HnJSVAxlfZVREkojSJ39c","release_date_precision":"day","is_externally_hosted":false,"type":"episode","audio_preview_url":"https:\/\/p.scdn.co\/mp3-preview\/2e7c3659a2f5d1a8f89d635abd214c0b3165022e","resume_point":{"resume_position_ms":0,"fully_played":false},"explicit":true,"duration_ms":9885225,"release_date":"2020-07-23","images":[{"width":640,"url":"https:\/\/i.scdn.co\/image\/f540d1009c00abb3ebc00ba40e3eccf55e422b09","height":640},{"width":640,"url":"https:\/\/i.scdn.co\/image\/f540d1009c00abb3ebc00ba40e3eccf55e422b09","height":640},{"width":300,"url":"https:\/\/i.scdn.co\/image\/e0dc3ecddee8a4790e4e8e9a553cd5335998a0a2","height":300},{"width":64,"url":"https:\/\/i.scdn.co\/image\/7a2d3adba2888733ff4ebe3532188806ef84bbf7","height":64}],"name":"#1513 - Andrew Huberman","external_urls":{"spotify":"https:\/\/open.spotify.com\/episode\/1HnJSVAxlfZVREkojSJ39c"}},{"id":"1sDA4R55FhTRgOPPMnP304","description":"Ben Shapiro is editor-in-chief of the Daily Wire, syndicated columnist, and host of “The Ben Shapiro Show”, available on Spotify. His new book \"How to Destroy America in Three Easy Steps\" is available now everywhere. ","languages":["en-US"],"is_playable":true,"uri":"spotify:episode:1sDA4R55FhTRgOPPMnP304","href":"https:\/\/api.spotify.com\/v1\/episodes\/1sDA4R55FhTRgOPPMnP304","release_date_precision":"day","is_externally_hosted":false,"type":"episode","audio_preview_url":"https:\/\/p.scdn.co\/mp3-preview\/3542956631a914f733567540b1da4d5bfd562a16","resume_point":{"resume_position_ms":0,"fully_played":false},"explicit":true,"duration_ms":6210388,"release_date":"2020-07-22","images":[{"width":640,"url":"https:\/\/i.scdn.co\/image\/f540d1009c00abb3ebc00ba40e3eccf55e422b09","height":640},{"width":640,"url":"https:\/\/i.scdn.co\/image\/f540d1009c00abb3ebc00ba40e3eccf55e422b09","height":640},{"width":300,"url":"https:\/\/i.scdn.co\/image\/e0dc3ecddee8a4790e4e8e9a553cd5335998a0a2","height":300},{"width":64,"url":"https:\/\/i.scdn.co\/image\/7a2d3adba2888733ff4ebe3532188806ef84bbf7","height":64}],"name":"#1512 - Ben Shapiro","external_urls":{"spotify":"https:\/\/open.spotify.com\/episode\/1sDA4R55FhTRgOPPMnP304"}},{"id":"7FSBVWcoBJabEVN6nzOstn","description":"Oliver Stone is an award-winning director, producer, screenwriter, and author. His memoir \"Chasing the Light\" is now available. ","languages":["en-US"],"is_playable":true,"uri":"spotify:episode:7FSBVWcoBJabEVN6nzOstn","href":"https:\/\/api.spotify.com\/v1\/episodes\/7FSBVWcoBJabEVN6nzOstn","release_date_precision":"day","is_externally_hosted":false,"type":"episode","audio_preview_url":"https:\/\/p.scdn.co\/mp3-preview\/b26df2e088a622d61c2f9e234dea703186b0c517","resume_point":{"resume_position_ms":0,"fully_played":false},"explicit":true,"duration_ms":6207380,"release_date":"2020-07-21","images":[{"width":640,"url":"https:\/\/i.scdn.co\/image\/f540d1009c00abb3ebc00ba40e3eccf55e422b09","height":640},{"width":640,"url":"https:\/\/i.scdn.co\/image\/f540d1009c00abb3ebc00ba40e3eccf55e422b09","height":640},{"width":300,"url":"https:\/\/i.scdn.co\/image\/e0dc3ecddee8a4790e4e8e9a553cd5335998a0a2","height":300},{"width":64,"url":"https:\/\/i.scdn.co\/image\/7a2d3adba2888733ff4ebe3532188806ef84bbf7","height":64}],"name":"#1511 - Oliver Stone","external_urls":{"spotify":"https:\/\/open.spotify.com\/episode\/7FSBVWcoBJabEVN6nzOstn"}},{"id":"3RIsqi1Axn6zPGd0IpCRgf","description":"George Knapp is an author, speaker, and the chief investigative reporter at KLAS TV in Las Vegas, NV. Jeremy Corbell is a contemporary artist and documentary filmmaker. ","languages":["en-US"],"is_playable":true,"uri":"spotify:episode:3RIsqi1Axn6zPGd0IpCRgf","href":"https:\/\/api.spotify.com\/v1\/episodes\/3RIsqi1Axn6zPGd0IpCRgf","release_date_precision":"day","is_externally_hosted":false,"type":"episode","audio_preview_url":"https:\/\/p.scdn.co\/mp3-preview\/5a17323082c72ea3cf53f340f6918bc0d55f84f2","resume_point":{"resume_position_ms":0,"fully_played":false},"explicit":true,"duration_ms":10559657,"release_date":"2020-07-17","images":[{"width":640,"url":"https:\/\/i.scdn.co\/image\/f540d1009c00abb3ebc00ba40e3eccf55e422b09","height":640},{"width":640,"url":"https:\/\/i.scdn.co\/image\/f540d1009c00abb3ebc00ba40e3eccf55e422b09","height":640},{"width":300,"url":"https:\/\/i.scdn.co\/image\/e0dc3ecddee8a4790e4e8e9a553cd5335998a0a2","height":300},{"width":64,"url":"https:\/\/i.scdn.co\/image\/7a2d3adba2888733ff4ebe3532188806ef84bbf7","height":64}],"name":"#1510 - George Knapp and Jeremy Corbell","external_urls":{"spotify":"https:\/\/open.spotify.com\/episode\/3RIsqi1Axn6zPGd0IpCRgf"}},{"id":"4SIh4Pt39AtGQYzMJMNkv1","description":"Abigail Shrier is an author, journalist, and writer for the Wall Street Journal. Her new book \"Irreversible Damage: The Transgender Craze Seducing Our Daughters\" is available now. ","languages":["en-US"],"is_playable":true,"uri":"spotify:episode:4SIh4Pt39AtGQYzMJMNkv1","href":"https:\/\/api.spotify.com\/v1\/episodes\/4SIh4Pt39AtGQYzMJMNkv1","release_date_precision":"day","is_externally_hosted":false,"type":"episode","audio_preview_url":"https:\/\/p.scdn.co\/mp3-preview\/0879da4dea538ee9b73738f102a7b842cd405fee","resume_point":{"resume_position_ms":0,"fully_played":false},"explicit":true,"duration_ms":6329876,"release_date":"2020-07-16","images":[{"width":640,"url":"https:\/\/i.scdn.co\/image\/f540d1009c00abb3ebc00ba40e3eccf55e422b09","height":640},{"width":640,"url":"https:\/\/i.scdn.co\/image\/f540d1009c00abb3ebc00ba40e3eccf55e422b09","height":640},{"width":300,"url":"https:\/\/i.scdn.co\/image\/e0dc3ecddee8a4790e4e8e9a553cd5335998a0a2","height":300},{"width":64,"url":"https:\/\/i.scdn.co\/image\/7a2d3adba2888733ff4ebe3532188806ef84bbf7","height":64}],"name":"#1509 - Abigail Shrier","external_urls":{"spotify":"https:\/\/open.spotify.com\/episode\/4SIh4Pt39AtGQYzMJMNkv1"}},{"id":"5jltMsiPKkUHEds5aBTSKz","description":"Peter Schiff is an American businessman, investment broker, author and financial commentator. Schiff is CEO and chief global strategist of Euro Pacific Capital Inc. He also hosts his own podcast called “The Peter Schiff Podcast” available on Spotify. ","languages":["en-US"],"is_playable":true,"uri":"spotify:episode:5jltMsiPKkUHEds5aBTSKz","href":"https:\/\/api.spotify.com\/v1\/episodes\/5jltMsiPKkUHEds5aBTSKz","release_date_precision":"day","is_externally_hosted":false,"type":"episode","audio_preview_url":"https:\/\/p.scdn.co\/mp3-preview\/a240766b9b2050539b8d9f21266b728c8a8c4dc9","resume_point":{"resume_position_ms":0,"fully_played":false},"explicit":true,"duration_ms":11057110,"release_date":"2020-07-15","images":[{"width":640,"url":"https:\/\/i.scdn.co\/image\/f540d1009c00abb3ebc00ba40e3eccf55e422b09","height":640},{"width":640,"url":"https:\/\/i.scdn.co\/image\/f540d1009c00abb3ebc00ba40e3eccf55e422b09","height":640},{"width":300,"url":"https:\/\/i.scdn.co\/image\/e0dc3ecddee8a4790e4e8e9a553cd5335998a0a2","height":300},{"width":64,"url":"https:\/\/i.scdn.co\/image\/7a2d3adba2888733ff4ebe3532188806ef84bbf7","height":64}],"name":"#1508 - Peter Schiff","external_urls":{"spotify":"https:\/\/open.spotify.com\/episode\/5jltMsiPKkUHEds5aBTSKz"}},{"id":"4zQ0IbAOtQ9XDjFSFM7nYv","description":"Bob Saget is a stand-up comedian, actor, television host and director. His new podcast is \"Bob Saget's Here For You\" is available now on Spotify. ","languages":["en-US"],"is_playable":true,"uri":"spotify:episode:4zQ0IbAOtQ9XDjFSFM7nYv","href":"https:\/\/api.spotify.com\/v1\/episodes\/4zQ0IbAOtQ9XDjFSFM7nYv","release_date_precision":"day","is_externally_hosted":false,"type":"episode","audio_preview_url":"https:\/\/p.scdn.co\/mp3-preview\/686281ae4e5c95bc63f592a52b7015475314e8e5","resume_point":{"resume_position_ms":0,"fully_played":false},"explicit":true,"duration_ms":9205673,"release_date":"2020-07-14","images":[{"width":640,"url":"https:\/\/i.scdn.co\/image\/f540d1009c00abb3ebc00ba40e3eccf55e422b09","height":640},{"width":640,"url":"https:\/\/i.scdn.co\/image\/f540d1009c00abb3ebc00ba40e3eccf55e422b09","height":640},{"width":300,"url":"https:\/\/i.scdn.co\/image\/e0dc3ecddee8a4790e4e8e9a553cd5335998a0a2","height":300},{"width":64,"url":"https:\/\/i.scdn.co\/image\/7a2d3adba2888733ff4ebe3532188806ef84bbf7","height":64}],"name":"#1507 - Bob Saget","external_urls":{"spotify":"https:\/\/open.spotify.com\/episode\/4zQ0IbAOtQ9XDjFSFM7nYv"}},{"id":"6fZMCUQevq4QWghXeGzpz3","description":"Joe is joined by Joey Diaz & Tony Hinchcliffe to watch the fights on July 11, 2020. ","languages":["en-US"],"is_playable":true,"uri":"spotify:episode:6fZMCUQevq4QWghXeGzpz3","href":"https:\/\/api.spotify.com\/v1\/episodes\/6fZMCUQevq4QWghXeGzpz3","release_date_precision":"day","is_externally_hosted":false,"type":"episode","audio_preview_url":"https:\/\/p.scdn.co\/mp3-preview\/77fe5688fd07e4b025220ddf5bd5ebf31b8395df","resume_point":{"resume_position_ms":0,"fully_played":false},"explicit":true,"duration_ms":13842994,"release_date":"2020-07-13","images":[{"width":640,"url":"https:\/\/i.scdn.co\/image\/f540d1009c00abb3ebc00ba40e3eccf55e422b09","height":640},{"width":640,"url":"https:\/\/i.scdn.co\/image\/f540d1009c00abb3ebc00ba40e3eccf55e422b09","height":640},{"width":300,"url":"https:\/\/i.scdn.co\/image\/e0dc3ecddee8a4790e4e8e9a553cd5335998a0a2","height":300},{"width":64,"url":"https:\/\/i.scdn.co\/image\/7a2d3adba2888733ff4ebe3532188806ef84bbf7","height":64}],"name":"Fight Companion - July 11, 2020","external_urls":{"spotify":"https:\/\/open.spotify.com\/episode\/6fZMCUQevq4QWghXeGzpz3"}},{"id":"58Drs6tKeuq82hMTbcDC0G","description":"James Nestor is a journalist who has written for Outside magazine, Men's Journal, Scientific American, Dwell magazine, National Public Radio, The New York Times, The Atlantic, the San Francisco Chronicle magazine, and others. His new book Breath: The New Science of a Lost Art is available now: https:\/\/www.amazon.com\/Breath-New-Science-Lost-Art\/dp\/0735213615 ","languages":["en-US"],"is_playable":true,"uri":"spotify:episode:58Drs6tKeuq82hMTbcDC0G","href":"https:\/\/api.spotify.com\/v1\/episodes\/58Drs6tKeuq82hMTbcDC0G","release_date_precision":"day","is_externally_hosted":false,"type":"episode","audio_preview_url":"https:\/\/p.scdn.co\/mp3-preview\/67322681f17f0aeda737b9edaa292a475c371907","resume_point":{"resume_position_ms":0,"fully_played":false},"explicit":true,"duration_ms":6397972,"release_date":"2020-07-10","images":[{"width":640,"url":"https:\/\/i.scdn.co\/image\/f540d1009c00abb3ebc00ba40e3eccf55e422b09","height":640},{"width":640,"url":"https:\/\/i.scdn.co\/image\/f540d1009c00abb3ebc00ba40e3eccf55e422b09","height":640},{"width":300,"url":"https:\/\/i.scdn.co\/image\/e0dc3ecddee8a4790e4e8e9a553cd5335998a0a2","height":300},{"width":64,"url":"https:\/\/i.scdn.co\/image\/7a2d3adba2888733ff4ebe3532188806ef84bbf7","height":64}],"name":"#1506 - James Nestor","external_urls":{"spotify":"https:\/\/open.spotify.com\/episode\/58Drs6tKeuq82hMTbcDC0G"}},{"id":"5mBTUlb7K81Q9CzbQFdwWe","description":"Hannibal Buress is a stand-up comedian, actor, television writer and host. Look for his new special \"Miami Nights\" available now on YouTube. https:\/\/youtu.be\/kVc4-05Agf0 ","languages":["en-US"],"is_playable":true,"uri":"spotify:episode:5mBTUlb7K81Q9CzbQFdwWe","href":"https:\/\/api.spotify.com\/v1\/episodes\/5mBTUlb7K81Q9CzbQFdwWe","release_date_precision":"day","is_externally_hosted":false,"type":"episode","audio_preview_url":"https:\/\/p.scdn.co\/mp3-preview\/bb21287b6dc4af1bcbb438b754c2689a86f4e21f","resume_point":{"resume_position_ms":0,"fully_played":false},"explicit":true,"duration_ms":9274815,"release_date":"2020-07-09","images":[{"width":640,"url":"https:\/\/i.scdn.co\/image\/f540d1009c00abb3ebc00ba40e3eccf55e422b09","height":640},{"width":640,"url":"https:\/\/i.scdn.co\/image\/f540d1009c00abb3ebc00ba40e3eccf55e422b09","height":640},{"width":300,"url":"https:\/\/i.scdn.co\/image\/e0dc3ecddee8a4790e4e8e9a553cd5335998a0a2","height":300},{"width":64,"url":"https:\/\/i.scdn.co\/image\/7a2d3adba2888733ff4ebe3532188806ef84bbf7","height":64}],"name":"#1505 - Hannibal Buress","external_urls":{"spotify":"https:\/\/open.spotify.com\/episode\/5mBTUlb7K81Q9CzbQFdwWe"}},{"id":"1EVX5m90IQ7kecUpZMM6CR","description":"Dr. Alan Levinovitz is an author and Associate Professor of Religion at James Madison University. His latest book Natural: How Faith in Nature's Goodness Leads to Harmful Fads, Unjust Laws, and Flawed Science is available now. Also look for his podcast SHIFT available on Spotify. ","languages":["en-US"],"is_playable":true,"uri":"spotify:episode:1EVX5m90IQ7kecUpZMM6CR","href":"https:\/\/api.spotify.com\/v1\/episodes\/1EVX5m90IQ7kecUpZMM6CR","release_date_precision":"day","is_externally_hosted":false,"type":"episode","audio_preview_url":"https:\/\/p.scdn.co\/mp3-preview\/8506bd25c6e5a973c865d59169835630db72d801","resume_point":{"resume_position_ms":0,"fully_played":false},"explicit":true,"duration_ms":12062121,"release_date":"2020-07-08","images":[{"width":640,"url":"https:\/\/i.scdn.co\/image\/f540d1009c00abb3ebc00ba40e3eccf55e422b09","height":640},{"width":640,"url":"https:\/\/i.scdn.co\/image\/f540d1009c00abb3ebc00ba40e3eccf55e422b09","height":640},{"width":300,"url":"https:\/\/i.scdn.co\/image\/e0dc3ecddee8a4790e4e8e9a553cd5335998a0a2","height":300},{"width":64,"url":"https:\/\/i.scdn.co\/image\/7a2d3adba2888733ff4ebe3532188806ef84bbf7","height":64}],"name":"#1504 - Alan Levinovitz","external_urls":{"spotify":"https:\/\/open.spotify.com\/episode\/1EVX5m90IQ7kecUpZMM6CR"}},{"id":"2sEmSSBGzsj7oEM7lZeGXJ","description":"Josh Barnett is a mixed martial artist and professional wrestler who competes in the Heavyweight division of Bellator. ","languages":["en-US"],"is_playable":true,"uri":"spotify:episode:2sEmSSBGzsj7oEM7lZeGXJ","href":"https:\/\/api.spotify.com\/v1\/episodes\/2sEmSSBGzsj7oEM7lZeGXJ","release_date_precision":"day","is_externally_hosted":false,"type":"episode","audio_preview_url":"https:\/\/p.scdn.co\/mp3-preview\/31bb407af14c98ffcf2d4fc772d55123a89770f3","resume_point":{"resume_position_ms":0,"fully_played":false},"explicit":true,"duration_ms":10926868,"release_date":"2020-07-07","images":[{"width":640,"url":"https:\/\/i.scdn.co\/image\/f540d1009c00abb3ebc00ba40e3eccf55e422b09","height":640},{"width":640,"url":"https:\/\/i.scdn.co\/image\/f540d1009c00abb3ebc00ba40e3eccf55e422b09","height":640},{"width":300,"url":"https:\/\/i.scdn.co\/image\/e0dc3ecddee8a4790e4e8e9a553cd5335998a0a2","height":300},{"width":64,"url":"https:\/\/i.scdn.co\/image\/7a2d3adba2888733ff4ebe3532188806ef84bbf7","height":64}],"name":"#1503 - Josh Barnett","external_urls":{"spotify":"https:\/\/open.spotify.com\/episode\/2sEmSSBGzsj7oEM7lZeGXJ"}},{"id":"0Ig6kgHT2Ds2YzS6kWO5sm","description":"Russell Peters is an actor and stand up comedian. His latest stand up special \"Deported\" is now available on Amazon Prime. ","languages":["en-US"],"is_playable":true,"uri":"spotify:episode:0Ig6kgHT2Ds2YzS6kWO5sm","href":"https:\/\/api.spotify.com\/v1\/episodes\/0Ig6kgHT2Ds2YzS6kWO5sm","release_date_precision":"day","is_externally_hosted":false,"type":"episode","audio_preview_url":"https:\/\/p.scdn.co\/mp3-preview\/bc4fff55167ae5b1a273730ce6dae4d781b7bd12","resume_point":{"resume_position_ms":0,"fully_played":false},"explicit":true,"duration_ms":8927721,"release_date":"2020-07-03","images":[{"width":640,"url":"https:\/\/i.scdn.co\/image\/f540d1009c00abb3ebc00ba40e3eccf55e422b09","height":640},{"width":640,"url":"https:\/\/i.scdn.co\/image\/f540d1009c00abb3ebc00ba40e3eccf55e422b09","height":640},{"width":300,"url":"https:\/\/i.scdn.co\/image\/e0dc3ecddee8a4790e4e8e9a553cd5335998a0a2","height":300},{"width":64,"url":"https:\/\/i.scdn.co\/image\/7a2d3adba2888733ff4ebe3532188806ef84bbf7","height":64}],"name":"#1502 - Russell Peters","external_urls":{"spotify":"https:\/\/open.spotify.com\/episode\/0Ig6kgHT2Ds2YzS6kWO5sm"}},{"id":"2ZMGRSvVXv3RwMXfH7HUqx","description":"James Lindsay is an author, mathematician, and political commentator. His latest book, co-authored with Helen Pluckrose, Cynical Theories: How Activist Scholarship Made Everything about Race, Gender, and Identity―and Why This Harms Everybody will be available on August 25, 2020. ","languages":["en-US"],"is_playable":true,"uri":"spotify:episode:2ZMGRSvVXv3RwMXfH7HUqx","href":"https:\/\/api.spotify.com\/v1\/episodes\/2ZMGRSvVXv3RwMXfH7HUqx","release_date_precision":"day","is_externally_hosted":false,"type":"episode","audio_preview_url":"https:\/\/p.scdn.co\/mp3-preview\/fdc53b5c6524d0787b9613be0631d66e3157a20d","resume_point":{"resume_position_ms":0,"fully_played":false},"explicit":true,"duration_ms":10966271,"release_date":"2020-07-02","images":[{"width":640,"url":"https:\/\/i.scdn.co\/image\/f540d1009c00abb3ebc00ba40e3eccf55e422b09","height":640},{"width":640,"url":"https:\/\/i.scdn.co\/image\/f540d1009c00abb3ebc00ba40e3eccf55e422b09","height":640},{"width":300,"url":"https:\/\/i.scdn.co\/image\/e0dc3ecddee8a4790e4e8e9a553cd5335998a0a2","height":300},{"width":64,"url":"https:\/\/i.scdn.co\/image\/7a2d3adba2888733ff4ebe3532188806ef84bbf7","height":64}],"name":"#1501 - James Lindsay","external_urls":{"spotify":"https:\/\/open.spotify.com\/episode\/2ZMGRSvVXv3RwMXfH7HUqx"}},{"id":"2IstVvHQlaD4q8ywCKyUed","description":"Barbara Freese is an author, environmental attorney and a former Minnesota assistant attorney general. Her latest book Industrial-Strength Denial is now available: https:\/\/www.ucpress.edu\/book\/9780520296282\/industrial-strength-denial ","languages":["en-US"],"is_playable":true,"uri":"spotify:episode:2IstVvHQlaD4q8ywCKyUed","href":"https:\/\/api.spotify.com\/v1\/episodes\/2IstVvHQlaD4q8ywCKyUed","release_date_precision":"day","is_externally_hosted":false,"type":"episode","audio_preview_url":"https:\/\/p.scdn.co\/mp3-preview\/87bc2a3272cd86817bc0df0152264e4ecce289cb","resume_point":{"resume_position_ms":0,"fully_played":false},"explicit":true,"duration_ms":6610772,"release_date":"2020-07-01","images":[{"width":640,"url":"https:\/\/i.scdn.co\/image\/f540d1009c00abb3ebc00ba40e3eccf55e422b09","height":640},{"width":640,"url":"https:\/\/i.scdn.co\/image\/f540d1009c00abb3ebc00ba40e3eccf55e422b09","height":640},{"width":300,"url":"https:\/\/i.scdn.co\/image\/e0dc3ecddee8a4790e4e8e9a553cd5335998a0a2","height":300},{"width":64,"url":"https:\/\/i.scdn.co\/image\/7a2d3adba2888733ff4ebe3532188806ef84bbf7","height":64}],"name":"#1500 - Barbara Freese","external_urls":{"spotify":"https:\/\/open.spotify.com\/episode\/2IstVvHQlaD4q8ywCKyUed"}},{"id":"4VFiwg3KPjCeHY0qUEodaF","description":"Aron Snyder is the President at Kifaru international, and also the host of the KifaruCast podcast available on Spotify. ","languages":["en-US"],"is_playable":true,"uri":"spotify:episode:4VFiwg3KPjCeHY0qUEodaF","href":"https:\/\/api.spotify.com\/v1\/episodes\/4VFiwg3KPjCeHY0qUEodaF","release_date_precision":"day","is_externally_hosted":false,"type":"episode","audio_preview_url":"https:\/\/p.scdn.co\/mp3-preview\/461e4f04bc37a9a3082e3aa5e13671247934b884","resume_point":{"resume_position_ms":0,"fully_played":false},"explicit":true,"duration_ms":10656895,"release_date":"2020-06-30","images":[{"width":640,"url":"https:\/\/i.scdn.co\/image\/f540d1009c00abb3ebc00ba40e3eccf55e422b09","height":640},{"width":640,"url":"https:\/\/i.scdn.co\/image\/f540d1009c00abb3ebc00ba40e3eccf55e422b09","height":640},{"width":300,"url":"https:\/\/i.scdn.co\/image\/e0dc3ecddee8a4790e4e8e9a553cd5335998a0a2","height":300},{"width":64,"url":"https:\/\/i.scdn.co\/image\/7a2d3adba2888733ff4ebe3532188806ef84bbf7","height":64}],"name":"#1499 - Aron Snyder","external_urls":{"spotify":"https:\/\/open.spotify.com\/episode\/4VFiwg3KPjCeHY0qUEodaF"}},{"id":"6oliztzBe7AEO3y6az1FMY","description":"Jon Stewart is a comedian, director, writer, producer, activist, and television host. He's the director fo the new film \"Irresistible\" that releases on June 26, 2020. ","languages":["en-US"],"is_playable":true,"uri":"spotify:episode:6oliztzBe7AEO3y6az1FMY","href":"https:\/\/api.spotify.com\/v1\/episodes\/6oliztzBe7AEO3y6az1FMY","release_date_precision":"day","is_externally_hosted":false,"type":"episode","audio_preview_url":"https:\/\/p.scdn.co\/mp3-preview\/3f5e08c1a7b2bcf4501db4f94c300a5333bce88b","resume_point":{"resume_position_ms":0,"fully_played":false},"explicit":true,"duration_ms":5029055,"release_date":"2020-06-26","images":[{"width":640,"url":"https:\/\/i.scdn.co\/image\/f540d1009c00abb3ebc00ba40e3eccf55e422b09","height":640},{"width":640,"url":"https:\/\/i.scdn.co\/image\/f540d1009c00abb3ebc00ba40e3eccf55e422b09","height":640},{"width":300,"url":"https:\/\/i.scdn.co\/image\/e0dc3ecddee8a4790e4e8e9a553cd5335998a0a2","height":300},{"width":64,"url":"https:\/\/i.scdn.co\/image\/7a2d3adba2888733ff4ebe3532188806ef84bbf7","height":64}],"name":"#1498 - Jon Stewart","external_urls":{"spotify":"https:\/\/open.spotify.com\/episode\/6oliztzBe7AEO3y6az1FMY"}},{"id":"1GfV9GklavPod4D4t4QIZt","description":"Joe Schilling is an American Muay Thai kickboxer and MMA fighter who competes in the super middleweight and light heavyweight and the Middleweight division of Bellator MMA. ","languages":["en-US"],"is_playable":true,"uri":"spotify:episode:1GfV9GklavPod4D4t4QIZt","href":"https:\/\/api.spotify.com\/v1\/episodes\/1GfV9GklavPod4D4t4QIZt","release_date_precision":"day","is_externally_hosted":false,"type":"episode","audio_preview_url":"https:\/\/p.scdn.co\/mp3-preview\/7f53329d5e8ea5753963dfd2d8d6a72c66ab4fa4","resume_point":{"resume_position_ms":0,"fully_played":false},"explicit":true,"duration_ms":10467796,"release_date":"2020-06-25","images":[{"width":640,"url":"https:\/\/i.scdn.co\/image\/f540d1009c00abb3ebc00ba40e3eccf55e422b09","height":640},{"width":640,"url":"https:\/\/i.scdn.co\/image\/f540d1009c00abb3ebc00ba40e3eccf55e422b09","height":640},{"width":300,"url":"https:\/\/i.scdn.co\/image\/e0dc3ecddee8a4790e4e8e9a553cd5335998a0a2","height":300},{"width":64,"url":"https:\/\/i.scdn.co\/image\/7a2d3adba2888733ff4ebe3532188806ef84bbf7","height":64}],"name":"#1497 - Joe Schilling","external_urls":{"spotify":"https:\/\/open.spotify.com\/episode\/1GfV9GklavPod4D4t4QIZt"}},{"id":"1faTLxEKNZDVinwS9rO2YP","description":"Colion Noir is a gun rights activist, lawyer, member of the National Rifle Association. ","languages":["en-US"],"is_playable":true,"uri":"spotify:episode:1faTLxEKNZDVinwS9rO2YP","href":"https:\/\/api.spotify.com\/v1\/episodes\/1faTLxEKNZDVinwS9rO2YP","release_date_precision":"day","is_externally_hosted":false,"type":"episode","audio_preview_url":"https:\/\/p.scdn.co\/mp3-preview\/75f9809fad7e714f9e74f47fa7a2c57a0a7d536a","resume_point":{"resume_position_ms":0,"fully_played":false},"explicit":true,"duration_ms":10463572,"release_date":"2020-06-23","images":[{"width":640,"url":"https:\/\/i.scdn.co\/image\/f540d1009c00abb3ebc00ba40e3eccf55e422b09","height":640},{"width":640,"url":"https:\/\/i.scdn.co\/image\/f540d1009c00abb3ebc00ba40e3eccf55e422b09","height":640},{"width":300,"url":"https:\/\/i.scdn.co\/image\/e0dc3ecddee8a4790e4e8e9a553cd5335998a0a2","height":300},{"width":64,"url":"https:\/\/i.scdn.co\/image\/7a2d3adba2888733ff4ebe3532188806ef84bbf7","height":64}],"name":"#1496 - Colion Noir","external_urls":{"spotify":"https:\/\/open.spotify.com\/episode\/1faTLxEKNZDVinwS9rO2YP"}},{"id":"1VaVHqBgg8Joua3ITxjRIv","description":"Kyle Dunnigan is a writer, actor and comedian. Check out his hilarious Instagram page: https:\/\/www.instagram.com\/kyledunnigan1\/ ","languages":["en-US"],"is_playable":true,"uri":"spotify:episode:1VaVHqBgg8Joua3ITxjRIv","href":"https:\/\/api.spotify.com\/v1\/episodes\/1VaVHqBgg8Joua3ITxjRIv","release_date_precision":"day","is_externally_hosted":false,"type":"episode","audio_preview_url":"https:\/\/p.scdn.co\/mp3-preview\/334a285e049fef459b373a062d7bb100016cb7f0","resume_point":{"resume_position_ms":0,"fully_played":false},"explicit":true,"duration_ms":12145641,"release_date":"2020-06-19","images":[{"width":640,"url":"https:\/\/i.scdn.co\/image\/f540d1009c00abb3ebc00ba40e3eccf55e422b09","height":640},{"width":640,"url":"https:\/\/i.scdn.co\/image\/f540d1009c00abb3ebc00ba40e3eccf55e422b09","height":640},{"width":300,"url":"https:\/\/i.scdn.co\/image\/e0dc3ecddee8a4790e4e8e9a553cd5335998a0a2","height":300},{"width":64,"url":"https:\/\/i.scdn.co\/image\/7a2d3adba2888733ff4ebe3532188806ef84bbf7","height":64}],"name":"#1495 - Kyle Dunnigan","external_urls":{"spotify":"https:\/\/open.spotify.com\/episode\/1VaVHqBgg8Joua3ITxjRIv"}},{"id":"7h7IQbsEui8KPhTKdtkUO6","description":"Bret Weinstein was a biology professor at Evergreen State College in Olympia, WA. He is now hosting \"Bret Weinstein's Dark Horse Podcast\" available on Spotify. ","languages":["en-US"],"is_playable":true,"uri":"spotify:episode:7h7IQbsEui8KPhTKdtkUO6","href":"https:\/\/api.spotify.com\/v1\/episodes\/7h7IQbsEui8KPhTKdtkUO6","release_date_precision":"day","is_externally_hosted":false,"type":"episode","audio_preview_url":"https:\/\/p.scdn.co\/mp3-preview\/9a401259d997e7046e68fc007057b3e0b1915769","resume_point":{"resume_position_ms":0,"fully_played":false},"explicit":true,"duration_ms":11208276,"release_date":"2020-06-18","images":[{"width":640,"url":"https:\/\/i.scdn.co\/image\/f540d1009c00abb3ebc00ba40e3eccf55e422b09","height":640},{"width":640,"url":"https:\/\/i.scdn.co\/image\/f540d1009c00abb3ebc00ba40e3eccf55e422b09","height":640},{"width":300,"url":"https:\/\/i.scdn.co\/image\/e0dc3ecddee8a4790e4e8e9a553cd5335998a0a2","height":300},{"width":64,"url":"https:\/\/i.scdn.co\/image\/7a2d3adba2888733ff4ebe3532188806ef84bbf7","height":64}],"name":"#1494 - Bret Weinstein","external_urls":{"spotify":"https:\/\/open.spotify.com\/episode\/7h7IQbsEui8KPhTKdtkUO6"}},{"id":"2tbaqio2Dkhwvh4lHL87Ig","description":"Steve Schirripa & Michael Imperioli were co-stars on the HBO show The Sopranos, and are now together hosting a re-watch podcast called \"Talking Sopranos\" that is available now on Spotify. ","languages":["en-US"],"is_playable":true,"uri":"spotify:episode:2tbaqio2Dkhwvh4lHL87Ig","href":"https:\/\/api.spotify.com\/v1\/episodes\/2tbaqio2Dkhwvh4lHL87Ig","release_date_precision":"day","is_externally_hosted":false,"type":"episode","audio_preview_url":"https:\/\/p.scdn.co\/mp3-preview\/992292986e0a3388f79f7c0ecdaf09b2d5a53382","resume_point":{"resume_position_ms":0,"fully_played":false},"explicit":true,"duration_ms":9189759,"release_date":"2020-06-17","images":[{"width":640,"url":"https:\/\/i.scdn.co\/image\/f540d1009c00abb3ebc00ba40e3eccf55e422b09","height":640},{"width":640,"url":"https:\/\/i.scdn.co\/image\/f540d1009c00abb3ebc00ba40e3eccf55e422b09","height":640},{"width":300,"url":"https:\/\/i.scdn.co\/image\/e0dc3ecddee8a4790e4e8e9a553cd5335998a0a2","height":300},{"width":64,"url":"https:\/\/i.scdn.co\/image\/7a2d3adba2888733ff4ebe3532188806ef84bbf7","height":64}],"name":"#1493 - Steve Schirripa & Michael Imperioli","external_urls":{"spotify":"https:\/\/open.spotify.com\/episode\/2tbaqio2Dkhwvh4lHL87Ig"}},{"id":"4LpD0kERg5Oo7YdM7drq5u","description":"Jocko Willink is a decorated retired Navy SEAL officer, author of the book Extreme Ownership: How U.S. Navy SEALs Lead and Win, and co-founder of Echelon Front, where he is a leadership instructor, speaker, and executive coach. His podcast, The Jocko Podcast, is also available on Spotify. ","languages":["en-US"],"is_playable":true,"uri":"spotify:episode:4LpD0kERg5Oo7YdM7drq5u","href":"https:\/\/api.spotify.com\/v1\/episodes\/4LpD0kERg5Oo7YdM7drq5u","release_date_precision":"day","is_externally_hosted":false,"type":"episode","audio_preview_url":"https:\/\/p.scdn.co\/mp3-preview\/a11dc17da0be37f287090e6b6c19dac81ac5b399","resume_point":{"resume_position_ms":0,"fully_played":false},"explicit":true,"duration_ms":10593599,"release_date":"2020-06-16","images":[{"width":640,"url":"https:\/\/i.scdn.co\/image\/f540d1009c00abb3ebc00ba40e3eccf55e422b09","height":640},{"width":640,"url":"https:\/\/i.scdn.co\/image\/f540d1009c00abb3ebc00ba40e3eccf55e422b09","height":640},{"width":300,"url":"https:\/\/i.scdn.co\/image\/e0dc3ecddee8a4790e4e8e9a553cd5335998a0a2","height":300},{"width":64,"url":"https:\/\/i.scdn.co\/image\/7a2d3adba2888733ff4ebe3532188806ef84bbf7","height":64}],"name":"#1492 - Jocko Willink","external_urls":{"spotify":"https:\/\/open.spotify.com\/episode\/4LpD0kERg5Oo7YdM7drq5u"}},{"id":"3pV1PEGGZHMM8LXLBZT2pL","description":"Bill Burr is a standup comedian and also hosts his own podcast called “The Monday Morning Podcast”. Look for him in the new film \"The King of Staten Island\" available for streaming everywhere, and also on the 4th season of his show \"F Is for Family\" streaming only on Netflix, both available on June 12. ","languages":["en-US"],"is_playable":true,"uri":"spotify:episode:3pV1PEGGZHMM8LXLBZT2pL","href":"https:\/\/api.spotify.com\/v1\/episodes\/3pV1PEGGZHMM8LXLBZT2pL","release_date_precision":"day","is_externally_hosted":false,"type":"episode","audio_preview_url":"https:\/\/p.scdn.co\/mp3-preview\/4390a024d49f36d1125024d4a13c0b295268242d","resume_point":{"resume_position_ms":0,"fully_played":false},"explicit":true,"duration_ms":10929492,"release_date":"2020-06-12","images":[{"width":640,"url":"https:\/\/i.scdn.co\/image\/f540d1009c00abb3ebc00ba40e3eccf55e422b09","height":640},{"width":640,"url":"https:\/\/i.scdn.co\/image\/f540d1009c00abb3ebc00ba40e3eccf55e422b09","height":640},{"width":300,"url":"https:\/\/i.scdn.co\/image\/e0dc3ecddee8a4790e4e8e9a553cd5335998a0a2","height":300},{"width":64,"url":"https:\/\/i.scdn.co\/image\/7a2d3adba2888733ff4ebe3532188806ef84bbf7","height":64}],"name":"#1491 - Bill Burr","external_urls":{"spotify":"https:\/\/open.spotify.com\/episode\/3pV1PEGGZHMM8LXLBZT2pL"}}],"href":"https:\/\/api.spotify.com\/v1\/shows\/4rOoJ6Egrf8K2IrywzwOMk\/episodes?offset=0&limit=50","next":"https:\/\/api.spotify.com\/v1\/shows\/4rOoJ6Egrf8K2IrywzwOMk\/episodes?offset=50&limit=50","limit":50},"available_markets":["AD","AE","AL","AR","AT","AU","BA","BE","BG","BH","BO","BR","CA","CH","CL","CO","CR","CY","CZ","DE","DK","DO","DZ","EC","EE","ES","FI","FR","GB","GR","GT","HK","HN","HR","HU","ID","IE","IL","IN","IS","IT","JO","JP","KW","LB","LI","LT","LU","LV","MA","MC","ME","MK","MT","MX","MY","NI","NL","NO","NZ","OM","PA","PE","PH","PL","PS","PT","PY","QA","RO","RS","SE","SG","SI","SK","SV","TH","TN","TR","TW","US","UY","VN","XK","ZA"],"is_externally_hosted":false,"copyrights":[],"explicit":true,"publisher":"Joe Rogan","type":"show","images":[{"width":640,"url":"https:\/\/i.scdn.co\/image\/f540d1009c00abb3ebc00ba40e3eccf55e422b09","height":640},{"width":300,"url":"https:\/\/i.scdn.co\/image\/e0dc3ecddee8a4790e4e8e9a553cd5335998a0a2","height":300},{"width":64,"url":"https:\/\/i.scdn.co\/image\/7a2d3adba2888733ff4ebe3532188806ef84bbf7","height":64}],"external_urls":{"spotify":"https:\/\/open.spotify.com\/show\/4rOoJ6Egrf8K2IrywzwOMk"},"name":"The Joe Rogan Experience"}