{"images":[{"width":640,"url":"https:\/\/i.scdn.co\/image\/93c4ad2ae5d939de734cfafae79536ba55380160","height":640},{"width":320,"url":"https:\/\/i.scdn.co\/image\/94c0ec56bea2f1c88a68f97f71ffbf8579b6b608","height":320},{"width":160,"url":"https:\/\/i.scdn.co\/image\/fe5e08aa26ab26aa7f01a31513f41f6129b23eea","height":160}],"genres":["indie garage rock","neo-psychedelic"],"id":"0SVxQVCnJn1BNUMY9ZcRO4","external_urls":{"spotify":"https:\/\/open.spotify.com\/artist\/0SVxQVCnJn1BNUMY9ZcRO4"},"popularity":47,"followers":{"total":38980},"href":"https:\/\/api.spotify.com\/v1\/artists\/0SVxQVCnJn1BNUMY9ZcRO4","type":"artist","name":"levitation room","uri":"spotify:artist:0SVxQVCnJn1BNUMY9ZcRO4"}