{"external_urls":{"spotify":"https:\/\/open.spotify.com\/playlist\/4FgAYjgX8lTlgOOxFkjgBG"},"id":"4FgAYjgX8lTlgOOxFkjgBG","description":"","tracks":{"total":43,"href":"https:\/\/api.spotify.com\/v1\/playlists\/4FgAYjgX8lTlgOOxFkjgBG\/tracks"},"uri":"spotify:playlist:4FgAYjgX8lTlgOOxFkjgBG","href":"https:\/\/api.spotify.com\/v1\/playlists\/4FgAYjgX8lTlgOOxFkjgBG","owner":{"id":"petervschorn","display_name":"petervschorn","external_urls":{"spotify":"https:\/\/open.spotify.com\/user\/petervschorn"},"href":"https:\/\/api.spotify.com\/v1\/users\/petervschorn","uri":"spotify:user:petervschorn","type":"user"},"name":"Lucy in the sky with diamonds","collaborative":false,"images":[{"url":"https:\/\/i.scdn.co\/image\/ab67706c0000bebb03e6bb6f35d07aa7d8f24fe7"}],"public":true,"snapshot_id":"NjksYTE0MzkwNGM1MjExMjg4MmVhNGU0NWQ2ZjI1Zjk5OGM4ZWNiMTg5Nw==","type":"playlist"}