{"external_urls":{"spotify":"https:\/\/open.spotify.com\/playlist\/37i9dQZF1DX8gDIpdqp1XJ"},"id":"37i9dQZF1DX8gDIpdqp1XJ","description":"The best of modern psych. Cover: <a href=\"spotify:artist:2mVVjNmdjXZZDvhgQWiakk\">Khruangbin<\/a>","tracks":{"total":150,"href":"https:\/\/api.spotify.com\/v1\/playlists\/37i9dQZF1DX8gDIpdqp1XJ\/tracks"},"uri":"spotify:playlist:37i9dQZF1DX8gDIpdqp1XJ","href":"https:\/\/api.spotify.com\/v1\/playlists\/37i9dQZF1DX8gDIpdqp1XJ","owner":{"id":"spotify","display_name":"Spotify","external_urls":{"spotify":"https:\/\/open.spotify.com\/user\/spotify"},"href":"https:\/\/api.spotify.com\/v1\/users\/spotify","uri":"spotify:user:spotify","type":"user"},"name":"Modern Psychedelia","collaborative":false,"images":[{"url":"https:\/\/i.scdn.co\/image\/ab67706f00000003dd0587449bff66bd37fef082"}],"public":false,"snapshot_id":"MTYwMjk2MTQyNCwwMDAwMDAwMGQ0MWQ4Y2Q5OGYwMGIyMDRlOTgwMDk5OGVjZjg0Mjdl","type":"playlist"}