{"images":[{"width":1000,"url":"https:\/\/i.scdn.co\/image\/e69f71e2be4b67b82af90fb8e9d805715e0684fa","height":977},{"width":640,"url":"https:\/\/i.scdn.co\/image\/d011c95081cd9a329e506abd7ded47535d524a07","height":625},{"width":200,"url":"https:\/\/i.scdn.co\/image\/f0a39a8a196a87a7236bdcf8a8708f6d5d3547cc","height":195},{"width":64,"url":"https:\/\/i.scdn.co\/image\/ec1fb7127168dbaa962404031409c5a293b95ec6","height":63}],"genres":["album rock","art rock","classic rock","progressive rock","psychedelic rock","rock","symphonic rock"],"id":"0k17h0D3J5VfsdmQ1iZtE9","external_urls":{"spotify":"https:\/\/open.spotify.com\/artist\/0k17h0D3J5VfsdmQ1iZtE9"},"popularity":83,"followers":{"total":12886125},"href":"https:\/\/api.spotify.com\/v1\/artists\/0k17h0D3J5VfsdmQ1iZtE9","type":"artist","name":"Pink Floyd","uri":"spotify:artist:0k17h0D3J5VfsdmQ1iZtE9"}