{"images":[{"width":640,"url":"https:\/\/i.scdn.co\/image\/afcd616e1ef2d2786f47b3b4a8a6aeea24a72adc","height":640},{"width":320,"url":"https:\/\/i.scdn.co\/image\/563754af10b3d9f9f62a3458e699f58c4a02870f","height":320},{"width":160,"url":"https:\/\/i.scdn.co\/image\/4067ea225d8b42fa6951857d3af27dd07d60f3c6","height":160}],"genres":["alternative rock","art rock","melancholia","oxford indie","permanent wave","rock"],"id":"4Z8W4fKeB5YxbusRsdQVPb","external_urls":{"spotify":"https:\/\/open.spotify.com\/artist\/4Z8W4fKeB5YxbusRsdQVPb"},"popularity":81,"followers":{"total":5471852},"href":"https:\/\/api.spotify.com\/v1\/artists\/4Z8W4fKeB5YxbusRsdQVPb","type":"artist","name":"Radiohead","uri":"spotify:artist:4Z8W4fKeB5YxbusRsdQVPb"}