{"external_urls":{"spotify":"https:\/\/open.spotify.com\/playlist\/1YNW1LO3O1CZ15pHa1UtUb"},"id":"1YNW1LO3O1CZ15pHa1UtUb","description":"Allof Skinshapes current catalog in one place!! Enjoy! And Share!","tracks":{"total":47,"href":"https:\/\/api.spotify.com\/v1\/playlists\/1YNW1LO3O1CZ15pHa1UtUb\/tracks"},"uri":"spotify:playlist:1YNW1LO3O1CZ15pHa1UtUb","href":"https:\/\/api.spotify.com\/v1\/playlists\/1YNW1LO3O1CZ15pHa1UtUb","owner":{"id":"siegeart","display_name":"Siege Art","external_urls":{"spotify":"https:\/\/open.spotify.com\/user\/siegeart"},"href":"https:\/\/api.spotify.com\/v1\/users\/siegeart","uri":"spotify:user:siegeart","type":"user"},"name":"This is: Skinshape","collaborative":false,"images":[{"width":640,"url":"https:\/\/mosaic.scdn.co\/640\/ab67616d0000b273464f8c954c863d38d2ef29adab67616d0000b27355832e9fb94c657e6e94cb2dab67616d0000b2735fa25f88c68c1c167ddc3d10ab67616d0000b273e08bc8e2a15d7a93ec5309ef","height":640},{"width":300,"url":"https:\/\/mosaic.scdn.co\/300\/ab67616d0000b273464f8c954c863d38d2ef29adab67616d0000b27355832e9fb94c657e6e94cb2dab67616d0000b2735fa25f88c68c1c167ddc3d10ab67616d0000b273e08bc8e2a15d7a93ec5309ef","height":300},{"width":60,"url":"https:\/\/mosaic.scdn.co\/60\/ab67616d0000b273464f8c954c863d38d2ef29adab67616d0000b27355832e9fb94c657e6e94cb2dab67616d0000b2735fa25f88c68c1c167ddc3d10ab67616d0000b273e08bc8e2a15d7a93ec5309ef","height":60}],"public":false,"snapshot_id":"MTksMzMyMzBjZTcxNjEyYzU3NTk1NDRiMjJiMjFjNzI0MDNjZGZmZTgwYw==","type":"playlist"}