{"external_urls":{"spotify":"https:\/\/open.spotify.com\/playlist\/37i9dQZF1DX21LiAJsYT57"},"id":"37i9dQZF1DX21LiAJsYT57","description":"Australia's prolific Psych Rock masters, all in the one place.","tracks":{"total":72,"href":"https:\/\/api.spotify.com\/v1\/playlists\/37i9dQZF1DX21LiAJsYT57\/tracks"},"uri":"spotify:playlist:37i9dQZF1DX21LiAJsYT57","href":"https:\/\/api.spotify.com\/v1\/playlists\/37i9dQZF1DX21LiAJsYT57","owner":{"id":"spotify","display_name":"Spotify","external_urls":{"spotify":"https:\/\/open.spotify.com\/user\/spotify"},"href":"https:\/\/api.spotify.com\/v1\/users\/spotify","uri":"spotify:user:spotify","type":"user"},"name":"This Is King Gizzard & The Lizard Wizard","collaborative":false,"images":[{"url":"https:\/\/i.scdn.co\/image\/ab67706f00000003e48a6a0ea9250d98709477fa"}],"public":false,"snapshot_id":"MTYwMDE3ODQ2MCwwMDAwMDAwNDAwMDAwMTc0OTIxMTk1YjAwMDAwMDE3MzVhMGNiNDNj","type":"playlist"}