{"total":28,"items":[{"added_at":"2017-01-24T18:35:19Z","added_by":{"id":"","external_urls":{"spotify":"https:\/\/open.spotify.com\/user\/"},"href":"https:\/\/api.spotify.com\/v1\/users\/","uri":"spotify:user:","type":"user"},"is_local":false,"track":{"id":"7qCZgvV98j6RjUULW1s1it","external_ids":{"isrc":"USUG11400501"},"album":{"id":"55TZx6GWm1hlEbRgkGRjma","uri":"spotify:album:55TZx6GWm1hlEbRgkGRjma","href":"https:\/\/api.spotify.com\/v1\/albums\/55TZx6GWm1hlEbRgkGRjma","album_type":"album","artists":[{"type":"artist","id":"0K1q0nXQ8is36PzOKAMbNe","external_urls":{"spotify":"https:\/\/open.spotify.com\/artist\/0K1q0nXQ8is36PzOKAMbNe"},"name":"Spoon","uri":"spotify:artist:0K1q0nXQ8is36PzOKAMbNe","href":"https:\/\/api.spotify.com\/v1\/artists\/0K1q0nXQ8is36PzOKAMbNe"}],"release_date_precision":"day","available_markets":["CA","US"],"type":"album","images":[{"width":640,"url":"https:\/\/i.scdn.co\/image\/ab67616d0000b2739288bc6a8c1f2fca8b5eddf9","height":640},{"width":300,"url":"https:\/\/i.scdn.co\/image\/ab67616d00001e029288bc6a8c1f2fca8b5eddf9","height":300},{"width":64,"url":"https:\/\/i.scdn.co\/image\/ab67616d000048519288bc6a8c1f2fca8b5eddf9","height":64}],"release_date":"2014-08-05","external_urls":{"spotify":"https:\/\/open.spotify.com\/album\/55TZx6GWm1hlEbRgkGRjma"},"name":"They Want My Soul"},"track_number":2,"uri":"spotify:track:7qCZgvV98j6RjUULW1s1it","artists":[{"type":"artist","id":"0K1q0nXQ8is36PzOKAMbNe","external_urls":{"spotify":"https:\/\/open.spotify.com\/artist\/0K1q0nXQ8is36PzOKAMbNe"},"name":"Spoon","uri":"spotify:artist:0K1q0nXQ8is36PzOKAMbNe","href":"https:\/\/api.spotify.com\/v1\/artists\/0K1q0nXQ8is36PzOKAMbNe"}],"href":"https:\/\/api.spotify.com\/v1\/tracks\/7qCZgvV98j6RjUULW1s1it","is_local":false,"popularity":62,"available_markets":["CA","US"],"disc_number":1,"type":"track","explicit":false,"preview_url":"https:\/\/p.scdn.co\/mp3-preview\/b9624017abfd6cc26620e6db3c2abf9882ac3c93?cid=f9b05de1274c4851a2293a540cb8705e","duration_ms":301960,"name":"Inside Out","external_urls":{"spotify":"https:\/\/open.spotify.com\/track\/7qCZgvV98j6RjUULW1s1it"}}},{"added_at":"2017-01-24T18:35:19Z","added_by":{"id":"","external_urls":{"spotify":"https:\/\/open.spotify.com\/user\/"},"href":"https:\/\/api.spotify.com\/v1\/users\/","uri":"spotify:user:","type":"user"},"is_local":false,"track":{"id":"1vNff8grRaZ7lFeaJqXBtn","external_ids":{"isrc":"USMRG1556503"},"album":{"id":"3umUeoAKPNFzvwmBbiZ4aw","uri":"spotify:album:3umUeoAKPNFzvwmBbiZ4aw","href":"https:\/\/api.spotify.com\/v1\/albums\/3umUeoAKPNFzvwmBbiZ4aw","album_type":"album","artists":[{"type":"artist","id":"0K1q0nXQ8is36PzOKAMbNe","external_urls":{"spotify":"https:\/\/open.spotify.com\/artist\/0K1q0nXQ8is36PzOKAMbNe"},"name":"Spoon","uri":"spotify:artist:0K1q0nXQ8is36PzOKAMbNe","href":"https:\/\/api.spotify.com\/v1\/artists\/0K1q0nXQ8is36PzOKAMbNe"}],"release_date_precision":"day","available_markets":["CA","US"],"type":"album","images":[{"width":640,"url":"https:\/\/i.scdn.co\/image\/ab67616d0000b27307add161d3424a8c9ab9b259","height":640},{"width":300,"url":"https:\/\/i.scdn.co\/image\/ab67616d00001e0207add161d3424a8c9ab9b259","height":300},{"width":64,"url":"https:\/\/i.scdn.co\/image\/ab67616d0000485107add161d3424a8c9ab9b259","height":64}],"release_date":"2005-05-10","external_urls":{"spotify":"https:\/\/open.spotify.com\/album\/3umUeoAKPNFzvwmBbiZ4aw"},"name":"Gimme Fiction (2015 Remaster)"},"track_number":3,"uri":"spotify:track:1vNff8grRaZ7lFeaJqXBtn","artists":[{"type":"artist","id":"0K1q0nXQ8is36PzOKAMbNe","external_urls":{"spotify":"https:\/\/open.spotify.com\/artist\/0K1q0nXQ8is36PzOKAMbNe"},"name":"Spoon","uri":"spotify:artist:0K1q0nXQ8is36PzOKAMbNe","href":"https:\/\/api.spotify.com\/v1\/artists\/0K1q0nXQ8is36PzOKAMbNe"}],"href":"https:\/\/api.spotify.com\/v1\/tracks\/1vNff8grRaZ7lFeaJqXBtn","is_local":false,"popularity":38,"available_markets":["CA","US"],"disc_number":1,"type":"track","explicit":false,"preview_url":"https:\/\/p.scdn.co\/mp3-preview\/c95ff10c109bc1ed7d894a18572b3a5b65c53257?cid=f9b05de1274c4851a2293a540cb8705e","duration_ms":212106,"name":"I Turn My Camera On","external_urls":{"spotify":"https:\/\/open.spotify.com\/track\/1vNff8grRaZ7lFeaJqXBtn"}}},{"added_at":"2019-11-12T16:04:54Z","added_by":{"id":"","external_urls":{"spotify":"https:\/\/open.spotify.com\/user\/"},"href":"https:\/\/api.spotify.com\/v1\/users\/","uri":"spotify:user:","type":"user"},"is_local":false,"track":{"id":"6MCYY4i1zrRIbVj9YlVUdF","external_ids":{"isrc":"USMRG1759507"},"album":{"id":"3k4KtMTnGJsnqTt0AHEmnw","uri":"spotify:album:3k4KtMTnGJsnqTt0AHEmnw","href":"https:\/\/api.spotify.com\/v1\/albums\/3k4KtMTnGJsnqTt0AHEmnw","album_type":"album","artists":[{"type":"artist","id":"0K1q0nXQ8is36PzOKAMbNe","external_urls":{"spotify":"https:\/\/open.spotify.com\/artist\/0K1q0nXQ8is36PzOKAMbNe"},"name":"Spoon","uri":"spotify:artist:0K1q0nXQ8is36PzOKAMbNe","href":"https:\/\/api.spotify.com\/v1\/artists\/0K1q0nXQ8is36PzOKAMbNe"}],"release_date_precision":"day","available_markets":["CA","US"],"type":"album","images":[{"width":640,"url":"https:\/\/i.scdn.co\/image\/ab67616d0000b2737d58800ec6fdade2fe04b09e","height":640},{"width":300,"url":"https:\/\/i.scdn.co\/image\/ab67616d00001e027d58800ec6fdade2fe04b09e","height":300},{"width":64,"url":"https:\/\/i.scdn.co\/image\/ab67616d000048517d58800ec6fdade2fe04b09e","height":64}],"release_date":"2007-07-10","external_urls":{"spotify":"https:\/\/open.spotify.com\/album\/3k4KtMTnGJsnqTt0AHEmnw"},"name":"Ga Ga Ga Ga Ga (2017 Remaster)"},"track_number":7,"uri":"spotify:track:6MCYY4i1zrRIbVj9YlVUdF","artists":[{"type":"artist","id":"0K1q0nXQ8is36PzOKAMbNe","external_urls":{"spotify":"https:\/\/open.spotify.com\/artist\/0K1q0nXQ8is36PzOKAMbNe"},"name":"Spoon","uri":"spotify:artist:0K1q0nXQ8is36PzOKAMbNe","href":"https:\/\/api.spotify.com\/v1\/artists\/0K1q0nXQ8is36PzOKAMbNe"}],"href":"https:\/\/api.spotify.com\/v1\/tracks\/6MCYY4i1zrRIbVj9YlVUdF","is_local":false,"popularity":59,"available_markets":["CA","US"],"disc_number":1,"type":"track","explicit":false,"preview_url":"https:\/\/p.scdn.co\/mp3-preview\/0e7f650efe3151590ae47fd10fe5be8b89fd1861?cid=f9b05de1274c4851a2293a540cb8705e","duration_ms":222106,"name":"The Underdog","external_urls":{"spotify":"https:\/\/open.spotify.com\/track\/6MCYY4i1zrRIbVj9YlVUdF"}}},{"added_at":"2017-01-24T18:35:19Z","added_by":{"id":"","external_urls":{"spotify":"https:\/\/open.spotify.com\/user\/"},"href":"https:\/\/api.spotify.com\/v1\/users\/","uri":"spotify:user:","type":"user"},"is_local":false,"track":{"id":"141UpF0ofvBWm3r5JQwZ83","external_ids":{"isrc":"USMRG0340037"},"album":{"id":"0v3Pue4UjRmcwluqtcXw79","uri":"spotify:album:0v3Pue4UjRmcwluqtcXw79","href":"https:\/\/api.spotify.com\/v1\/albums\/0v3Pue4UjRmcwluqtcXw79","album_type":"album","artists":[{"type":"artist","id":"0K1q0nXQ8is36PzOKAMbNe","external_urls":{"spotify":"https:\/\/open.spotify.com\/artist\/0K1q0nXQ8is36PzOKAMbNe"},"name":"Spoon","uri":"spotify:artist:0K1q0nXQ8is36PzOKAMbNe","href":"https:\/\/api.spotify.com\/v1\/artists\/0K1q0nXQ8is36PzOKAMbNe"}],"release_date_precision":"day","available_markets":[],"type":"album","images":[{"width":640,"url":"https:\/\/i.scdn.co\/image\/ab67616d0000b273d5afcf7e1ed72a32f9977212","height":640},{"width":300,"url":"https:\/\/i.scdn.co\/image\/ab67616d00001e02d5afcf7e1ed72a32f9977212","height":300},{"width":64,"url":"https:\/\/i.scdn.co\/image\/ab67616d00004851d5afcf7e1ed72a32f9977212","height":64}],"release_date":"2002-08-20","external_urls":{"spotify":"https:\/\/open.spotify.com\/album\/0v3Pue4UjRmcwluqtcXw79"},"name":"Kill the Moonlight"},"track_number":2,"uri":"spotify:track:141UpF0ofvBWm3r5JQwZ83","artists":[{"type":"artist","id":"0K1q0nXQ8is36PzOKAMbNe","external_urls":{"spotify":"https:\/\/open.spotify.com\/artist\/0K1q0nXQ8is36PzOKAMbNe"},"name":"Spoon","uri":"spotify:artist:0K1q0nXQ8is36PzOKAMbNe","href":"https:\/\/api.spotify.com\/v1\/artists\/0K1q0nXQ8is36PzOKAMbNe"}],"href":"https:\/\/api.spotify.com\/v1\/tracks\/141UpF0ofvBWm3r5JQwZ83","is_local":false,"popularity":0,"available_markets":[],"disc_number":1,"type":"track","explicit":false,"duration_ms":160093,"external_urls":{"spotify":"https:\/\/open.spotify.com\/track\/141UpF0ofvBWm3r5JQwZ83"},"name":"The Way We Get By"}},{"added_at":"2019-06-19T14:08:23Z","added_by":{"id":"","external_urls":{"spotify":"https:\/\/open.spotify.com\/user\/"},"href":"https:\/\/api.spotify.com\/v1\/users\/","uri":"spotify:user:","type":"user"},"is_local":false,"track":{"id":"2atf946FbB7wpXr2Kwdx1t","external_ids":{"isrc":"USMTD1900071"},"album":{"id":"4MMH177sCQHkE5lpK46Om6","uri":"spotify:album:4MMH177sCQHkE5lpK46Om6","href":"https:\/\/api.spotify.com\/v1\/albums\/4MMH177sCQHkE5lpK46Om6","album_type":"single","artists":[{"type":"artist","id":"0K1q0nXQ8is36PzOKAMbNe","external_urls":{"spotify":"https:\/\/open.spotify.com\/artist\/0K1q0nXQ8is36PzOKAMbNe"},"name":"Spoon","uri":"spotify:artist:0K1q0nXQ8is36PzOKAMbNe","href":"https:\/\/api.spotify.com\/v1\/artists\/0K1q0nXQ8is36PzOKAMbNe"}],"release_date_precision":"day","available_markets":["AD","AE","AL","AR","AT","AU","BA","BE","BG","BH","BO","BR","BY","CA","CH","CL","CO","CR","CY","CZ","DE","DK","DO","DZ","EC","EE","EG","ES","FI","FR","GB","GR","GT","HK","HN","HR","HU","ID","IE","IL","IN","IS","IT","JO","JP","KW","KZ","LB","LI","LT","LU","LV","MA","MC","MD","ME","MK","MT","MX","MY","NI","NL","NO","NZ","OM","PA","PE","PH","PL","PS","PT","PY","QA","RO","RS","RU","SA","SE","SG","SI","SK","SV","TH","TN","TR","TW","UA","US","UY","VN","XK","ZA"],"type":"album","images":[{"width":640,"url":"https:\/\/i.scdn.co\/image\/ab67616d0000b2737c8e08f36fbbead92ba957ac","height":640},{"width":300,"url":"https:\/\/i.scdn.co\/image\/ab67616d00001e027c8e08f36fbbead92ba957ac","height":300},{"width":64,"url":"https:\/\/i.scdn.co\/image\/ab67616d000048517c8e08f36fbbead92ba957ac","height":64}],"release_date":"2019-06-19","external_urls":{"spotify":"https:\/\/open.spotify.com\/album\/4MMH177sCQHkE5lpK46Om6"},"name":"No Bullets Spent"},"track_number":1,"uri":"spotify:track:2atf946FbB7wpXr2Kwdx1t","artists":[{"type":"artist","id":"0K1q0nXQ8is36PzOKAMbNe","external_urls":{"spotify":"https:\/\/open.spotify.com\/artist\/0K1q0nXQ8is36PzOKAMbNe"},"name":"Spoon","uri":"spotify:artist:0K1q0nXQ8is36PzOKAMbNe","href":"https:\/\/api.spotify.com\/v1\/artists\/0K1q0nXQ8is36PzOKAMbNe"}],"href":"https:\/\/api.spotify.com\/v1\/tracks\/2atf946FbB7wpXr2Kwdx1t","is_local":false,"popularity":50,"available_markets":["AD","AE","AL","AR","AT","AU","BA","BE","BG","BH","BO","BR","BY","CA","CH","CL","CO","CR","CY","CZ","DE","DK","DO","DZ","EC","EE","EG","ES","FI","FR","GB","GR","GT","HK","HN","HR","HU","ID","IE","IL","IN","IS","IT","JO","JP","KW","KZ","LB","LI","LT","LU","LV","MA","MC","MD","ME","MK","MT","MX","MY","NI","NL","NO","NZ","OM","PA","PE","PH","PL","PS","PT","PY","QA","RO","RS","RU","SA","SE","SG","SI","SK","SV","TH","TN","TR","TW","UA","US","UY","VN","XK","ZA"],"disc_number":1,"type":"track","explicit":false,"preview_url":"https:\/\/p.scdn.co\/mp3-preview\/5c55f9646752e75608419586413ff73e1e504474?cid=f9b05de1274c4851a2293a540cb8705e","duration_ms":220720,"name":"No Bullets Spent","external_urls":{"spotify":"https:\/\/open.spotify.com\/track\/2atf946FbB7wpXr2Kwdx1t"}}},{"added_at":"2017-01-24T18:35:19Z","added_by":{"id":"","external_urls":{"spotify":"https:\/\/open.spotify.com\/user\/"},"href":"https:\/\/api.spotify.com\/v1\/users\/","uri":"spotify:user:","type":"user"},"is_local":false,"track":{"id":"0IJt0ULsiz3ypKdYsvKcuD","external_ids":{"isrc":"USMRG0729501"},"album":{"id":"0nwsU0x7R64y6w7VkWjA98","uri":"spotify:album:0nwsU0x7R64y6w7VkWjA98","href":"https:\/\/api.spotify.com\/v1\/albums\/0nwsU0x7R64y6w7VkWjA98","album_type":"album","artists":[{"type":"artist","id":"0K1q0nXQ8is36PzOKAMbNe","external_urls":{"spotify":"https:\/\/open.spotify.com\/artist\/0K1q0nXQ8is36PzOKAMbNe"},"name":"Spoon","uri":"spotify:artist:0K1q0nXQ8is36PzOKAMbNe","href":"https:\/\/api.spotify.com\/v1\/artists\/0K1q0nXQ8is36PzOKAMbNe"}],"release_date_precision":"day","available_markets":["AR","BO","BR","CL","CO","CR","DO","EC","GT","HN","JP","NI","PA","PE","PY","SV","UY"],"type":"album","images":[{"width":640,"url":"https:\/\/i.scdn.co\/image\/ab67616d0000b2732c0dc04cf31488a4936bada8","height":640},{"width":300,"url":"https:\/\/i.scdn.co\/image\/ab67616d00001e022c0dc04cf31488a4936bada8","height":300},{"width":64,"url":"https:\/\/i.scdn.co\/image\/ab67616d000048512c0dc04cf31488a4936bada8","height":64}],"release_date":"2007-07-10","external_urls":{"spotify":"https:\/\/open.spotify.com\/album\/0nwsU0x7R64y6w7VkWjA98"},"name":"Ga Ga Ga Ga Ga (Bonus Track Version)"},"track_number":1,"uri":"spotify:track:0IJt0ULsiz3ypKdYsvKcuD","artists":[{"type":"artist","id":"0K1q0nXQ8is36PzOKAMbNe","external_urls":{"spotify":"https:\/\/open.spotify.com\/artist\/0K1q0nXQ8is36PzOKAMbNe"},"name":"Spoon","uri":"spotify:artist:0K1q0nXQ8is36PzOKAMbNe","href":"https:\/\/api.spotify.com\/v1\/artists\/0K1q0nXQ8is36PzOKAMbNe"}],"href":"https:\/\/api.spotify.com\/v1\/tracks\/0IJt0ULsiz3ypKdYsvKcuD","is_local":false,"popularity":15,"available_markets":["AR","BO","BR","CL","CO","CR","DO","EC","GT","HN","JP","NI","PA","PE","PY","SV","UY"],"disc_number":1,"type":"track","explicit":false,"preview_url":"https:\/\/p.scdn.co\/mp3-preview\/939f005431a63c58ae761dce91723ba38300b9e0?cid=f9b05de1274c4851a2293a540cb8705e","duration_ms":235906,"name":"Don't Make Me a Target","external_urls":{"spotify":"https:\/\/open.spotify.com\/track\/0IJt0ULsiz3ypKdYsvKcuD"}}},{"added_at":"2017-01-24T18:35:19Z","added_by":{"id":"","external_urls":{"spotify":"https:\/\/open.spotify.com\/user\/"},"href":"https:\/\/api.spotify.com\/v1\/users\/","uri":"spotify:user:","type":"user"},"is_local":false,"track":{"id":"2FMvTIIIVIS70zsLWOSwOT","external_ids":{"isrc":"USMTD1609113"},"album":{"id":"4CaywuuM2GyAz4o2u983QT","uri":"spotify:album:4CaywuuM2GyAz4o2u983QT","href":"https:\/\/api.spotify.com\/v1\/albums\/4CaywuuM2GyAz4o2u983QT","album_type":"single","artists":[{"type":"artist","id":"0K1q0nXQ8is36PzOKAMbNe","external_urls":{"spotify":"https:\/\/open.spotify.com\/artist\/0K1q0nXQ8is36PzOKAMbNe"},"name":"Spoon","uri":"spotify:artist:0K1q0nXQ8is36PzOKAMbNe","href":"https:\/\/api.spotify.com\/v1\/artists\/0K1q0nXQ8is36PzOKAMbNe"}],"release_date_precision":"day","available_markets":[],"type":"album","images":[{"width":640,"url":"https:\/\/i.scdn.co\/image\/ab67616d0000b27362fcd0bacc5b0c2953667a40","height":640},{"width":300,"url":"https:\/\/i.scdn.co\/image\/ab67616d00001e0262fcd0bacc5b0c2953667a40","height":300},{"width":64,"url":"https:\/\/i.scdn.co\/image\/ab67616d0000485162fcd0bacc5b0c2953667a40","height":64}],"release_date":"2017-01-17","external_urls":{"spotify":"https:\/\/open.spotify.com\/album\/4CaywuuM2GyAz4o2u983QT"},"name":"Hot Thoughts"},"track_number":1,"uri":"spotify:track:2FMvTIIIVIS70zsLWOSwOT","artists":[{"type":"artist","id":"0K1q0nXQ8is36PzOKAMbNe","external_urls":{"spotify":"https:\/\/open.spotify.com\/artist\/0K1q0nXQ8is36PzOKAMbNe"},"name":"Spoon","uri":"spotify:artist:0K1q0nXQ8is36PzOKAMbNe","href":"https:\/\/api.spotify.com\/v1\/artists\/0K1q0nXQ8is36PzOKAMbNe"}],"href":"https:\/\/api.spotify.com\/v1\/tracks\/2FMvTIIIVIS70zsLWOSwOT","is_local":false,"popularity":0,"available_markets":[],"disc_number":1,"type":"track","explicit":false,"duration_ms":228653,"external_urls":{"spotify":"https:\/\/open.spotify.com\/track\/2FMvTIIIVIS70zsLWOSwOT"},"name":"Hot Thoughts"}},{"added_at":"2017-02-22T17:27:16Z","added_by":{"id":"","external_urls":{"spotify":"https:\/\/open.spotify.com\/user\/"},"href":"https:\/\/api.spotify.com\/v1\/users\/","uri":"spotify:user:","type":"user"},"is_local":false,"track":{"id":"70iOSauxRnN75tRClYXmuK","external_ids":{"isrc":"USMTD1609118"},"album":{"id":"29zIKpgJ8Yzgjq1oPj2KRt","uri":"spotify:album:29zIKpgJ8Yzgjq1oPj2KRt","href":"https:\/\/api.spotify.com\/v1\/albums\/29zIKpgJ8Yzgjq1oPj2KRt","album_type":"single","artists":[{"type":"artist","id":"0K1q0nXQ8is36PzOKAMbNe","external_urls":{"spotify":"https:\/\/open.spotify.com\/artist\/0K1q0nXQ8is36PzOKAMbNe"},"name":"Spoon","uri":"spotify:artist:0K1q0nXQ8is36PzOKAMbNe","href":"https:\/\/api.spotify.com\/v1\/artists\/0K1q0nXQ8is36PzOKAMbNe"}],"release_date_precision":"day","available_markets":["AD","AR","AT","AU","BE","BG","BO","BR","CA","CH","CL","CO","CR","CY","CZ","DE","DK","DO","EC","EE","ES","FI","FR","GB","GR","GT","HK","HN","HR","HU","ID","IE","IS","IT","JP","LI","LT","LU","LV","MC","MT","MX","MY","NI","NL","NO","NZ","PA","PE","PH","PL","PT","PY","RO","SE","SG","SI","SK","SV","TR","TW","US","UY"],"type":"album","images":[{"width":640,"url":"https:\/\/i.scdn.co\/image\/ab67616d0000b2737794f9697bcd7e00979a21cb","height":640},{"width":300,"url":"https:\/\/i.scdn.co\/image\/ab67616d00001e027794f9697bcd7e00979a21cb","height":300},{"width":64,"url":"https:\/\/i.scdn.co\/image\/ab67616d000048517794f9697bcd7e00979a21cb","height":64}],"release_date":"2017-02-22","external_urls":{"spotify":"https:\/\/open.spotify.com\/album\/29zIKpgJ8Yzgjq1oPj2KRt"},"name":"Can I Sit Next to You"},"track_number":1,"uri":"spotify:track:70iOSauxRnN75tRClYXmuK","artists":[{"type":"artist","id":"0K1q0nXQ8is36PzOKAMbNe","external_urls":{"spotify":"https:\/\/open.spotify.com\/artist\/0K1q0nXQ8is36PzOKAMbNe"},"name":"Spoon","uri":"spotify:artist:0K1q0nXQ8is36PzOKAMbNe","href":"https:\/\/api.spotify.com\/v1\/artists\/0K1q0nXQ8is36PzOKAMbNe"}],"href":"https:\/\/api.spotify.com\/v1\/tracks\/70iOSauxRnN75tRClYXmuK","is_local":false,"popularity":39,"available_markets":["AD","AR","AT","AU","BE","BG","BO","BR","CA","CH","CL","CO","CR","CY","CZ","DE","DK","DO","EC","EE","ES","FI","FR","GB","GR","GT","HK","HN","HR","HU","ID","IE","IS","IT","JP","LI","LT","LU","LV","MC","MT","MX","MY","NI","NL","NO","NZ","PA","PE","PH","PL","PT","PY","RO","SE","SG","SI","SK","SV","TR","TW","US","UY"],"disc_number":1,"type":"track","explicit":false,"preview_url":"https:\/\/p.scdn.co\/mp3-preview\/bf03cd2a71ccbbb5f2c12e7a20a0fef73e6964d0?cid=f9b05de1274c4851a2293a540cb8705e","duration_ms":234213,"name":"Can I Sit Next to You","external_urls":{"spotify":"https:\/\/open.spotify.com\/track\/70iOSauxRnN75tRClYXmuK"}}},{"added_at":"2017-01-24T18:35:19Z","added_by":{"id":"","external_urls":{"spotify":"https:\/\/open.spotify.com\/user\/"},"href":"https:\/\/api.spotify.com\/v1\/users\/","uri":"spotify:user:","type":"user"},"is_local":false,"track":{"id":"1CiVOY9FCW2ibIr50XkBGe","external_ids":{"isrc":"USMRG0340039"},"album":{"id":"0v3Pue4UjRmcwluqtcXw79","uri":"spotify:album:0v3Pue4UjRmcwluqtcXw79","href":"https:\/\/api.spotify.com\/v1\/albums\/0v3Pue4UjRmcwluqtcXw79","album_type":"album","artists":[{"type":"artist","id":"0K1q0nXQ8is36PzOKAMbNe","external_urls":{"spotify":"https:\/\/open.spotify.com\/artist\/0K1q0nXQ8is36PzOKAMbNe"},"name":"Spoon","uri":"spotify:artist:0K1q0nXQ8is36PzOKAMbNe","href":"https:\/\/api.spotify.com\/v1\/artists\/0K1q0nXQ8is36PzOKAMbNe"}],"release_date_precision":"day","available_markets":[],"type":"album","images":[{"width":640,"url":"https:\/\/i.scdn.co\/image\/ab67616d0000b273d5afcf7e1ed72a32f9977212","height":640},{"width":300,"url":"https:\/\/i.scdn.co\/image\/ab67616d00001e02d5afcf7e1ed72a32f9977212","height":300},{"width":64,"url":"https:\/\/i.scdn.co\/image\/ab67616d00004851d5afcf7e1ed72a32f9977212","height":64}],"release_date":"2002-08-20","external_urls":{"spotify":"https:\/\/open.spotify.com\/album\/0v3Pue4UjRmcwluqtcXw79"},"name":"Kill the Moonlight"},"track_number":4,"uri":"spotify:track:1CiVOY9FCW2ibIr50XkBGe","artists":[{"type":"artist","id":"0K1q0nXQ8is36PzOKAMbNe","external_urls":{"spotify":"https:\/\/open.spotify.com\/artist\/0K1q0nXQ8is36PzOKAMbNe"},"name":"Spoon","uri":"spotify:artist:0K1q0nXQ8is36PzOKAMbNe","href":"https:\/\/api.spotify.com\/v1\/artists\/0K1q0nXQ8is36PzOKAMbNe"}],"href":"https:\/\/api.spotify.com\/v1\/tracks\/1CiVOY9FCW2ibIr50XkBGe","is_local":false,"popularity":0,"available_markets":[],"disc_number":1,"type":"track","explicit":false,"duration_ms":215333,"external_urls":{"spotify":"https:\/\/open.spotify.com\/track\/1CiVOY9FCW2ibIr50XkBGe"},"name":"Stay Don’t Go"}},{"added_at":"2017-01-24T18:35:19Z","added_by":{"id":"","external_urls":{"spotify":"https:\/\/open.spotify.com\/user\/"},"href":"https:\/\/api.spotify.com\/v1\/users\/","uri":"spotify:user:","type":"user"},"is_local":false,"track":{"id":"08a6PhXyXeN3lv1DCKW9qY","external_ids":{"isrc":"USUG11400503"},"album":{"id":"55TZx6GWm1hlEbRgkGRjma","uri":"spotify:album:55TZx6GWm1hlEbRgkGRjma","href":"https:\/\/api.spotify.com\/v1\/albums\/55TZx6GWm1hlEbRgkGRjma","album_type":"album","artists":[{"type":"artist","id":"0K1q0nXQ8is36PzOKAMbNe","external_urls":{"spotify":"https:\/\/open.spotify.com\/artist\/0K1q0nXQ8is36PzOKAMbNe"},"name":"Spoon","uri":"spotify:artist:0K1q0nXQ8is36PzOKAMbNe","href":"https:\/\/api.spotify.com\/v1\/artists\/0K1q0nXQ8is36PzOKAMbNe"}],"release_date_precision":"day","available_markets":["CA","US"],"type":"album","images":[{"width":640,"url":"https:\/\/i.scdn.co\/image\/ab67616d0000b2739288bc6a8c1f2fca8b5eddf9","height":640},{"width":300,"url":"https:\/\/i.scdn.co\/image\/ab67616d00001e029288bc6a8c1f2fca8b5eddf9","height":300},{"width":64,"url":"https:\/\/i.scdn.co\/image\/ab67616d000048519288bc6a8c1f2fca8b5eddf9","height":64}],"release_date":"2014-08-05","external_urls":{"spotify":"https:\/\/open.spotify.com\/album\/55TZx6GWm1hlEbRgkGRjma"},"name":"They Want My Soul"},"track_number":4,"uri":"spotify:track:08a6PhXyXeN3lv1DCKW9qY","artists":[{"type":"artist","id":"0K1q0nXQ8is36PzOKAMbNe","external_urls":{"spotify":"https:\/\/open.spotify.com\/artist\/0K1q0nXQ8is36PzOKAMbNe"},"name":"Spoon","uri":"spotify:artist:0K1q0nXQ8is36PzOKAMbNe","href":"https:\/\/api.spotify.com\/v1\/artists\/0K1q0nXQ8is36PzOKAMbNe"}],"href":"https:\/\/api.spotify.com\/v1\/tracks\/08a6PhXyXeN3lv1DCKW9qY","is_local":false,"popularity":49,"available_markets":["CA","US"],"disc_number":1,"type":"track","explicit":false,"preview_url":"https:\/\/p.scdn.co\/mp3-preview\/d99c28dc2c5895469310e9514dc913d06224917f?cid=f9b05de1274c4851a2293a540cb8705e","duration_ms":212653,"name":"Do You","external_urls":{"spotify":"https:\/\/open.spotify.com\/track\/08a6PhXyXeN3lv1DCKW9qY"}}},{"added_at":"2017-01-24T18:35:19Z","added_by":{"id":"","external_urls":{"spotify":"https:\/\/open.spotify.com\/user\/"},"href":"https:\/\/api.spotify.com\/v1\/users\/","uri":"spotify:user:","type":"user"},"is_local":false,"track":{"id":"0BGkmV4Sjl61ct6dcmQgK7","external_ids":{"isrc":"USMRG1556501"},"album":{"id":"3umUeoAKPNFzvwmBbiZ4aw","uri":"spotify:album:3umUeoAKPNFzvwmBbiZ4aw","href":"https:\/\/api.spotify.com\/v1\/albums\/3umUeoAKPNFzvwmBbiZ4aw","album_type":"album","artists":[{"type":"artist","id":"0K1q0nXQ8is36PzOKAMbNe","external_urls":{"spotify":"https:\/\/open.spotify.com\/artist\/0K1q0nXQ8is36PzOKAMbNe"},"name":"Spoon","uri":"spotify:artist:0K1q0nXQ8is36PzOKAMbNe","href":"https:\/\/api.spotify.com\/v1\/artists\/0K1q0nXQ8is36PzOKAMbNe"}],"release_date_precision":"day","available_markets":["CA","US"],"type":"album","images":[{"width":640,"url":"https:\/\/i.scdn.co\/image\/ab67616d0000b27307add161d3424a8c9ab9b259","height":640},{"width":300,"url":"https:\/\/i.scdn.co\/image\/ab67616d00001e0207add161d3424a8c9ab9b259","height":300},{"width":64,"url":"https:\/\/i.scdn.co\/image\/ab67616d0000485107add161d3424a8c9ab9b259","height":64}],"release_date":"2005-05-10","external_urls":{"spotify":"https:\/\/open.spotify.com\/album\/3umUeoAKPNFzvwmBbiZ4aw"},"name":"Gimme Fiction (2015 Remaster)"},"track_number":1,"uri":"spotify:track:0BGkmV4Sjl61ct6dcmQgK7","artists":[{"type":"artist","id":"0K1q0nXQ8is36PzOKAMbNe","external_urls":{"spotify":"https:\/\/open.spotify.com\/artist\/0K1q0nXQ8is36PzOKAMbNe"},"name":"Spoon","uri":"spotify:artist:0K1q0nXQ8is36PzOKAMbNe","href":"https:\/\/api.spotify.com\/v1\/artists\/0K1q0nXQ8is36PzOKAMbNe"}],"href":"https:\/\/api.spotify.com\/v1\/tracks\/0BGkmV4Sjl61ct6dcmQgK7","is_local":false,"popularity":33,"available_markets":["CA","US"],"disc_number":1,"type":"track","explicit":false,"preview_url":"https:\/\/p.scdn.co\/mp3-preview\/9e81340d841f89ed1d7e1a6701c11253309b5e32?cid=f9b05de1274c4851a2293a540cb8705e","duration_ms":258440,"name":"The Beast and Dragon, Adored","external_urls":{"spotify":"https:\/\/open.spotify.com\/track\/0BGkmV4Sjl61ct6dcmQgK7"}}},{"added_at":"2017-01-24T18:35:19Z","added_by":{"id":"","external_urls":{"spotify":"https:\/\/open.spotify.com\/user\/"},"href":"https:\/\/api.spotify.com\/v1\/users\/","uri":"spotify:user:","type":"user"},"is_local":false,"track":{"id":"0BCQKdZ7BocvPThz8f2HYE","external_ids":{"isrc":"USMRG0729503"},"album":{"id":"5BgOQ4Eqjx7s9gkJFbnJXm","uri":"spotify:album:5BgOQ4Eqjx7s9gkJFbnJXm","href":"https:\/\/api.spotify.com\/v1\/albums\/5BgOQ4Eqjx7s9gkJFbnJXm","album_type":"album","artists":[{"type":"artist","id":"0K1q0nXQ8is36PzOKAMbNe","external_urls":{"spotify":"https:\/\/open.spotify.com\/artist\/0K1q0nXQ8is36PzOKAMbNe"},"name":"Spoon","uri":"spotify:artist:0K1q0nXQ8is36PzOKAMbNe","href":"https:\/\/api.spotify.com\/v1\/artists\/0K1q0nXQ8is36PzOKAMbNe"}],"release_date_precision":"day","available_markets":[],"type":"album","images":[{"width":640,"url":"https:\/\/i.scdn.co\/image\/ab67616d0000b273c4fba987ae3737064e5a30cb","height":640},{"width":300,"url":"https:\/\/i.scdn.co\/image\/ab67616d00001e02c4fba987ae3737064e5a30cb","height":300},{"width":64,"url":"https:\/\/i.scdn.co\/image\/ab67616d00004851c4fba987ae3737064e5a30cb","height":64}],"release_date":"2008-01-29","external_urls":{"spotify":"https:\/\/open.spotify.com\/album\/5BgOQ4Eqjx7s9gkJFbnJXm"},"name":"Ga Ga Ga Ga Ga"},"track_number":3,"uri":"spotify:track:0BCQKdZ7BocvPThz8f2HYE","artists":[{"type":"artist","id":"0K1q0nXQ8is36PzOKAMbNe","external_urls":{"spotify":"https:\/\/open.spotify.com\/artist\/0K1q0nXQ8is36PzOKAMbNe"},"name":"Spoon","uri":"spotify:artist:0K1q0nXQ8is36PzOKAMbNe","href":"https:\/\/api.spotify.com\/v1\/artists\/0K1q0nXQ8is36PzOKAMbNe"}],"href":"https:\/\/api.spotify.com\/v1\/tracks\/0BCQKdZ7BocvPThz8f2HYE","is_local":false,"popularity":0,"available_markets":[],"disc_number":1,"type":"track","explicit":false,"duration_ms":188640,"external_urls":{"spotify":"https:\/\/open.spotify.com\/track\/0BCQKdZ7BocvPThz8f2HYE"},"name":"You Got Yr. Cherry Bomb"}},{"added_at":"2017-01-24T18:35:19Z","added_by":{"id":"","external_urls":{"spotify":"https:\/\/open.spotify.com\/user\/"},"href":"https:\/\/api.spotify.com\/v1\/users\/","uri":"spotify:user:","type":"user"},"is_local":false,"track":{"id":"3RT6bUy53Jshe5eZqDOmkv","external_ids":{"isrc":"USUG11400502"},"album":{"id":"55TZx6GWm1hlEbRgkGRjma","uri":"spotify:album:55TZx6GWm1hlEbRgkGRjma","href":"https:\/\/api.spotify.com\/v1\/albums\/55TZx6GWm1hlEbRgkGRjma","album_type":"album","artists":[{"type":"artist","id":"0K1q0nXQ8is36PzOKAMbNe","external_urls":{"spotify":"https:\/\/open.spotify.com\/artist\/0K1q0nXQ8is36PzOKAMbNe"},"name":"Spoon","uri":"spotify:artist:0K1q0nXQ8is36PzOKAMbNe","href":"https:\/\/api.spotify.com\/v1\/artists\/0K1q0nXQ8is36PzOKAMbNe"}],"release_date_precision":"day","available_markets":["CA","US"],"type":"album","images":[{"width":640,"url":"https:\/\/i.scdn.co\/image\/ab67616d0000b2739288bc6a8c1f2fca8b5eddf9","height":640},{"width":300,"url":"https:\/\/i.scdn.co\/image\/ab67616d00001e029288bc6a8c1f2fca8b5eddf9","height":300},{"width":64,"url":"https:\/\/i.scdn.co\/image\/ab67616d000048519288bc6a8c1f2fca8b5eddf9","height":64}],"release_date":"2014-08-05","external_urls":{"spotify":"https:\/\/open.spotify.com\/album\/55TZx6GWm1hlEbRgkGRjma"},"name":"They Want My Soul"},"track_number":3,"uri":"spotify:track:3RT6bUy53Jshe5eZqDOmkv","artists":[{"type":"artist","id":"0K1q0nXQ8is36PzOKAMbNe","external_urls":{"spotify":"https:\/\/open.spotify.com\/artist\/0K1q0nXQ8is36PzOKAMbNe"},"name":"Spoon","uri":"spotify:artist:0K1q0nXQ8is36PzOKAMbNe","href":"https:\/\/api.spotify.com\/v1\/artists\/0K1q0nXQ8is36PzOKAMbNe"}],"href":"https:\/\/api.spotify.com\/v1\/tracks\/3RT6bUy53Jshe5eZqDOmkv","is_local":false,"popularity":36,"available_markets":["CA","US"],"disc_number":1,"type":"track","explicit":false,"preview_url":"https:\/\/p.scdn.co\/mp3-preview\/2d7158f9f437d62c3a388ec19490583aa9756bbb?cid=f9b05de1274c4851a2293a540cb8705e","duration_ms":238186,"name":"Rainy Taxi","external_urls":{"spotify":"https:\/\/open.spotify.com\/track\/3RT6bUy53Jshe5eZqDOmkv"}}},{"added_at":"2017-01-24T18:35:19Z","added_by":{"id":"","external_urls":{"spotify":"https:\/\/open.spotify.com\/user\/"},"href":"https:\/\/api.spotify.com\/v1\/users\/","uri":"spotify:user:","type":"user"},"is_local":false,"track":{"id":"1u9677L49089blplYOCN9B","external_ids":{"isrc":"USMRG0540055"},"album":{"id":"6MEVK8Rsm0wzzQ3EQH3Fb3","uri":"spotify:album:6MEVK8Rsm0wzzQ3EQH3Fb3","href":"https:\/\/api.spotify.com\/v1\/albums\/6MEVK8Rsm0wzzQ3EQH3Fb3","album_type":"album","artists":[{"type":"artist","id":"0K1q0nXQ8is36PzOKAMbNe","external_urls":{"spotify":"https:\/\/open.spotify.com\/artist\/0K1q0nXQ8is36PzOKAMbNe"},"name":"Spoon","uri":"spotify:artist:0K1q0nXQ8is36PzOKAMbNe","href":"https:\/\/api.spotify.com\/v1\/artists\/0K1q0nXQ8is36PzOKAMbNe"}],"release_date_precision":"day","available_markets":[],"type":"album","images":[{"width":640,"url":"https:\/\/i.scdn.co\/image\/ab67616d0000b273387cc2c737ad85f21c7245fd","height":640},{"width":300,"url":"https:\/\/i.scdn.co\/image\/ab67616d00001e02387cc2c737ad85f21c7245fd","height":300},{"width":64,"url":"https:\/\/i.scdn.co\/image\/ab67616d00004851387cc2c737ad85f21c7245fd","height":64}],"release_date":"2005-05-09","external_urls":{"spotify":"https:\/\/open.spotify.com\/album\/6MEVK8Rsm0wzzQ3EQH3Fb3"},"name":"Gimme Fiction (Bonus Edition)"},"track_number":7,"uri":"spotify:track:1u9677L49089blplYOCN9B","artists":[{"type":"artist","id":"0K1q0nXQ8is36PzOKAMbNe","external_urls":{"spotify":"https:\/\/open.spotify.com\/artist\/0K1q0nXQ8is36PzOKAMbNe"},"name":"Spoon","uri":"spotify:artist:0K1q0nXQ8is36PzOKAMbNe","href":"https:\/\/api.spotify.com\/v1\/artists\/0K1q0nXQ8is36PzOKAMbNe"}],"href":"https:\/\/api.spotify.com\/v1\/tracks\/1u9677L49089blplYOCN9B","is_local":false,"popularity":0,"available_markets":[],"disc_number":1,"type":"track","explicit":false,"duration_ms":235560,"external_urls":{"spotify":"https:\/\/open.spotify.com\/track\/1u9677L49089blplYOCN9B"},"name":"I Summon You"}},{"added_at":"2017-01-24T18:35:19Z","added_by":{"id":"","external_urls":{"spotify":"https:\/\/open.spotify.com\/user\/"},"href":"https:\/\/api.spotify.com\/v1\/users\/","uri":"spotify:user:","type":"user"},"is_local":false,"track":{"id":"2rgVugn1vNhKuhbdU8v9J2","external_ids":{"isrc":"USMRG0729502"},"album":{"id":"6zEGEx2ZXpiLczrpu5wWqu","uri":"spotify:album:6zEGEx2ZXpiLczrpu5wWqu","href":"https:\/\/api.spotify.com\/v1\/albums\/6zEGEx2ZXpiLczrpu5wWqu","album_type":"album","artists":[{"type":"artist","id":"0K1q0nXQ8is36PzOKAMbNe","external_urls":{"spotify":"https:\/\/open.spotify.com\/artist\/0K1q0nXQ8is36PzOKAMbNe"},"name":"Spoon","uri":"spotify:artist:0K1q0nXQ8is36PzOKAMbNe","href":"https:\/\/api.spotify.com\/v1\/artists\/0K1q0nXQ8is36PzOKAMbNe"}],"release_date_precision":"day","available_markets":[],"type":"album","images":[{"width":640,"url":"https:\/\/i.scdn.co\/image\/ab67616d0000b27318a1310efb512c6e4e2d423a","height":640},{"width":300,"url":"https:\/\/i.scdn.co\/image\/ab67616d00001e0218a1310efb512c6e4e2d423a","height":300},{"width":64,"url":"https:\/\/i.scdn.co\/image\/ab67616d0000485118a1310efb512c6e4e2d423a","height":64}],"release_date":"2007-07-10","external_urls":{"spotify":"https:\/\/open.spotify.com\/album\/6zEGEx2ZXpiLczrpu5wWqu"},"name":"Ga Ga Ga Ga Ga"},"track_number":2,"uri":"spotify:track:2rgVugn1vNhKuhbdU8v9J2","artists":[{"type":"artist","id":"0K1q0nXQ8is36PzOKAMbNe","external_urls":{"spotify":"https:\/\/open.spotify.com\/artist\/0K1q0nXQ8is36PzOKAMbNe"},"name":"Spoon","uri":"spotify:artist:0K1q0nXQ8is36PzOKAMbNe","href":"https:\/\/api.spotify.com\/v1\/artists\/0K1q0nXQ8is36PzOKAMbNe"}],"href":"https:\/\/api.spotify.com\/v1\/tracks\/2rgVugn1vNhKuhbdU8v9J2","is_local":false,"popularity":0,"available_markets":[],"disc_number":1,"type":"track","explicit":false,"duration_ms":214733,"external_urls":{"spotify":"https:\/\/open.spotify.com\/track\/2rgVugn1vNhKuhbdU8v9J2"},"name":"The Ghost of You Lingers"}},{"added_at":"2017-01-24T18:35:19Z","added_by":{"id":"","external_urls":{"spotify":"https:\/\/open.spotify.com\/user\/"},"href":"https:\/\/api.spotify.com\/v1\/users\/","uri":"spotify:user:","type":"user"},"is_local":false,"track":{"id":"6M72OmHBXY1yy3u9qW2MhX","external_ids":{"isrc":"GBAJC0500263"},"album":{"id":"7H9nmPrspydafKNDs24fi2","uri":"spotify:album:7H9nmPrspydafKNDs24fi2","href":"https:\/\/api.spotify.com\/v1\/albums\/7H9nmPrspydafKNDs24fi2","album_type":"compilation","artists":[{"type":"artist","id":"0LyfQWJT6nXafLPZqxe9Of","external_urls":{"spotify":"https:\/\/open.spotify.com\/artist\/0LyfQWJT6nXafLPZqxe9Of"},"name":"Various Artists","uri":"spotify:artist:0LyfQWJT6nXafLPZqxe9Of","href":"https:\/\/api.spotify.com\/v1\/artists\/0LyfQWJT6nXafLPZqxe9Of"}],"release_date_precision":"day","available_markets":[],"type":"album","images":[{"width":640,"url":"https:\/\/i.scdn.co\/image\/ab67616d0000b27390b297f05f2cccd3f408aa49","height":640},{"width":300,"url":"https:\/\/i.scdn.co\/image\/ab67616d00001e0290b297f05f2cccd3f408aa49","height":300},{"width":64,"url":"https:\/\/i.scdn.co\/image\/ab67616d0000485190b297f05f2cccd3f408aa49","height":64}],"release_date":"2005-08-01","external_urls":{"spotify":"https:\/\/open.spotify.com\/album\/7H9nmPrspydafKNDs24fi2"},"name":"Wedding Crashers (Music from and Inspired by the Film)"},"track_number":5,"uri":"spotify:track:6M72OmHBXY1yy3u9qW2MhX","artists":[{"type":"artist","id":"4f29EDma3kUN7G4tLQSNb2","external_urls":{"spotify":"https:\/\/open.spotify.com\/artist\/4f29EDma3kUN7G4tLQSNb2"},"name":"Spoon","uri":"spotify:artist:4f29EDma3kUN7G4tLQSNb2","href":"https:\/\/api.spotify.com\/v1\/artists\/4f29EDma3kUN7G4tLQSNb2"}],"href":"https:\/\/api.spotify.com\/v1\/tracks\/6M72OmHBXY1yy3u9qW2MhX","is_local":false,"popularity":0,"available_markets":[],"disc_number":1,"type":"track","explicit":false,"duration_ms":217026,"external_urls":{"spotify":"https:\/\/open.spotify.com\/track\/6M72OmHBXY1yy3u9qW2MhX"},"name":"Sister Jack"}},{"added_at":"2017-01-24T18:35:19Z","added_by":{"id":"","external_urls":{"spotify":"https:\/\/open.spotify.com\/user\/"},"href":"https:\/\/api.spotify.com\/v1\/users\/","uri":"spotify:user:","type":"user"},"is_local":false,"track":{"id":"0KoqGhlIE6z7Wyil2MN0xh","external_ids":{"isrc":"USUG11400500"},"album":{"id":"55TZx6GWm1hlEbRgkGRjma","uri":"spotify:album:55TZx6GWm1hlEbRgkGRjma","href":"https:\/\/api.spotify.com\/v1\/albums\/55TZx6GWm1hlEbRgkGRjma","album_type":"album","artists":[{"type":"artist","id":"0K1q0nXQ8is36PzOKAMbNe","external_urls":{"spotify":"https:\/\/open.spotify.com\/artist\/0K1q0nXQ8is36PzOKAMbNe"},"name":"Spoon","uri":"spotify:artist:0K1q0nXQ8is36PzOKAMbNe","href":"https:\/\/api.spotify.com\/v1\/artists\/0K1q0nXQ8is36PzOKAMbNe"}],"release_date_precision":"day","available_markets":["CA","US"],"type":"album","images":[{"width":640,"url":"https:\/\/i.scdn.co\/image\/ab67616d0000b2739288bc6a8c1f2fca8b5eddf9","height":640},{"width":300,"url":"https:\/\/i.scdn.co\/image\/ab67616d00001e029288bc6a8c1f2fca8b5eddf9","height":300},{"width":64,"url":"https:\/\/i.scdn.co\/image\/ab67616d000048519288bc6a8c1f2fca8b5eddf9","height":64}],"release_date":"2014-08-05","external_urls":{"spotify":"https:\/\/open.spotify.com\/album\/55TZx6GWm1hlEbRgkGRjma"},"name":"They Want My Soul"},"track_number":1,"uri":"spotify:track:0KoqGhlIE6z7Wyil2MN0xh","artists":[{"type":"artist","id":"0K1q0nXQ8is36PzOKAMbNe","external_urls":{"spotify":"https:\/\/open.spotify.com\/artist\/0K1q0nXQ8is36PzOKAMbNe"},"name":"Spoon","uri":"spotify:artist:0K1q0nXQ8is36PzOKAMbNe","href":"https:\/\/api.spotify.com\/v1\/artists\/0K1q0nXQ8is36PzOKAMbNe"}],"href":"https:\/\/api.spotify.com\/v1\/tracks\/0KoqGhlIE6z7Wyil2MN0xh","is_local":false,"popularity":40,"available_markets":["CA","US"],"disc_number":1,"type":"track","explicit":false,"preview_url":"https:\/\/p.scdn.co\/mp3-preview\/e84ee6705e0a18f0d2a7e270b86c577191aab27c?cid=f9b05de1274c4851a2293a540cb8705e","duration_ms":189493,"name":"Rent I Pay","external_urls":{"spotify":"https:\/\/open.spotify.com\/track\/0KoqGhlIE6z7Wyil2MN0xh"}}},{"added_at":"2017-01-24T18:35:19Z","added_by":{"id":"","external_urls":{"spotify":"https:\/\/open.spotify.com\/user\/"},"href":"https:\/\/api.spotify.com\/v1\/users\/","uri":"spotify:user:","type":"user"},"is_local":false,"track":{"id":"1YxgkNwH62wuCvgmGEFnkp","external_ids":{"isrc":"USMRG0729504"},"album":{"id":"5BgOQ4Eqjx7s9gkJFbnJXm","uri":"spotify:album:5BgOQ4Eqjx7s9gkJFbnJXm","href":"https:\/\/api.spotify.com\/v1\/albums\/5BgOQ4Eqjx7s9gkJFbnJXm","album_type":"album","artists":[{"type":"artist","id":"0K1q0nXQ8is36PzOKAMbNe","external_urls":{"spotify":"https:\/\/open.spotify.com\/artist\/0K1q0nXQ8is36PzOKAMbNe"},"name":"Spoon","uri":"spotify:artist:0K1q0nXQ8is36PzOKAMbNe","href":"https:\/\/api.spotify.com\/v1\/artists\/0K1q0nXQ8is36PzOKAMbNe"}],"release_date_precision":"day","available_markets":[],"type":"album","images":[{"width":640,"url":"https:\/\/i.scdn.co\/image\/ab67616d0000b273c4fba987ae3737064e5a30cb","height":640},{"width":300,"url":"https:\/\/i.scdn.co\/image\/ab67616d00001e02c4fba987ae3737064e5a30cb","height":300},{"width":64,"url":"https:\/\/i.scdn.co\/image\/ab67616d00004851c4fba987ae3737064e5a30cb","height":64}],"release_date":"2008-01-29","external_urls":{"spotify":"https:\/\/open.spotify.com\/album\/5BgOQ4Eqjx7s9gkJFbnJXm"},"name":"Ga Ga Ga Ga Ga"},"track_number":4,"uri":"spotify:track:1YxgkNwH62wuCvgmGEFnkp","artists":[{"type":"artist","id":"0K1q0nXQ8is36PzOKAMbNe","external_urls":{"spotify":"https:\/\/open.spotify.com\/artist\/0K1q0nXQ8is36PzOKAMbNe"},"name":"Spoon","uri":"spotify:artist:0K1q0nXQ8is36PzOKAMbNe","href":"https:\/\/api.spotify.com\/v1\/artists\/0K1q0nXQ8is36PzOKAMbNe"}],"href":"https:\/\/api.spotify.com\/v1\/tracks\/1YxgkNwH62wuCvgmGEFnkp","is_local":false,"popularity":0,"available_markets":[],"disc_number":1,"type":"track","explicit":false,"duration_ms":216613,"external_urls":{"spotify":"https:\/\/open.spotify.com\/track\/1YxgkNwH62wuCvgmGEFnkp"},"name":"Don't You Evah"}},{"added_at":"2017-01-24T18:35:19Z","added_by":{"id":"","external_urls":{"spotify":"https:\/\/open.spotify.com\/user\/"},"href":"https:\/\/api.spotify.com\/v1\/users\/","uri":"spotify:user:","type":"user"},"is_local":false,"track":{"id":"1htoARBSUNF9zWZ7XRoFGq","external_ids":{"isrc":"USMRG1036510"},"album":{"id":"2laFBdVKIFTExgJ46dsRna","uri":"spotify:album:2laFBdVKIFTExgJ46dsRna","href":"https:\/\/api.spotify.com\/v1\/albums\/2laFBdVKIFTExgJ46dsRna","album_type":"album","artists":[{"type":"artist","id":"0K1q0nXQ8is36PzOKAMbNe","external_urls":{"spotify":"https:\/\/open.spotify.com\/artist\/0K1q0nXQ8is36PzOKAMbNe"},"name":"Spoon","uri":"spotify:artist:0K1q0nXQ8is36PzOKAMbNe","href":"https:\/\/api.spotify.com\/v1\/artists\/0K1q0nXQ8is36PzOKAMbNe"}],"release_date_precision":"day","available_markets":[],"type":"album","images":[{"width":640,"url":"https:\/\/i.scdn.co\/image\/ab67616d0000b273710a8a1191f43fab28d86a79","height":640},{"width":300,"url":"https:\/\/i.scdn.co\/image\/ab67616d00001e02710a8a1191f43fab28d86a79","height":300},{"width":64,"url":"https:\/\/i.scdn.co\/image\/ab67616d00004851710a8a1191f43fab28d86a79","height":64}],"release_date":"2010-01-19","external_urls":{"spotify":"https:\/\/open.spotify.com\/album\/2laFBdVKIFTExgJ46dsRna"},"name":"Transference"},"track_number":10,"uri":"spotify:track:1htoARBSUNF9zWZ7XRoFGq","artists":[{"type":"artist","id":"0K1q0nXQ8is36PzOKAMbNe","external_urls":{"spotify":"https:\/\/open.spotify.com\/artist\/0K1q0nXQ8is36PzOKAMbNe"},"name":"Spoon","uri":"spotify:artist:0K1q0nXQ8is36PzOKAMbNe","href":"https:\/\/api.spotify.com\/v1\/artists\/0K1q0nXQ8is36PzOKAMbNe"}],"href":"https:\/\/api.spotify.com\/v1\/tracks\/1htoARBSUNF9zWZ7XRoFGq","is_local":false,"popularity":0,"available_markets":[],"disc_number":1,"type":"track","explicit":false,"duration_ms":238853,"external_urls":{"spotify":"https:\/\/open.spotify.com\/track\/1htoARBSUNF9zWZ7XRoFGq"},"name":"Got Nuffin"}},{"added_at":"2017-01-24T18:35:19Z","added_by":{"id":"","external_urls":{"spotify":"https:\/\/open.spotify.com\/user\/"},"href":"https:\/\/api.spotify.com\/v1\/users\/","uri":"spotify:user:","type":"user"},"is_local":false,"track":{"id":"1pzkEbCMJFjkjApUdb0VMB","external_ids":{"isrc":"USMRG1556504"},"album":{"id":"3umUeoAKPNFzvwmBbiZ4aw","uri":"spotify:album:3umUeoAKPNFzvwmBbiZ4aw","href":"https:\/\/api.spotify.com\/v1\/albums\/3umUeoAKPNFzvwmBbiZ4aw","album_type":"album","artists":[{"type":"artist","id":"0K1q0nXQ8is36PzOKAMbNe","external_urls":{"spotify":"https:\/\/open.spotify.com\/artist\/0K1q0nXQ8is36PzOKAMbNe"},"name":"Spoon","uri":"spotify:artist:0K1q0nXQ8is36PzOKAMbNe","href":"https:\/\/api.spotify.com\/v1\/artists\/0K1q0nXQ8is36PzOKAMbNe"}],"release_date_precision":"day","available_markets":["CA","US"],"type":"album","images":[{"width":640,"url":"https:\/\/i.scdn.co\/image\/ab67616d0000b27307add161d3424a8c9ab9b259","height":640},{"width":300,"url":"https:\/\/i.scdn.co\/image\/ab67616d00001e0207add161d3424a8c9ab9b259","height":300},{"width":64,"url":"https:\/\/i.scdn.co\/image\/ab67616d0000485107add161d3424a8c9ab9b259","height":64}],"release_date":"2005-05-10","external_urls":{"spotify":"https:\/\/open.spotify.com\/album\/3umUeoAKPNFzvwmBbiZ4aw"},"name":"Gimme Fiction (2015 Remaster)"},"track_number":4,"uri":"spotify:track:1pzkEbCMJFjkjApUdb0VMB","artists":[{"type":"artist","id":"0K1q0nXQ8is36PzOKAMbNe","external_urls":{"spotify":"https:\/\/open.spotify.com\/artist\/0K1q0nXQ8is36PzOKAMbNe"},"name":"Spoon","uri":"spotify:artist:0K1q0nXQ8is36PzOKAMbNe","href":"https:\/\/api.spotify.com\/v1\/artists\/0K1q0nXQ8is36PzOKAMbNe"}],"href":"https:\/\/api.spotify.com\/v1\/tracks\/1pzkEbCMJFjkjApUdb0VMB","is_local":false,"popularity":35,"available_markets":["CA","US"],"disc_number":1,"type":"track","explicit":false,"preview_url":"https:\/\/p.scdn.co\/mp3-preview\/ae35ea17527749dadc90fab6a72a92711e7128fc?cid=f9b05de1274c4851a2293a540cb8705e","duration_ms":302186,"name":"My Mathematical Mind","external_urls":{"spotify":"https:\/\/open.spotify.com\/track\/1pzkEbCMJFjkjApUdb0VMB"}}},{"added_at":"2017-01-24T18:35:19Z","added_by":{"id":"","external_urls":{"spotify":"https:\/\/open.spotify.com\/user\/"},"href":"https:\/\/api.spotify.com\/v1\/users\/","uri":"spotify:user:","type":"user"},"is_local":false,"track":{"id":"5a2Os6lBC2S8BPdkJ8LYqb","external_ids":{"isrc":"USMRG1036507"},"album":{"id":"2laFBdVKIFTExgJ46dsRna","uri":"spotify:album:2laFBdVKIFTExgJ46dsRna","href":"https:\/\/api.spotify.com\/v1\/albums\/2laFBdVKIFTExgJ46dsRna","album_type":"album","artists":[{"type":"artist","id":"0K1q0nXQ8is36PzOKAMbNe","external_urls":{"spotify":"https:\/\/open.spotify.com\/artist\/0K1q0nXQ8is36PzOKAMbNe"},"name":"Spoon","uri":"spotify:artist:0K1q0nXQ8is36PzOKAMbNe","href":"https:\/\/api.spotify.com\/v1\/artists\/0K1q0nXQ8is36PzOKAMbNe"}],"release_date_precision":"day","available_markets":[],"type":"album","images":[{"width":640,"url":"https:\/\/i.scdn.co\/image\/ab67616d0000b273710a8a1191f43fab28d86a79","height":640},{"width":300,"url":"https:\/\/i.scdn.co\/image\/ab67616d00001e02710a8a1191f43fab28d86a79","height":300},{"width":64,"url":"https:\/\/i.scdn.co\/image\/ab67616d00004851710a8a1191f43fab28d86a79","height":64}],"release_date":"2010-01-19","external_urls":{"spotify":"https:\/\/open.spotify.com\/album\/2laFBdVKIFTExgJ46dsRna"},"name":"Transference"},"track_number":7,"uri":"spotify:track:5a2Os6lBC2S8BPdkJ8LYqb","artists":[{"type":"artist","id":"0K1q0nXQ8is36PzOKAMbNe","external_urls":{"spotify":"https:\/\/open.spotify.com\/artist\/0K1q0nXQ8is36PzOKAMbNe"},"name":"Spoon","uri":"spotify:artist:0K1q0nXQ8is36PzOKAMbNe","href":"https:\/\/api.spotify.com\/v1\/artists\/0K1q0nXQ8is36PzOKAMbNe"}],"href":"https:\/\/api.spotify.com\/v1\/tracks\/5a2Os6lBC2S8BPdkJ8LYqb","is_local":false,"popularity":0,"available_markets":[],"disc_number":1,"type":"track","explicit":false,"duration_ms":185760,"external_urls":{"spotify":"https:\/\/open.spotify.com\/track\/5a2Os6lBC2S8BPdkJ8LYqb"},"name":"Trouble Comes Running"}},{"added_at":"2017-01-24T18:35:19Z","added_by":{"id":"","external_urls":{"spotify":"https:\/\/open.spotify.com\/user\/"},"href":"https:\/\/api.spotify.com\/v1\/users\/","uri":"spotify:user:","type":"user"},"is_local":false,"track":{"id":"2IKEEp2fz5CR2SkBQaDl1E","external_ids":{"isrc":"USMRG0629005"},"album":{"id":"36Ma9J7DDd1OCjntsty7D7","uri":"spotify:album:36Ma9J7DDd1OCjntsty7D7","href":"https:\/\/api.spotify.com\/v1\/albums\/36Ma9J7DDd1OCjntsty7D7","album_type":"compilation","artists":[{"type":"artist","id":"0K1q0nXQ8is36PzOKAMbNe","external_urls":{"spotify":"https:\/\/open.spotify.com\/artist\/0K1q0nXQ8is36PzOKAMbNe"},"name":"Spoon","uri":"spotify:artist:0K1q0nXQ8is36PzOKAMbNe","href":"https:\/\/api.spotify.com\/v1\/artists\/0K1q0nXQ8is36PzOKAMbNe"}],"release_date_precision":"day","available_markets":[],"type":"album","images":[{"width":640,"url":"https:\/\/i.scdn.co\/image\/ab67616d0000b273f3e5d254fa1ba219a306feeb","height":640},{"width":300,"url":"https:\/\/i.scdn.co\/image\/ab67616d00001e02f3e5d254fa1ba219a306feeb","height":300},{"width":64,"url":"https:\/\/i.scdn.co\/image\/ab67616d00004851f3e5d254fa1ba219a306feeb","height":64}],"release_date":"2006-07-25","external_urls":{"spotify":"https:\/\/open.spotify.com\/album\/36Ma9J7DDd1OCjntsty7D7"},"name":"Telephono \/ Soft Effects"},"track_number":5,"uri":"spotify:track:2IKEEp2fz5CR2SkBQaDl1E","artists":[{"type":"artist","id":"0K1q0nXQ8is36PzOKAMbNe","external_urls":{"spotify":"https:\/\/open.spotify.com\/artist\/0K1q0nXQ8is36PzOKAMbNe"},"name":"Spoon","uri":"spotify:artist:0K1q0nXQ8is36PzOKAMbNe","href":"https:\/\/api.spotify.com\/v1\/artists\/0K1q0nXQ8is36PzOKAMbNe"}],"href":"https:\/\/api.spotify.com\/v1\/tracks\/2IKEEp2fz5CR2SkBQaDl1E","is_local":false,"popularity":0,"available_markets":[],"disc_number":1,"type":"track","explicit":false,"duration_ms":167280,"external_urls":{"spotify":"https:\/\/open.spotify.com\/track\/2IKEEp2fz5CR2SkBQaDl1E"},"name":"Nefarious"}},{"added_at":"2017-01-24T18:35:19Z","added_by":{"id":"","external_urls":{"spotify":"https:\/\/open.spotify.com\/user\/"},"href":"https:\/\/api.spotify.com\/v1\/users\/","uri":"spotify:user:","type":"user"},"is_local":false,"track":{"id":"32Jp3Ul1gnM8QL86288CMu","external_ids":{"isrc":"USMRG0729510"},"album":{"id":"5BgOQ4Eqjx7s9gkJFbnJXm","uri":"spotify:album:5BgOQ4Eqjx7s9gkJFbnJXm","href":"https:\/\/api.spotify.com\/v1\/albums\/5BgOQ4Eqjx7s9gkJFbnJXm","album_type":"album","artists":[{"type":"artist","id":"0K1q0nXQ8is36PzOKAMbNe","external_urls":{"spotify":"https:\/\/open.spotify.com\/artist\/0K1q0nXQ8is36PzOKAMbNe"},"name":"Spoon","uri":"spotify:artist:0K1q0nXQ8is36PzOKAMbNe","href":"https:\/\/api.spotify.com\/v1\/artists\/0K1q0nXQ8is36PzOKAMbNe"}],"release_date_precision":"day","available_markets":[],"type":"album","images":[{"width":640,"url":"https:\/\/i.scdn.co\/image\/ab67616d0000b273c4fba987ae3737064e5a30cb","height":640},{"width":300,"url":"https:\/\/i.scdn.co\/image\/ab67616d00001e02c4fba987ae3737064e5a30cb","height":300},{"width":64,"url":"https:\/\/i.scdn.co\/image\/ab67616d00004851c4fba987ae3737064e5a30cb","height":64}],"release_date":"2008-01-29","external_urls":{"spotify":"https:\/\/open.spotify.com\/album\/5BgOQ4Eqjx7s9gkJFbnJXm"},"name":"Ga Ga Ga Ga Ga"},"track_number":10,"uri":"spotify:track:32Jp3Ul1gnM8QL86288CMu","artists":[{"type":"artist","id":"0K1q0nXQ8is36PzOKAMbNe","external_urls":{"spotify":"https:\/\/open.spotify.com\/artist\/0K1q0nXQ8is36PzOKAMbNe"},"name":"Spoon","uri":"spotify:artist:0K1q0nXQ8is36PzOKAMbNe","href":"https:\/\/api.spotify.com\/v1\/artists\/0K1q0nXQ8is36PzOKAMbNe"}],"href":"https:\/\/api.spotify.com\/v1\/tracks\/32Jp3Ul1gnM8QL86288CMu","is_local":false,"popularity":0,"available_markets":[],"disc_number":1,"type":"track","explicit":false,"duration_ms":205893,"external_urls":{"spotify":"https:\/\/open.spotify.com\/track\/32Jp3Ul1gnM8QL86288CMu"},"name":"Black Like Me"}},{"added_at":"2017-01-24T18:35:19Z","added_by":{"id":"","external_urls":{"spotify":"https:\/\/open.spotify.com\/user\/"},"href":"https:\/\/api.spotify.com\/v1\/users\/","uri":"spotify:user:","type":"user"},"is_local":false,"track":{"id":"7bNZXO2ZmSYFYzAEc9mlVp","external_ids":{"isrc":"USMRG0540050"},"album":{"id":"6MEVK8Rsm0wzzQ3EQH3Fb3","uri":"spotify:album:6MEVK8Rsm0wzzQ3EQH3Fb3","href":"https:\/\/api.spotify.com\/v1\/albums\/6MEVK8Rsm0wzzQ3EQH3Fb3","album_type":"album","artists":[{"type":"artist","id":"0K1q0nXQ8is36PzOKAMbNe","external_urls":{"spotify":"https:\/\/open.spotify.com\/artist\/0K1q0nXQ8is36PzOKAMbNe"},"name":"Spoon","uri":"spotify:artist:0K1q0nXQ8is36PzOKAMbNe","href":"https:\/\/api.spotify.com\/v1\/artists\/0K1q0nXQ8is36PzOKAMbNe"}],"release_date_precision":"day","available_markets":[],"type":"album","images":[{"width":640,"url":"https:\/\/i.scdn.co\/image\/ab67616d0000b273387cc2c737ad85f21c7245fd","height":640},{"width":300,"url":"https:\/\/i.scdn.co\/image\/ab67616d00001e02387cc2c737ad85f21c7245fd","height":300},{"width":64,"url":"https:\/\/i.scdn.co\/image\/ab67616d00004851387cc2c737ad85f21c7245fd","height":64}],"release_date":"2005-05-09","external_urls":{"spotify":"https:\/\/open.spotify.com\/album\/6MEVK8Rsm0wzzQ3EQH3Fb3"},"name":"Gimme Fiction (Bonus Edition)"},"track_number":2,"uri":"spotify:track:7bNZXO2ZmSYFYzAEc9mlVp","artists":[{"type":"artist","id":"0K1q0nXQ8is36PzOKAMbNe","external_urls":{"spotify":"https:\/\/open.spotify.com\/artist\/0K1q0nXQ8is36PzOKAMbNe"},"name":"Spoon","uri":"spotify:artist:0K1q0nXQ8is36PzOKAMbNe","href":"https:\/\/api.spotify.com\/v1\/artists\/0K1q0nXQ8is36PzOKAMbNe"}],"href":"https:\/\/api.spotify.com\/v1\/tracks\/7bNZXO2ZmSYFYzAEc9mlVp","is_local":false,"popularity":0,"available_markets":[],"disc_number":1,"type":"track","explicit":false,"duration_ms":178266,"external_urls":{"spotify":"https:\/\/open.spotify.com\/track\/7bNZXO2ZmSYFYzAEc9mlVp"},"name":"The Two Sides Of Monsieur Valentine"}},{"added_at":"2017-01-24T18:35:19Z","added_by":{"id":"","external_urls":{"spotify":"https:\/\/open.spotify.com\/user\/"},"href":"https:\/\/api.spotify.com\/v1\/users\/","uri":"spotify:user:","type":"user"},"is_local":false,"track":{"id":"3YBLAW1bQ0X0CYk3v70RK9","external_ids":{"isrc":"USMRG1036502"},"album":{"id":"2laFBdVKIFTExgJ46dsRna","uri":"spotify:album:2laFBdVKIFTExgJ46dsRna","href":"https:\/\/api.spotify.com\/v1\/albums\/2laFBdVKIFTExgJ46dsRna","album_type":"album","artists":[{"type":"artist","id":"0K1q0nXQ8is36PzOKAMbNe","external_urls":{"spotify":"https:\/\/open.spotify.com\/artist\/0K1q0nXQ8is36PzOKAMbNe"},"name":"Spoon","uri":"spotify:artist:0K1q0nXQ8is36PzOKAMbNe","href":"https:\/\/api.spotify.com\/v1\/artists\/0K1q0nXQ8is36PzOKAMbNe"}],"release_date_precision":"day","available_markets":[],"type":"album","images":[{"width":640,"url":"https:\/\/i.scdn.co\/image\/ab67616d0000b273710a8a1191f43fab28d86a79","height":640},{"width":300,"url":"https:\/\/i.scdn.co\/image\/ab67616d00001e02710a8a1191f43fab28d86a79","height":300},{"width":64,"url":"https:\/\/i.scdn.co\/image\/ab67616d00004851710a8a1191f43fab28d86a79","height":64}],"release_date":"2010-01-19","external_urls":{"spotify":"https:\/\/open.spotify.com\/album\/2laFBdVKIFTExgJ46dsRna"},"name":"Transference"},"track_number":2,"uri":"spotify:track:3YBLAW1bQ0X0CYk3v70RK9","artists":[{"type":"artist","id":"0K1q0nXQ8is36PzOKAMbNe","external_urls":{"spotify":"https:\/\/open.spotify.com\/artist\/0K1q0nXQ8is36PzOKAMbNe"},"name":"Spoon","uri":"spotify:artist:0K1q0nXQ8is36PzOKAMbNe","href":"https:\/\/api.spotify.com\/v1\/artists\/0K1q0nXQ8is36PzOKAMbNe"}],"href":"https:\/\/api.spotify.com\/v1\/tracks\/3YBLAW1bQ0X0CYk3v70RK9","is_local":false,"popularity":0,"available_markets":[],"disc_number":1,"type":"track","explicit":false,"duration_ms":127213,"external_urls":{"spotify":"https:\/\/open.spotify.com\/track\/3YBLAW1bQ0X0CYk3v70RK9"},"name":"Is Love Forever?"}},{"added_at":"2017-01-24T18:35:19Z","added_by":{"id":"","external_urls":{"spotify":"https:\/\/open.spotify.com\/user\/"},"href":"https:\/\/api.spotify.com\/v1\/users\/","uri":"spotify:user:","type":"user"},"is_local":false,"track":{"id":"3nitZCvnTwDu8uXbwvUxvV","external_ids":{"isrc":"USMRG0340011"},"album":{"id":"1hUGL6I8U1hYzsapYlG5b8","uri":"spotify:album:1hUGL6I8U1hYzsapYlG5b8","href":"https:\/\/api.spotify.com\/v1\/albums\/1hUGL6I8U1hYzsapYlG5b8","album_type":"album","artists":[{"type":"artist","id":"0K1q0nXQ8is36PzOKAMbNe","external_urls":{"spotify":"https:\/\/open.spotify.com\/artist\/0K1q0nXQ8is36PzOKAMbNe"},"name":"Spoon","uri":"spotify:artist:0K1q0nXQ8is36PzOKAMbNe","href":"https:\/\/api.spotify.com\/v1\/artists\/0K1q0nXQ8is36PzOKAMbNe"}],"release_date_precision":"day","available_markets":[],"type":"album","images":[{"width":640,"url":"https:\/\/i.scdn.co\/image\/ab67616d0000b2732d0b4bc068fdd893c4905d69","height":640},{"width":300,"url":"https:\/\/i.scdn.co\/image\/ab67616d00001e022d0b4bc068fdd893c4905d69","height":300},{"width":64,"url":"https:\/\/i.scdn.co\/image\/ab67616d000048512d0b4bc068fdd893c4905d69","height":64}],"release_date":"2001-02-20","external_urls":{"spotify":"https:\/\/open.spotify.com\/album\/1hUGL6I8U1hYzsapYlG5b8"},"name":"Girls Can Tell"},"track_number":6,"uri":"spotify:track:3nitZCvnTwDu8uXbwvUxvV","artists":[{"type":"artist","id":"0K1q0nXQ8is36PzOKAMbNe","external_urls":{"spotify":"https:\/\/open.spotify.com\/artist\/0K1q0nXQ8is36PzOKAMbNe"},"name":"Spoon","uri":"spotify:artist:0K1q0nXQ8is36PzOKAMbNe","href":"https:\/\/api.spotify.com\/v1\/artists\/0K1q0nXQ8is36PzOKAMbNe"}],"href":"https:\/\/api.spotify.com\/v1\/tracks\/3nitZCvnTwDu8uXbwvUxvV","is_local":false,"popularity":0,"available_markets":[],"disc_number":1,"type":"track","explicit":false,"duration_ms":136786,"external_urls":{"spotify":"https:\/\/open.spotify.com\/track\/3nitZCvnTwDu8uXbwvUxvV"},"name":"Anything You Want"}},{"added_at":"2017-01-24T18:35:19Z","added_by":{"id":"","external_urls":{"spotify":"https:\/\/open.spotify.com\/user\/"},"href":"https:\/\/api.spotify.com\/v1\/users\/","uri":"spotify:user:","type":"user"},"is_local":false,"track":{"id":"677PTM2mV1gIUYelRmWqZb","external_ids":{"isrc":"USMRG0340036"},"album":{"id":"0v3Pue4UjRmcwluqtcXw79","uri":"spotify:album:0v3Pue4UjRmcwluqtcXw79","href":"https:\/\/api.spotify.com\/v1\/albums\/0v3Pue4UjRmcwluqtcXw79","album_type":"album","artists":[{"type":"artist","id":"0K1q0nXQ8is36PzOKAMbNe","external_urls":{"spotify":"https:\/\/open.spotify.com\/artist\/0K1q0nXQ8is36PzOKAMbNe"},"name":"Spoon","uri":"spotify:artist:0K1q0nXQ8is36PzOKAMbNe","href":"https:\/\/api.spotify.com\/v1\/artists\/0K1q0nXQ8is36PzOKAMbNe"}],"release_date_precision":"day","available_markets":[],"type":"album","images":[{"width":640,"url":"https:\/\/i.scdn.co\/image\/ab67616d0000b273d5afcf7e1ed72a32f9977212","height":640},{"width":300,"url":"https:\/\/i.scdn.co\/image\/ab67616d00001e02d5afcf7e1ed72a32f9977212","height":300},{"width":64,"url":"https:\/\/i.scdn.co\/image\/ab67616d00004851d5afcf7e1ed72a32f9977212","height":64}],"release_date":"2002-08-20","external_urls":{"spotify":"https:\/\/open.spotify.com\/album\/0v3Pue4UjRmcwluqtcXw79"},"name":"Kill the Moonlight"},"track_number":1,"uri":"spotify:track:677PTM2mV1gIUYelRmWqZb","artists":[{"type":"artist","id":"0K1q0nXQ8is36PzOKAMbNe","external_urls":{"spotify":"https:\/\/open.spotify.com\/artist\/0K1q0nXQ8is36PzOKAMbNe"},"name":"Spoon","uri":"spotify:artist:0K1q0nXQ8is36PzOKAMbNe","href":"https:\/\/api.spotify.com\/v1\/artists\/0K1q0nXQ8is36PzOKAMbNe"}],"href":"https:\/\/api.spotify.com\/v1\/tracks\/677PTM2mV1gIUYelRmWqZb","is_local":false,"popularity":0,"available_markets":[],"disc_number":1,"type":"track","explicit":false,"duration_ms":180573,"external_urls":{"spotify":"https:\/\/open.spotify.com\/track\/677PTM2mV1gIUYelRmWqZb"},"name":"Small Stakes"}},{"added_at":"2017-01-24T18:35:19Z","added_by":{"id":"","external_urls":{"spotify":"https:\/\/open.spotify.com\/user\/"},"href":"https:\/\/api.spotify.com\/v1\/users\/","uri":"spotify:user:","type":"user"},"is_local":false,"track":{"id":"6ABkW3yM1nNPSLafxW4VTZ","external_ids":{"isrc":"US2U60602902"},"album":{"id":"1JtqL2g2vfI0m2vP0bVuKZ","uri":"spotify:album:1JtqL2g2vfI0m2vP0bVuKZ","href":"https:\/\/api.spotify.com\/v1\/albums\/1JtqL2g2vfI0m2vP0bVuKZ","album_type":"single","artists":[{"type":"artist","id":"0K1q0nXQ8is36PzOKAMbNe","external_urls":{"spotify":"https:\/\/open.spotify.com\/artist\/0K1q0nXQ8is36PzOKAMbNe"},"name":"Spoon","uri":"spotify:artist:0K1q0nXQ8is36PzOKAMbNe","href":"https:\/\/api.spotify.com\/v1\/artists\/0K1q0nXQ8is36PzOKAMbNe"}],"release_date_precision":"day","available_markets":["AD","AE","AL","AR","AT","AU","BA","BE","BG","BH","BO","BR","BY","CA","CH","CL","CO","CR","CY","CZ","DE","DK","DO","DZ","EC","EE","EG","ES","FI","FR","GB","GR","GT","HK","HN","HR","HU","ID","IE","IL","IN","IS","IT","JO","JP","KW","KZ","LB","LI","LT","LU","LV","MA","MC","MD","ME","MK","MT","MX","MY","NI","NL","NO","NZ","OM","PA","PE","PH","PL","PS","PT","PY","QA","RO","RS","RU","SA","SE","SG","SI","SK","SV","TH","TN","TR","TW","UA","US","UY","VN","XK","ZA"],"type":"album","images":[{"width":640,"url":"https:\/\/i.scdn.co\/image\/ab67616d0000b273eee0ae383a2c73e9e57caea8","height":640},{"width":300,"url":"https:\/\/i.scdn.co\/image\/ab67616d00001e02eee0ae383a2c73e9e57caea8","height":300},{"width":64,"url":"https:\/\/i.scdn.co\/image\/ab67616d00004851eee0ae383a2c73e9e57caea8","height":64}],"release_date":"1999-11-01","external_urls":{"spotify":"https:\/\/open.spotify.com\/album\/1JtqL2g2vfI0m2vP0bVuKZ"},"name":"The Agony Of Laffitte"},"track_number":2,"uri":"spotify:track:6ABkW3yM1nNPSLafxW4VTZ","artists":[{"type":"artist","id":"0K1q0nXQ8is36PzOKAMbNe","external_urls":{"spotify":"https:\/\/open.spotify.com\/artist\/0K1q0nXQ8is36PzOKAMbNe"},"name":"Spoon","uri":"spotify:artist:0K1q0nXQ8is36PzOKAMbNe","href":"https:\/\/api.spotify.com\/v1\/artists\/0K1q0nXQ8is36PzOKAMbNe"}],"href":"https:\/\/api.spotify.com\/v1\/tracks\/6ABkW3yM1nNPSLafxW4VTZ","is_local":false,"popularity":27,"available_markets":["AD","AE","AL","AR","AT","AU","BA","BE","BG","BH","BO","BR","BY","CA","CH","CL","CO","CR","CY","CZ","DE","DK","DO","DZ","EC","EE","EG","ES","FI","FR","GB","GR","GT","HK","HN","HR","HU","ID","IE","IL","IN","IS","IT","JO","JP","KW","KZ","LB","LI","LT","LU","LV","MA","MC","MD","ME","MK","MT","MX","MY","NI","NL","NO","NZ","OM","PA","PE","PH","PL","PS","PT","PY","QA","RO","RS","RU","SA","SE","SG","SI","SK","SV","TH","TN","TR","TW","UA","US","UY","VN","XK","ZA"],"disc_number":1,"type":"track","explicit":false,"preview_url":"https:\/\/p.scdn.co\/mp3-preview\/67abfd3df25362b25dfcc7430ac8b86ecf299b62?cid=f9b05de1274c4851a2293a540cb8705e","duration_ms":227226,"name":"Laffitte Don't Fail Me Now","external_urls":{"spotify":"https:\/\/open.spotify.com\/track\/6ABkW3yM1nNPSLafxW4VTZ"}}}],"href":"https:\/\/api.spotify.com\/v1\/playlists\/37i9dQZF1DX3zc219hYxy3\/tracks?offset=0&limit=100&additional_types=track","offset":0,"limit":100}