{"external_urls":{"spotify":"https:\/\/open.spotify.com\/playlist\/37i9dQZF1DX1XDyq5cTk95"},"id":"37i9dQZF1DX1XDyq5cTk95","description":"The essential Radiohead, all in one playlist.","tracks":{"total":67,"href":"https:\/\/api.spotify.com\/v1\/playlists\/37i9dQZF1DX1XDyq5cTk95\/tracks"},"uri":"spotify:playlist:37i9dQZF1DX1XDyq5cTk95","href":"https:\/\/api.spotify.com\/v1\/playlists\/37i9dQZF1DX1XDyq5cTk95","owner":{"id":"spotify","display_name":"Spotify","external_urls":{"spotify":"https:\/\/open.spotify.com\/user\/spotify"},"href":"https:\/\/api.spotify.com\/v1\/users\/spotify","uri":"spotify:user:spotify","type":"user"},"name":"This Is Radiohead","collaborative":false,"images":[{"url":"https:\/\/i.scdn.co\/image\/ab67706f000000038981ea633dea6cb2aaf72f43"}],"public":false,"snapshot_id":"MTYwMTQ3ODE4MywwMDAwMDAxZDAwMDAwMTc0ZGY4OWNhYjEwMDAwMDE3NGRmODNjNDFj","type":"playlist"}